source_site,source_category_id,parent_source_category_id,category_name,level,source_category_path,source_url,top_category_name,is_book,is_leaf
新华书店网,33,,文学艺术,1,文学艺术,https://search.xhsd.com/search?frontCategoryId=33,文学艺术,1,0
新华书店网,41,33,小说,2,文学艺术>小说,https://search.xhsd.com/search?frontCategoryId=41,文学艺术,1,0
新华书店网,86,41,中国小说,3,文学艺术>小说>中国小说,https://search.xhsd.com/search?frontCategoryId=86,文学艺术,1,1
新华书店网,87,41,外国小说,3,文学艺术>小说>外国小说,https://search.xhsd.com/search?frontCategoryId=87,文学艺术,1,1
新华书店网,42,33,文学,2,文学艺术>文学,https://search.xhsd.com/search?frontCategoryId=42,文学艺术,1,0
新华书店网,90,42,外国文学,3,文学艺术>文学>外国文学,https://search.xhsd.com/search?frontCategoryId=90,文学艺术,1,1
新华书店网,91,42,中国文学,3,文学艺术>文学>中国文学,https://search.xhsd.com/search?frontCategoryId=91,文学艺术,1,1
新华书店网,202,42,文学理论,3,文学艺术>文学>文学理论,https://search.xhsd.com/search?frontCategoryId=202,文学艺术,1,1
新华书店网,43,33,艺术,2,文学艺术>艺术,https://search.xhsd.com/search?frontCategoryId=43,文学艺术,1,0
新华书店网,94,43,摄影,3,文学艺术>艺术>摄影,https://search.xhsd.com/search?frontCategoryId=94,文学艺术,1,1
新华书店网,95,43,鉴赏收藏,3,文学艺术>艺术>鉴赏收藏,https://search.xhsd.com/search?frontCategoryId=95,文学艺术,1,1
新华书店网,96,43,艺术概论,3,文学艺术>艺术>艺术概论,https://search.xhsd.com/search?frontCategoryId=96,文学艺术,1,1
新华书店网,204,43,音乐舞蹈,3,文学艺术>艺术>音乐舞蹈,https://search.xhsd.com/search?frontCategoryId=204,文学艺术,1,1
新华书店网,205,43,书法篆刻,3,文学艺术>艺术>书法篆刻,https://search.xhsd.com/search?frontCategoryId=205,文学艺术,1,1
新华书店网,206,43,戏剧影视,3,文学艺术>艺术>戏剧影视,https://search.xhsd.com/search?frontCategoryId=206,文学艺术,1,1
新华书店网,207,43,绘画雕塑,3,文学艺术>艺术>绘画雕塑,https://search.xhsd.com/search?frontCategoryId=207,文学艺术,1,1
新华书店网,44,33,传记,2,文学艺术>传记,https://search.xhsd.com/search?frontCategoryId=44,文学艺术,1,0
新华书店网,183,44,传记,3,文学艺术>传记>传记,https://search.xhsd.com/search?frontCategoryId=183,文学艺术,1,1
新华书店网,34,,人文社科,1,人文社科,https://search.xhsd.com/search?frontCategoryId=34,人文社科,1,0
新华书店网,45,34,历史,2,人文社科>历史,https://search.xhsd.com/search?frontCategoryId=45,人文社科,1,0
新华书店网,188,45,世界史,3,人文社科>历史>世界史,https://search.xhsd.com/search?frontCategoryId=188,人文社科,1,1
新华书店网,189,45,中国史,3,人文社科>历史>中国史,https://search.xhsd.com/search?frontCategoryId=189,人文社科,1,1
新华书店网,190,45,考古文物,3,人文社科>历史>考古文物,https://search.xhsd.com/search?frontCategoryId=190,人文社科,1,1
新华书店网,191,45,史学理论,3,人文社科>历史>史学理论,https://search.xhsd.com/search?frontCategoryId=191,人文社科,1,1
新华书店网,46,34,哲学宗教,2,人文社科>哲学宗教,https://search.xhsd.com/search?frontCategoryId=46,人文社科,1,0
新华书店网,103,46,中国哲学,3,人文社科>哲学宗教>中国哲学,https://search.xhsd.com/search?frontCategoryId=103,人文社科,1,1
新华书店网,104,46,西方哲学,3,人文社科>哲学宗教>西方哲学,https://search.xhsd.com/search?frontCategoryId=104,人文社科,1,1
新华书店网,105,46,哲学总论,3,人文社科>哲学宗教>哲学总论,https://search.xhsd.com/search?frontCategoryId=105,人文社科,1,1
新华书店网,106,46,马列著作,3,人文社科>哲学宗教>马列著作,https://search.xhsd.com/search?frontCategoryId=106,人文社科,1,1
新华书店网,107,46,逻辑学,3,人文社科>哲学宗教>逻辑学,https://search.xhsd.com/search?frontCategoryId=107,人文社科,1,1
新华书店网,108,46,宗教,3,人文社科>哲学宗教>宗教,https://search.xhsd.com/search?frontCategoryId=108,人文社科,1,1
新华书店网,194,46,伦理学,3,人文社科>哲学宗教>伦理学,https://search.xhsd.com/search?frontCategoryId=194,人文社科,1,1
新华书店网,195,46,美学,3,人文社科>哲学宗教>美学,https://search.xhsd.com/search?frontCategoryId=195,人文社科,1,1
新华书店网,47,34,法律,2,人文社科>法律,https://search.xhsd.com/search?frontCategoryId=47,人文社科,1,0
新华书店网,100,47,法律法规,3,人文社科>法律>法律法规,https://search.xhsd.com/search?frontCategoryId=100,人文社科,1,1
新华书店网,101,47,法学理论,3,人文社科>法律>法学理论,https://search.xhsd.com/search?frontCategoryId=101,人文社科,1,1
新华书店网,102,47,法律科普,3,人文社科>法律>法律科普,https://search.xhsd.com/search?frontCategoryId=102,人文社科,1,1
新华书店网,196,47,中国法律,3,人文社科>法律>中国法律,https://search.xhsd.com/search?frontCategoryId=196,人文社科,1,1
新华书店网,197,47,外国及港澳台法律,3,人文社科>法律>外国及港澳台法律,https://search.xhsd.com/search?frontCategoryId=197,人文社科,1,1
新华书店网,48,34,心理,2,人文社科>心理,https://search.xhsd.com/search?frontCategoryId=48,人文社科,1,0
新华书店网,192,48,心理学百科,3,人文社科>心理>心理学百科,https://search.xhsd.com/search?frontCategoryId=192,人文社科,1,1
新华书店网,193,48,变态/病态心理学,3,人文社科>心理>变态/病态心理学,https://search.xhsd.com/search?frontCategoryId=193,人文社科,1,1
新华书店网,49,34,政治军事,2,人文社科>政治军事,https://search.xhsd.com/search?frontCategoryId=49,人文社科,1,0
新华书店网,109,49,党政读物,3,人文社科>政治军事>党政读物,https://search.xhsd.com/search?frontCategoryId=109,人文社科,1,1
新华书店网,110,49,中国政治,3,人文社科>政治军事>中国政治,https://search.xhsd.com/search?frontCategoryId=110,人文社科,1,1
新华书店网,111,49,世界政治,3,人文社科>政治军事>世界政治,https://search.xhsd.com/search?frontCategoryId=111,人文社科,1,1
新华书店网,198,49,中国军事,3,人文社科>政治军事>中国军事,https://search.xhsd.com/search?frontCategoryId=198,人文社科,1,1
新华书店网,199,49,军事理论,3,人文社科>政治军事>军事理论,https://search.xhsd.com/search?frontCategoryId=199,人文社科,1,1
新华书店网,200,49,国际关系,3,人文社科>政治军事>国际关系,https://search.xhsd.com/search?frontCategoryId=200,人文社科,1,1
新华书店网,201,49,政治理论,3,人文社科>政治军事>政治理论,https://search.xhsd.com/search?frontCategoryId=201,人文社科,1,1
新华书店网,50,34,社会科学,2,人文社科>社会科学,https://search.xhsd.com/search?frontCategoryId=50,人文社科,1,0
新华书店网,208,50,社会科学总论,3,人文社科>社会科学>社会科学总论,https://search.xhsd.com/search?frontCategoryId=208,人文社科,1,1
新华书店网,209,50,社会学,3,人文社科>社会科学>社会学,https://search.xhsd.com/search?frontCategoryId=209,人文社科,1,1
新华书店网,210,50,语言文字,3,人文社科>社会科学>语言文字,https://search.xhsd.com/search?frontCategoryId=210,人文社科,1,1
新华书店网,51,34,文化,2,人文社科>文化,https://search.xhsd.com/search?frontCategoryId=51,人文社科,1,0
新华书店网,97,51,文化理论,3,人文社科>文化>文化理论,https://search.xhsd.com/search?frontCategoryId=97,人文社科,1,1
新华书店网,98,51,民族/民俗文化,3,人文社科>文化>民族/民俗文化,https://search.xhsd.com/search?frontCategoryId=98,人文社科,1,1
新华书店网,99,51,地域文化,3,人文社科>文化>地域文化,https://search.xhsd.com/search?frontCategoryId=99,人文社科,1,1
新华书店网,211,51,文化研究与交流,3,人文社科>文化>文化研究与交流,https://search.xhsd.com/search?frontCategoryId=211,人文社科,1,1
新华书店网,35,,少儿童书,1,少儿童书,https://search.xhsd.com/search?frontCategoryId=35,少儿童书,1,0
新华书店网,55,35,儿童文学,2,少儿童书>儿童文学,https://search.xhsd.com/search?frontCategoryId=55,少儿童书,1,0
新华书店网,116,55,中国儿童文学,3,少儿童书>儿童文学>中国儿童文学,https://search.xhsd.com/search?frontCategoryId=116,少儿童书,1,1
新华书店网,117,55,外国儿童文学,3,少儿童书>儿童文学>外国儿童文学,https://search.xhsd.com/search?frontCategoryId=117,少儿童书,1,1
新华书店网,118,55,童话寓言,3,少儿童书>儿童文学>童话寓言,https://search.xhsd.com/search?frontCategoryId=118,少儿童书,1,1
新华书店网,57,35,动漫绘本,2,少儿童书>动漫绘本,https://search.xhsd.com/search?frontCategoryId=57,少儿童书,1,0
新华书店网,119,57,儿童绘本,3,少儿童书>动漫绘本>儿童绘本,https://search.xhsd.com/search?frontCategoryId=119,少儿童书,1,1
新华书店网,59,35,启蒙益智,2,少儿童书>启蒙益智,https://search.xhsd.com/search?frontCategoryId=59,少儿童书,1,0
新华书店网,121,59,益智游戏,3,少儿童书>启蒙益智>益智游戏,https://search.xhsd.com/search?frontCategoryId=121,少儿童书,1,1
新华书店网,122,59,书法绘画,3,少儿童书>启蒙益智>书法绘画,https://search.xhsd.com/search?frontCategoryId=122,少儿童书,1,1
新华书店网,123,59,艺术培养,3,少儿童书>启蒙益智>艺术培养,https://search.xhsd.com/search?frontCategoryId=123,少儿童书,1,1
新华书店网,240,59,识字说话,3,少儿童书>启蒙益智>识字说话,https://search.xhsd.com/search?frontCategoryId=240,少儿童书,1,1
新华书店网,241,59,科普百科,3,少儿童书>启蒙益智>科普百科,https://search.xhsd.com/search?frontCategoryId=241,少儿童书,1,1
新华书店网,242,59,低幼读物,3,少儿童书>启蒙益智>低幼读物,https://search.xhsd.com/search?frontCategoryId=242,少儿童书,1,1
新华书店网,36,,教育考试,1,教育考试,https://search.xhsd.com/search?frontCategoryId=36,教育考试,1,0
新华书店网,61,36,中小学教辅,2,教育考试>中小学教辅,https://search.xhsd.com/search?frontCategoryId=61,教育考试,1,0
新华书店网,124,61,小学数学,3,教育考试>中小学教辅>小学数学,https://search.xhsd.com/search?frontCategoryId=124,教育考试,1,1
新华书店网,125,61,小学语文,3,教育考试>中小学教辅>小学语文,https://search.xhsd.com/search?frontCategoryId=125,教育考试,1,1
新华书店网,126,61,小学教材,3,教育考试>中小学教辅>小学教材,https://search.xhsd.com/search?frontCategoryId=126,教育考试,1,1
新华书店网,127,61,初中语文,3,教育考试>中小学教辅>初中语文,https://search.xhsd.com/search?frontCategoryId=127,教育考试,1,1
新华书店网,128,61,初中数学,3,教育考试>中小学教辅>初中数学,https://search.xhsd.com/search?frontCategoryId=128,教育考试,1,1
新华书店网,129,61,初中英语,3,教育考试>中小学教辅>初中英语,https://search.xhsd.com/search?frontCategoryId=129,教育考试,1,1
新华书店网,130,61,初中理化,3,教育考试>中小学教辅>初中理化,https://search.xhsd.com/search?frontCategoryId=130,教育考试,1,1
新华书店网,131,61,初中教材,3,教育考试>中小学教辅>初中教材,https://search.xhsd.com/search?frontCategoryId=131,教育考试,1,1
新华书店网,132,61,高中语文,3,教育考试>中小学教辅>高中语文,https://search.xhsd.com/search?frontCategoryId=132,教育考试,1,1
新华书店网,133,61,高中数学,3,教育考试>中小学教辅>高中数学,https://search.xhsd.com/search?frontCategoryId=133,教育考试,1,1
新华书店网,134,61,高中外语,3,教育考试>中小学教辅>高中外语,https://search.xhsd.com/search?frontCategoryId=134,教育考试,1,1
新华书店网,135,61,高中理化,3,教育考试>中小学教辅>高中理化,https://search.xhsd.com/search?frontCategoryId=135,教育考试,1,1
新华书店网,62,36,外语学习,2,教育考试>外语学习,https://search.xhsd.com/search?frontCategoryId=62,教育考试,1,0
新华书店网,136,62,英语,3,教育考试>外语学习>英语,https://search.xhsd.com/search?frontCategoryId=136,教育考试,1,1
新华书店网,137,62,小语种,3,教育考试>外语学习>小语种,https://search.xhsd.com/search?frontCategoryId=137,教育考试,1,1
新华书店网,64,36,大中专教材,2,教育考试>大中专教材,https://search.xhsd.com/search?frontCategoryId=64,教育考试,1,0
新华书店网,138,64,大学教材,3,教育考试>大中专教材>大学教材,https://search.xhsd.com/search?frontCategoryId=138,教育考试,1,1
新华书店网,139,64,成人教育,3,教育考试>大中专教材>成人教育,https://search.xhsd.com/search?frontCategoryId=139,教育考试,1,1
新华书店网,65,36,字典词典,2,教育考试>字典词典,https://search.xhsd.com/search?frontCategoryId=65,教育考试,1,0
新华书店网,140,65,字典词典、工具书,3,教育考试>字典词典>字典词典、工具书,https://search.xhsd.com/search?frontCategoryId=140,教育考试,1,1
新华书店网,184,36,考试,2,教育考试>考试,https://search.xhsd.com/search?frontCategoryId=184,教育考试,1,0
新华书店网,185,184,计算机类,3,教育考试>考试>计算机类,https://search.xhsd.com/search?frontCategoryId=185,教育考试,1,1
新华书店网,186,184,其它语种,3,教育考试>考试>其它语种,https://search.xhsd.com/search?frontCategoryId=186,教育考试,1,1
新华书店网,187,184,其它考试,3,教育考试>考试>其它考试,https://search.xhsd.com/search?frontCategoryId=187,教育考试,1,1
新华书店网,37,,经济金融,1,经济金融,https://search.xhsd.com/search?frontCategoryId=37,经济金融,1,0
新华书店网,66,37,管理,2,经济金融>管理,https://search.xhsd.com/search?frontCategoryId=66,经济金融,1,0
新华书店网,177,66,市场营销,3,经济金融>管理>市场营销,https://search.xhsd.com/search?frontCategoryId=177,经济金融,1,1
新华书店网,178,66,管理学,3,经济金融>管理>管理学,https://search.xhsd.com/search?frontCategoryId=178,经济金融,1,1
新华书店网,179,66,公共关系,3,经济金融>管理>公共关系,https://search.xhsd.com/search?frontCategoryId=179,经济金融,1,1
新华书店网,212,66,旅游管理,3,经济金融>管理>旅游管理,https://search.xhsd.com/search?frontCategoryId=212,经济金融,1,1
新华书店网,213,66,生产管理,3,经济金融>管理>生产管理,https://search.xhsd.com/search?frontCategoryId=213,经济金融,1,1
新华书店网,214,66,工商管理,3,经济金融>管理>工商管理,https://search.xhsd.com/search?frontCategoryId=214,经济金融,1,1
新华书店网,215,66,企业经营管理,3,经济金融>管理>企业经营管理,https://search.xhsd.com/search?frontCategoryId=215,经济金融,1,1
新华书店网,67,37,经济,2,经济金融>经济,https://search.xhsd.com/search?frontCategoryId=67,经济金融,1,0
新华书店网,180,67,中国经济,3,经济金融>经济>中国经济,https://search.xhsd.com/search?frontCategoryId=180,经济金融,1,1
新华书店网,181,67,世界经济,3,经济金融>经济>世界经济,https://search.xhsd.com/search?frontCategoryId=181,经济金融,1,1
新华书店网,182,67,工业经济,3,经济金融>经济>工业经济,https://search.xhsd.com/search?frontCategoryId=182,经济金融,1,1
新华书店网,216,67,贸易,3,经济金融>经济>贸易,https://search.xhsd.com/search?frontCategoryId=216,经济金融,1,1
新华书店网,217,67,交通经济,3,经济金融>经济>交通经济,https://search.xhsd.com/search?frontCategoryId=217,经济金融,1,1
新华书店网,218,67,企业经济,3,经济金融>经济>企业经济,https://search.xhsd.com/search?frontCategoryId=218,经济金融,1,1
新华书店网,219,67,产业经济,3,经济金融>经济>产业经济,https://search.xhsd.com/search?frontCategoryId=219,经济金融,1,1
新华书店网,68,37,金融会计,2,经济金融>金融会计,https://search.xhsd.com/search?frontCategoryId=68,经济金融,1,0
新华书店网,220,68,金融,3,经济金融>金融会计>金融,https://search.xhsd.com/search?frontCategoryId=220,经济金融,1,1
新华书店网,221,68,会计,3,经济金融>金融会计>会计,https://search.xhsd.com/search?frontCategoryId=221,经济金融,1,1
新华书店网,710,37,成功励志,2,经济金融>成功励志,https://search.xhsd.com/search?frontCategoryId=710,经济金融,1,0
新华书店网,711,710,成功励志,3,经济金融>成功励志>成功励志,https://search.xhsd.com/search?frontCategoryId=711,经济金融,1,1
新华书店网,38,,生活休闲,1,生活休闲,https://search.xhsd.com/search?frontCategoryId=38,生活休闲,1,0
新华书店网,69,38,时尚娱乐,2,生活休闲>时尚娱乐,https://search.xhsd.com/search?frontCategoryId=69,生活休闲,1,0
新华书店网,144,69,服饰搭配,3,生活休闲>时尚娱乐>服饰搭配,https://search.xhsd.com/search?frontCategoryId=144,生活休闲,1,1
新华书店网,145,69,休闲游戏,3,生活休闲>时尚娱乐>休闲游戏,https://search.xhsd.com/search?frontCategoryId=145,生活休闲,1,1
新华书店网,146,69,美容护肤,3,生活休闲>时尚娱乐>美容护肤,https://search.xhsd.com/search?frontCategoryId=146,生活休闲,1,1
新华书店网,70,38,家庭家居,2,生活休闲>家庭家居,https://search.xhsd.com/search?frontCategoryId=70,生活休闲,1,0
新华书店网,147,70,宠物,3,生活休闲>家庭家居>宠物,https://search.xhsd.com/search?frontCategoryId=147,生活休闲,1,1
新华书店网,148,70,家装家饰,3,生活休闲>家庭家居>家装家饰,https://search.xhsd.com/search?frontCategoryId=148,生活休闲,1,1
新华书店网,149,70,家庭园艺,3,生活休闲>家庭家居>家庭园艺,https://search.xhsd.com/search?frontCategoryId=149,生活休闲,1,1
新华书店网,222,70,生活DIY,3,生活休闲>家庭家居>生活DIY,https://search.xhsd.com/search?frontCategoryId=222,生活休闲,1,1
新华书店网,71,38,养生保健,2,生活休闲>养生保健,https://search.xhsd.com/search?frontCategoryId=71,生活休闲,1,0
新华书店网,150,71,健康百科,3,生活休闲>养生保健>健康百科,https://search.xhsd.com/search?frontCategoryId=150,生活休闲,1,1
新华书店网,151,71,家庭保健,3,生活休闲>养生保健>家庭保健,https://search.xhsd.com/search?frontCategoryId=151,生活休闲,1,1
新华书店网,72,38,烹饪美食,2,生活休闲>烹饪美食,https://search.xhsd.com/search?frontCategoryId=72,生活休闲,1,0
新华书店网,156,72,家常菜谱,3,生活休闲>烹饪美食>家常菜谱,https://search.xhsd.com/search?frontCategoryId=156,生活休闲,1,1
新华书店网,157,72,茶酒饮品,3,生活休闲>烹饪美食>茶酒饮品,https://search.xhsd.com/search?frontCategoryId=157,生活休闲,1,1
新华书店网,158,72,烘焙甜品,3,生活休闲>烹饪美食>烘焙甜品,https://search.xhsd.com/search?frontCategoryId=158,生活休闲,1,1
新华书店网,73,38,育儿早教,2,生活休闲>育儿早教,https://search.xhsd.com/search?frontCategoryId=73,生活休闲,1,0
新华书店网,154,73,育儿百科,3,生活休闲>育儿早教>育儿百科,https://search.xhsd.com/search?frontCategoryId=154,生活休闲,1,1
新华书店网,155,73,家庭教育,3,生活休闲>育儿早教>家庭教育,https://search.xhsd.com/search?frontCategoryId=155,生活休闲,1,1
新华书店网,74,38,体育运动,2,生活休闲>体育运动,https://search.xhsd.com/search?frontCategoryId=74,生活休闲,1,0
新华书店网,152,74,体育理论与规则,3,生活休闲>体育运动>体育理论与规则,https://search.xhsd.com/search?frontCategoryId=152,生活休闲,1,1
新华书店网,153,74,球类运动,3,生活休闲>体育运动>球类运动,https://search.xhsd.com/search?frontCategoryId=153,生活休闲,1,1
新华书店网,223,74,其他运动,3,生活休闲>体育运动>其他运动,https://search.xhsd.com/search?frontCategoryId=223,生活休闲,1,1
新华书店网,75,38,旅游地图,2,生活休闲>旅游地图,https://search.xhsd.com/search?frontCategoryId=75,生活休闲,1,0
新华书店网,159,75,国外游,3,生活休闲>旅游地图>国外游,https://search.xhsd.com/search?frontCategoryId=159,生活休闲,1,1
新华书店网,160,75,旅游随笔/摄影,3,生活休闲>旅游地图>旅游随笔/摄影,https://search.xhsd.com/search?frontCategoryId=160,生活休闲,1,1
新华书店网,161,75,地图,3,生活休闲>旅游地图>地图,https://search.xhsd.com/search?frontCategoryId=161,生活休闲,1,1
新华书店网,39,,科学技术,1,科学技术,https://search.xhsd.com/search?frontCategoryId=39,科学技术,1,0
新华书店网,76,39,工业科技,2,科学技术>工业科技,https://search.xhsd.com/search?frontCategoryId=76,科学技术,1,0
新华书店网,162,76,轻工业,3,科学技术>工业科技>轻工业,https://search.xhsd.com/search?frontCategoryId=162,科学技术,1,1
新华书店网,163,76,机械工业,3,科学技术>工业科技>机械工业,https://search.xhsd.com/search?frontCategoryId=163,科学技术,1,1
新华书店网,164,76,化学工业,3,科学技术>工业科技>化学工业,https://search.xhsd.com/search?frontCategoryId=164,科学技术,1,1
新华书店网,224,76,电子通讯,3,科学技术>工业科技>电子通讯,https://search.xhsd.com/search?frontCategoryId=224,科学技术,1,1
新华书店网,225,76,能源,3,科学技术>工业科技>能源,https://search.xhsd.com/search?frontCategoryId=225,科学技术,1,1
新华书店网,226,76,交通运输,3,科学技术>工业科技>交通运输,https://search.xhsd.com/search?frontCategoryId=226,科学技术,1,1
新华书店网,227,76,航空航天,3,科学技术>工业科技>航空航天,https://search.xhsd.com/search?frontCategoryId=227,科学技术,1,1
新华书店网,228,76,矿业工程,3,科学技术>工业科技>矿业工程,https://search.xhsd.com/search?frontCategoryId=228,科学技术,1,1
新华书店网,77,39,建筑,2,科学技术>建筑,https://search.xhsd.com/search?frontCategoryId=77,科学技术,1,0
新华书店网,165,77,建筑理论与文化,3,科学技术>建筑>建筑理论与文化,https://search.xhsd.com/search?frontCategoryId=165,科学技术,1,1
新华书店网,166,77,建筑设计,3,科学技术>建筑>建筑设计,https://search.xhsd.com/search?frontCategoryId=166,科学技术,1,1
新华书店网,167,77,建筑工程,3,科学技术>建筑>建筑工程,https://search.xhsd.com/search?frontCategoryId=167,科学技术,1,1
新华书店网,229,77,水利水电,3,科学技术>建筑>水利水电,https://search.xhsd.com/search?frontCategoryId=229,科学技术,1,1
新华书店网,78,39,医学,2,科学技术>医学,https://search.xhsd.com/search?frontCategoryId=78,科学技术,1,0
新华书店网,168,78,基础医学,3,科学技术>医学>基础医学,https://search.xhsd.com/search?frontCategoryId=168,科学技术,1,1
新华书店网,169,78,临床医学,3,科学技术>医学>临床医学,https://search.xhsd.com/search?frontCategoryId=169,科学技术,1,1
新华书店网,170,78,中医,3,科学技术>医学>中医,https://search.xhsd.com/search?frontCategoryId=170,科学技术,1,1
新华书店网,230,78,药学,3,科学技术>医学>药学,https://search.xhsd.com/search?frontCategoryId=230,科学技术,1,1
新华书店网,231,78,外科学,3,科学技术>医学>外科学,https://search.xhsd.com/search?frontCategoryId=231,科学技术,1,1
新华书店网,232,78,内科学,3,科学技术>医学>内科学,https://search.xhsd.com/search?frontCategoryId=232,科学技术,1,1
新华书店网,233,78,儿科学,3,科学技术>医学>儿科学,https://search.xhsd.com/search?frontCategoryId=233,科学技术,1,1
新华书店网,234,78,妇产科学,3,科学技术>医学>妇产科学,https://search.xhsd.com/search?frontCategoryId=234,科学技术,1,1
新华书店网,79,39,自然科学,2,科学技术>自然科学,https://search.xhsd.com/search?frontCategoryId=79,科学技术,1,0
新华书店网,171,79,自然科普,3,科学技术>自然科学>自然科普,https://search.xhsd.com/search?frontCategoryId=171,科学技术,1,1
新华书店网,172,79,数学,3,科学技术>自然科学>数学,https://search.xhsd.com/search?frontCategoryId=172,科学技术,1,1
新华书店网,173,79,物理,3,科学技术>自然科学>物理,https://search.xhsd.com/search?frontCategoryId=173,科学技术,1,1
新华书店网,236,79,化学,3,科学技术>自然科学>化学,https://search.xhsd.com/search?frontCategoryId=236,科学技术,1,1
新华书店网,237,79,生物科学,3,科学技术>自然科学>生物科学,https://search.xhsd.com/search?frontCategoryId=237,科学技术,1,1
新华书店网,238,79,天文地理,3,科学技术>自然科学>天文地理,https://search.xhsd.com/search?frontCategoryId=238,科学技术,1,1
新华书店网,239,79,其他自然科学,3,科学技术>自然科学>其他自然科学,https://search.xhsd.com/search?frontCategoryId=239,科学技术,1,1
新华书店网,991,,家居/生活用品,1,家居/生活用品,https://search.xhsd.com/search?frontCategoryId=991,家居/生活用品,0,0
新华书店网,992,991,居家日用,2,家居/生活用品>居家日用,https://search.xhsd.com/search?frontCategoryId=992,家居/生活用品,0,0
新华书店网,993,992,暖手宝/热水袋,3,家居/生活用品>居家日用>暖手宝/热水袋,https://search.xhsd.com/search?frontCategoryId=993,家居/生活用品,0,1
新华书店网,994,992,眼罩,3,家居/生活用品>居家日用>眼罩,https://search.xhsd.com/search?frontCategoryId=994,家居/生活用品,0,1
新华书店网,995,992,伞,3,家居/生活用品>居家日用>伞,https://search.xhsd.com/search?frontCategoryId=995,家居/生活用品,0,1
新华书店网,996,992,体温计,3,家居/生活用品>居家日用>体温计,https://search.xhsd.com/search?frontCategoryId=996,家居/生活用品,0,1
新华书店网,997,992,迷你风扇,3,家居/生活用品>居家日用>迷你风扇,https://search.xhsd.com/search?frontCategoryId=997,家居/生活用品,0,1
新华书店网,998,992,扇子,3,家居/生活用品>居家日用>扇子,https://search.xhsd.com/search?frontCategoryId=998,家居/生活用品,0,1
新华书店网,999,992,挂钩,3,家居/生活用品>居家日用>挂钩,https://search.xhsd.com/search?frontCategoryId=999,家居/生活用品,0,1
新华书店网,1000,992,干衣架,3,家居/生活用品>居家日用>干衣架,https://search.xhsd.com/search?frontCategoryId=1000,家居/生活用品,0,1
新华书店网,1001,992,肥皂架,3,家居/生活用品>居家日用>肥皂架,https://search.xhsd.com/search?frontCategoryId=1001,家居/生活用品,0,1
新华书店网,1002,992,杯垫,3,家居/生活用品>居家日用>杯垫,https://search.xhsd.com/search?frontCategoryId=1002,家居/生活用品,0,1
新华书店网,1365,992,驱虫用品,3,家居/生活用品>居家日用>驱虫用品,https://search.xhsd.com/search?frontCategoryId=1365,家居/生活用品,0,1
新华书店网,1450,992,浴室用品,3,家居/生活用品>居家日用>浴室用品,https://search.xhsd.com/search?frontCategoryId=1450,家居/生活用品,0,1
新华书店网,1003,991,医疗防护,2,家居/生活用品>医疗防护,https://search.xhsd.com/search?frontCategoryId=1003,家居/生活用品,0,0
新华书店网,1004,1003,防护眼镜,3,家居/生活用品>医疗防护>防护眼镜,https://search.xhsd.com/search?frontCategoryId=1004,家居/生活用品,0,1
新华书店网,1005,1003,口罩,3,家居/生活用品>医疗防护>口罩,https://search.xhsd.com/search?frontCategoryId=1005,家居/生活用品,0,1
新华书店网,1466,1003,医疗急救,3,家居/生活用品>医疗防护>医疗急救,https://search.xhsd.com/search?frontCategoryId=1466,家居/生活用品,0,1
新华书店网,1006,991,收纳,2,家居/生活用品>收纳,https://search.xhsd.com/search?frontCategoryId=1006,家居/生活用品,0,0
新华书店网,1007,1006,家庭收纳,3,家居/生活用品>收纳>家庭收纳,https://search.xhsd.com/search?frontCategoryId=1007,家居/生活用品,0,1
新华书店网,1008,1006,证照收纳,3,家居/生活用品>收纳>证照收纳,https://search.xhsd.com/search?frontCategoryId=1008,家居/生活用品,0,1
新华书店网,1009,1006,文件收纳,3,家居/生活用品>收纳>文件收纳,https://search.xhsd.com/search?frontCategoryId=1009,家居/生活用品,0,1
新华书店网,1010,1006,柜式收纳,3,家居/生活用品>收纳>柜式收纳,https://search.xhsd.com/search?frontCategoryId=1010,家居/生活用品,0,1
新华书店网,1011,991,家务清洁,2,家居/生活用品>家务清洁,https://search.xhsd.com/search?frontCategoryId=1011,家居/生活用品,0,0
新华书店网,1012,1011,除味用品,3,家居/生活用品>家务清洁>除味用品,https://search.xhsd.com/search?frontCategoryId=1012,家居/生活用品,0,1
新华书店网,1013,1011,垃圾桶,3,家居/生活用品>家务清洁>垃圾桶,https://search.xhsd.com/search?frontCategoryId=1013,家居/生活用品,0,1
新华书店网,1014,1011,垃圾袋,3,家居/生活用品>家务清洁>垃圾袋,https://search.xhsd.com/search?frontCategoryId=1014,家居/生活用品,0,1
新华书店网,1015,1011,抹布/百洁布,3,家居/生活用品>家务清洁>抹布/百洁布,https://search.xhsd.com/search?frontCategoryId=1015,家居/生活用品,0,1
新华书店网,1016,1011,清洁剂,3,家居/生活用品>家务清洁>清洁剂,https://search.xhsd.com/search?frontCategoryId=1016,家居/生活用品,0,1
新华书店网,1017,1011,手套/鞋套/围裙,3,家居/生活用品>家务清洁>手套/鞋套/围裙,https://search.xhsd.com/search?frontCategoryId=1017,家居/生活用品,0,1
新华书店网,1429,1011,卫生间清洁,3,家居/生活用品>家务清洁>卫生间清洁,https://search.xhsd.com/search?frontCategoryId=1429,家居/生活用品,0,1
新华书店网,1018,991,洗护清洁,2,家居/生活用品>洗护清洁,https://search.xhsd.com/search?frontCategoryId=1018,家居/生活用品,0,0
新华书店网,1019,1018,抽纸,3,家居/生活用品>洗护清洁>抽纸,https://search.xhsd.com/search?frontCategoryId=1019,家居/生活用品,0,1
新华书店网,1020,1018,卷纸,3,家居/生活用品>洗护清洁>卷纸,https://search.xhsd.com/search?frontCategoryId=1020,家居/生活用品,0,1
新华书店网,1021,1018,湿巾,3,家居/生活用品>洗护清洁>湿巾,https://search.xhsd.com/search?frontCategoryId=1021,家居/生活用品,0,1
新华书店网,1022,1018,衣物清洁,3,家居/生活用品>洗护清洁>衣物清洁,https://search.xhsd.com/search?frontCategoryId=1022,家居/生活用品,0,1
新华书店网,1023,1018,洗脸巾,3,家居/生活用品>洗护清洁>洗脸巾,https://search.xhsd.com/search?frontCategoryId=1023,家居/生活用品,0,1
新华书店网,1024,1018,洗手液,3,家居/生活用品>洗护清洁>洗手液,https://search.xhsd.com/search?frontCategoryId=1024,家居/生活用品,0,1
新华书店网,1350,1018,足浴饼,3,家居/生活用品>洗护清洁>足浴饼,https://search.xhsd.com/search?frontCategoryId=1350,家居/生活用品,0,1
新华书店网,1362,1018,梳子,3,家居/生活用品>洗护清洁>梳子,https://search.xhsd.com/search?frontCategoryId=1362,家居/生活用品,0,1
新华书店网,1410,1018,皂,3,家居/生活用品>洗护清洁>皂,https://search.xhsd.com/search?frontCategoryId=1410,家居/生活用品,0,1
新华书店网,1419,1018,日常护理,3,家居/生活用品>洗护清洁>日常护理,https://search.xhsd.com/search?frontCategoryId=1419,家居/生活用品,0,1
新华书店网,1025,991,家纺布艺,2,家居/生活用品>家纺布艺,https://search.xhsd.com/search?frontCategoryId=1025,家居/生活用品,0,0
新华书店网,1026,1025,床上用品,3,家居/生活用品>家纺布艺>床上用品,https://search.xhsd.com/search?frontCategoryId=1026,家居/生活用品,0,1
新华书店网,1027,1025,地毯/地垫,3,家居/生活用品>家纺布艺>地毯/地垫,https://search.xhsd.com/search?frontCategoryId=1027,家居/生活用品,0,1
新华书店网,1028,1025,靠枕/抱枕,3,家居/生活用品>家纺布艺>靠枕/抱枕,https://search.xhsd.com/search?frontCategoryId=1028,家居/生活用品,0,1
新华书店网,1029,1025,毛巾/浴巾/浴袍,3,家居/生活用品>家纺布艺>毛巾/浴巾/浴袍,https://search.xhsd.com/search?frontCategoryId=1029,家居/生活用品,0,1
新华书店网,1030,991,厨房/餐饮用具,2,家居/生活用品>厨房/餐饮用具,https://search.xhsd.com/search?frontCategoryId=1030,家居/生活用品,0,0
新华书店网,1031,1030,水具,3,家居/生活用品>厨房/餐饮用具>水具,https://search.xhsd.com/search?frontCategoryId=1031,家居/生活用品,0,1
新华书店网,1032,1030,茶具,3,家居/生活用品>厨房/餐饮用具>茶具,https://search.xhsd.com/search?frontCategoryId=1032,家居/生活用品,0,1
新华书店网,1033,1030,酒具,3,家居/生活用品>厨房/餐饮用具>酒具,https://search.xhsd.com/search?frontCategoryId=1033,家居/生活用品,0,1
新华书店网,1034,1030,餐具,3,家居/生活用品>厨房/餐饮用具>餐具,https://search.xhsd.com/search?frontCategoryId=1034,家居/生活用品,0,1
新华书店网,1035,1030,烹饪用具,3,家居/生活用品>厨房/餐饮用具>烹饪用具,https://search.xhsd.com/search?frontCategoryId=1035,家居/生活用品,0,1
新华书店网,1036,1030,保鲜器具,3,家居/生活用品>厨房/餐饮用具>保鲜器具,https://search.xhsd.com/search?frontCategoryId=1036,家居/生活用品,0,1
新华书店网,1037,1030,一次性餐桌用品,3,家居/生活用品>厨房/餐饮用具>一次性餐桌用品,https://search.xhsd.com/search?frontCategoryId=1037,家居/生活用品,0,1
新华书店网,1412,1030,小工具,3,家居/生活用品>厨房/餐饮用具>小工具,https://search.xhsd.com/search?frontCategoryId=1412,家居/生活用品,0,1
新华书店网,1038,991,节庆用品/礼品,2,家居/生活用品>节庆用品/礼品,https://search.xhsd.com/search?frontCategoryId=1038,家居/生活用品,0,0
新华书店网,1039,1038,红包/利是封,3,家居/生活用品>节庆用品/礼品>红包/利是封,https://search.xhsd.com/search?frontCategoryId=1039,家居/生活用品,0,1
新华书店网,1040,1038,节庆用品,3,家居/生活用品>节庆用品/礼品>节庆用品,https://search.xhsd.com/search?frontCategoryId=1040,家居/生活用品,0,1
新华书店网,1343,1038,储蓄罐,3,家居/生活用品>节庆用品/礼品>储蓄罐,https://search.xhsd.com/search?frontCategoryId=1343,家居/生活用品,0,1
新华书店网,1352,1038,创意礼盒,3,家居/生活用品>节庆用品/礼品>创意礼盒,https://search.xhsd.com/search?frontCategoryId=1352,家居/生活用品,0,1
新华书店网,1406,991,保健用品,2,家居/生活用品>保健用品,https://search.xhsd.com/search?frontCategoryId=1406,家居/生活用品,0,0
新华书店网,1407,1406,中医保健,3,家居/生活用品>保健用品>中医保健,https://search.xhsd.com/search?frontCategoryId=1407,家居/生活用品,0,1
新华书店网,1448,991,浴室用品,2,家居/生活用品>浴室用品,https://search.xhsd.com/search?frontCategoryId=1448,家居/生活用品,0,1
新华书店网,1042,,学习用品,1,学习用品,https://search.xhsd.com/search?frontCategoryId=1042,学习用品,0,0
新华书店网,1043,1042,阅读器,2,学习用品>阅读器,https://search.xhsd.com/search?frontCategoryId=1043,学习用品,0,0
新华书店网,1044,1043,阅览器/电纸书,3,学习用品>阅读器>阅览器/电纸书,https://search.xhsd.com/search?frontCategoryId=1044,学习用品,0,1
新华书店网,1045,1043,阅读器保护套,3,学习用品>阅读器>阅读器保护套,https://search.xhsd.com/search?frontCategoryId=1045,学习用品,0,1
新华书店网,1046,1042,学习机,2,学习用品>学习机,https://search.xhsd.com/search?frontCategoryId=1046,学习用品,0,0
新华书店网,1047,1046,学习机,3,学习用品>学习机>学习机,https://search.xhsd.com/search?frontCategoryId=1047,学习用品,0,1
新华书店网,1048,1042,电子词典,2,学习用品>电子词典,https://search.xhsd.com/search?frontCategoryId=1048,学习用品,0,0
新华书店网,1394,1048,词典笔,3,学习用品>电子词典>词典笔,https://search.xhsd.com/search?frontCategoryId=1394,学习用品,0,1
新华书店网,1049,1042,纸张本册,2,学习用品>纸张本册,https://search.xhsd.com/search?frontCategoryId=1049,学习用品,0,0
新华书店网,1050,1049,笔记本/记事本,3,学习用品>纸张本册>笔记本/记事本,https://search.xhsd.com/search?frontCategoryId=1050,学习用品,0,1
新华书店网,1051,1049,便签本/N次贴,3,学习用品>纸张本册>便签本/N次贴,https://search.xhsd.com/search?frontCategoryId=1051,学习用品,0,1
新华书店网,1052,1049,拍纸本/日程本,3,学习用品>纸张本册>拍纸本/日程本,https://search.xhsd.com/search?frontCategoryId=1052,学习用品,0,1
新华书店网,1053,1049,信封,3,学习用品>纸张本册>信封,https://search.xhsd.com/search?frontCategoryId=1053,学习用品,0,1
新华书店网,1054,1049,奖状/证书,3,学习用品>纸张本册>奖状/证书,https://search.xhsd.com/search?frontCategoryId=1054,学习用品,0,1
新华书店网,1055,1049,复写纸,3,学习用品>纸张本册>复写纸,https://search.xhsd.com/search?frontCategoryId=1055,学习用品,0,1
新华书店网,1056,1049,分页/索引/标签,3,学习用品>纸张本册>分页/索引/标签,https://search.xhsd.com/search?frontCategoryId=1056,学习用品,0,1
新华书店网,1057,1049,明信片/卡片,3,学习用品>纸张本册>明信片/卡片,https://search.xhsd.com/search?frontCategoryId=1057,学习用品,0,1
新华书店网,1058,1049,单词卡,3,学习用品>纸张本册>单词卡,https://search.xhsd.com/search?frontCategoryId=1058,学习用品,0,1
新华书店网,1059,1049,作业本,3,学习用品>纸张本册>作业本,https://search.xhsd.com/search?frontCategoryId=1059,学习用品,0,1
新华书店网,1353,1049,手账本,3,学习用品>纸张本册>手账本,https://search.xhsd.com/search?frontCategoryId=1353,学习用品,0,1
新华书店网,1060,1042,书写工具,2,学习用品>书写工具,https://search.xhsd.com/search?frontCategoryId=1060,学习用品,0,0
新华书店网,1061,1060,中性笔,3,学习用品>书写工具>中性笔,https://search.xhsd.com/search?frontCategoryId=1061,学习用品,0,1
新华书店网,1062,1060,钢笔,3,学习用品>书写工具>钢笔,https://search.xhsd.com/search?frontCategoryId=1062,学习用品,0,1
新华书店网,1063,1060,铅笔/自动铅笔,3,学习用品>书写工具>铅笔/自动铅笔,https://search.xhsd.com/search?frontCategoryId=1063,学习用品,0,1
新华书店网,1064,1060,圆珠笔,3,学习用品>书写工具>圆珠笔,https://search.xhsd.com/search?frontCategoryId=1064,学习用品,0,1
新华书店网,1065,1060,荧光笔,3,学习用品>书写工具>荧光笔,https://search.xhsd.com/search?frontCategoryId=1065,学习用品,0,1
新华书店网,1066,1060,记号笔,3,学习用品>书写工具>记号笔,https://search.xhsd.com/search?frontCategoryId=1066,学习用品,0,1
新华书店网,1067,1060,笔用墨水,3,学习用品>书写工具>笔用墨水,https://search.xhsd.com/search?frontCategoryId=1067,学习用品,0,1
新华书店网,1068,1060,铅笔芯,3,学习用品>书写工具>铅笔芯,https://search.xhsd.com/search?frontCategoryId=1068,学习用品,0,1
新华书店网,1069,1042,书画工具,2,学习用品>书画工具,https://search.xhsd.com/search?frontCategoryId=1069,学习用品,0,0
新华书店网,1070,1069,彩色铅笔,3,学习用品>书画工具>彩色铅笔,https://search.xhsd.com/search?frontCategoryId=1070,学习用品,0,1
新华书店网,1071,1069,勾线笔,3,学习用品>书画工具>勾线笔,https://search.xhsd.com/search?frontCategoryId=1071,学习用品,0,1
新华书店网,1072,1069,画材套装,3,学习用品>书画工具>画材套装,https://search.xhsd.com/search?frontCategoryId=1072,学习用品,0,1
新华书店网,1073,1069,画墨,3,学习用品>书画工具>画墨,https://search.xhsd.com/search?frontCategoryId=1073,学习用品,0,1
新华书店网,1074,1069,画纸,3,学习用品>书画工具>画纸,https://search.xhsd.com/search?frontCategoryId=1074,学习用品,0,1
新华书店网,1075,1069,蜡笔,3,学习用品>书画工具>蜡笔,https://search.xhsd.com/search?frontCategoryId=1075,学习用品,0,1
新华书店网,1076,1069,临摹桌,3,学习用品>书画工具>临摹桌,https://search.xhsd.com/search?frontCategoryId=1076,学习用品,0,1
新华书店网,1077,1069,毛笔,3,学习用品>书画工具>毛笔,https://search.xhsd.com/search?frontCategoryId=1077,学习用品,0,1
新华书店网,1078,1069,水彩笔,3,学习用品>书画工具>水彩笔,https://search.xhsd.com/search?frontCategoryId=1078,学习用品,0,1
新华书店网,1079,1069,颜料,3,学习用品>书画工具>颜料,https://search.xhsd.com/search?frontCategoryId=1079,学习用品,0,1
新华书店网,1080,1069,砚台,3,学习用品>书画工具>砚台,https://search.xhsd.com/search?frontCategoryId=1080,学习用品,0,1
新华书店网,1081,1069,印章,3,学习用品>书画工具>印章,https://search.xhsd.com/search?frontCategoryId=1081,学习用品,0,1
新华书店网,1082,1069,镇尺,3,学习用品>书画工具>镇尺,https://search.xhsd.com/search?frontCategoryId=1082,学习用品,0,1
新华书店网,1083,1069,镇纸,3,学习用品>书画工具>镇纸,https://search.xhsd.com/search?frontCategoryId=1083,学习用品,0,1
新华书店网,1369,1069,笔山/笔架,3,学习用品>书画工具>笔山/笔架,https://search.xhsd.com/search?frontCategoryId=1369,学习用品,0,1
新华书店网,1084,1042,日常学习用品,2,学习用品>日常学习用品,https://search.xhsd.com/search?frontCategoryId=1084,学习用品,0,0
新华书店网,1085,1084,胶粘用品,3,学习用品>日常学习用品>胶粘用品,https://search.xhsd.com/search?frontCategoryId=1085,学习用品,0,1
新华书店网,1086,1084,修正液/修正带,3,学习用品>日常学习用品>修正液/修正带,https://search.xhsd.com/search?frontCategoryId=1086,学习用品,0,1
新华书店网,1087,1084,握笔器,3,学习用品>日常学习用品>握笔器,https://search.xhsd.com/search?frontCategoryId=1087,学习用品,0,1
新华书店网,1088,1084,桌面书架,3,学习用品>日常学习用品>桌面书架,https://search.xhsd.com/search?frontCategoryId=1088,学习用品,0,1
新华书店网,1089,1084,书签,3,学习用品>日常学习用品>书签,https://search.xhsd.com/search?frontCategoryId=1089,学习用品,0,1
新华书店网,1090,1084,各类尺/三角板,3,学习用品>日常学习用品>各类尺/三角板,https://search.xhsd.com/search?frontCategoryId=1090,学习用品,0,1
新华书店网,1091,1084,胶水/胶棒,3,学习用品>日常学习用品>胶水/胶棒,https://search.xhsd.com/search?frontCategoryId=1091,学习用品,0,1
新华书店网,1092,1084,纸胶带,3,学习用品>日常学习用品>纸胶带,https://search.xhsd.com/search?frontCategoryId=1092,学习用品,0,1
新华书店网,1093,1084,卷笔刀/削笔器,3,学习用品>日常学习用品>卷笔刀/削笔器,https://search.xhsd.com/search?frontCategoryId=1093,学习用品,0,1
新华书店网,1094,1084,橡皮,3,学习用品>日常学习用品>橡皮,https://search.xhsd.com/search?frontCategoryId=1094,学习用品,0,1
新华书店网,1095,1084,学生书包,3,学习用品>日常学习用品>学生书包,https://search.xhsd.com/search?frontCategoryId=1095,学习用品,0,1
新华书店网,1096,1084,书立,3,学习用品>日常学习用品>书立,https://search.xhsd.com/search?frontCategoryId=1096,学习用品,0,1
新华书店网,1097,1084,文具收纳,3,学习用品>日常学习用品>文具收纳,https://search.xhsd.com/search?frontCategoryId=1097,学习用品,0,1
新华书店网,1098,1084,其他学习用品,3,学习用品>日常学习用品>其他学习用品,https://search.xhsd.com/search?frontCategoryId=1098,学习用品,0,1
新华书店网,1099,1084,手写板,3,学习用品>日常学习用品>手写板,https://search.xhsd.com/search?frontCategoryId=1099,学习用品,0,1
新华书店网,1346,1084,笔袋,3,学习用品>日常学习用品>笔袋,https://search.xhsd.com/search?frontCategoryId=1346,学习用品,0,1
新华书店网,1347,1084,文具套装,3,学习用品>日常学习用品>文具套装,https://search.xhsd.com/search?frontCategoryId=1347,学习用品,0,1
新华书店网,1100,1042,乐器,2,学习用品>乐器,https://search.xhsd.com/search?frontCategoryId=1100,学习用品,0,0
新华书店网,1101,1100,口琴,3,学习用品>乐器>口琴,https://search.xhsd.com/search?frontCategoryId=1101,学习用品,0,1
新华书店网,1102,1100,架子鼓,3,学习用品>乐器>架子鼓,https://search.xhsd.com/search?frontCategoryId=1102,学习用品,0,1
新华书店网,1103,1100,钢琴,3,学习用品>乐器>钢琴,https://search.xhsd.com/search?frontCategoryId=1103,学习用品,0,1
新华书店网,1156,,3C数码,1,3C数码,https://search.xhsd.com/search?frontCategoryId=1156,3C数码,0,0
新华书店网,1157,1156,相机/摄影机,2,3C数码>相机/摄影机,https://search.xhsd.com/search?frontCategoryId=1157,3C数码,0,1
新华书店网,1158,1156,电脑周边,2,3C数码>电脑周边,https://search.xhsd.com/search?frontCategoryId=1158,3C数码,0,0
新华书店网,1159,1158,电脑支架,3,3C数码>电脑周边>电脑支架,https://search.xhsd.com/search?frontCategoryId=1159,3C数码,0,1
新华书店网,1160,1158,键盘,3,3C数码>电脑周边>键盘,https://search.xhsd.com/search?frontCategoryId=1160,3C数码,0,1
新华书店网,1161,1158,麦克风/话筒,3,3C数码>电脑周边>麦克风/话筒,https://search.xhsd.com/search?frontCategoryId=1161,3C数码,0,1
新华书店网,1162,1158,鼠标,3,3C数码>电脑周边>鼠标,https://search.xhsd.com/search?frontCategoryId=1162,3C数码,0,1
新华书店网,1163,1158,鼠标垫,3,3C数码>电脑周边>鼠标垫,https://search.xhsd.com/search?frontCategoryId=1163,3C数码,0,1
新华书店网,1164,1158,电脑收纳包,3,3C数码>电脑周边>电脑收纳包,https://search.xhsd.com/search?frontCategoryId=1164,3C数码,0,1
新华书店网,1465,1158,平板电脑,3,3C数码>电脑周边>平板电脑,https://search.xhsd.com/search?frontCategoryId=1465,3C数码,0,1
新华书店网,1165,1156,智能设备,2,3C数码>智能设备,https://search.xhsd.com/search?frontCategoryId=1165,3C数码,0,0
新华书店网,1166,1165,翻译器,3,3C数码>智能设备>翻译器,https://search.xhsd.com/search?frontCategoryId=1166,3C数码,0,1
新华书店网,1167,1165,智能机器人,3,3C数码>智能设备>智能机器人,https://search.xhsd.com/search?frontCategoryId=1167,3C数码,0,1
新华书店网,1168,1165,智能手表/手环,3,3C数码>智能设备>智能手表/手环,https://search.xhsd.com/search?frontCategoryId=1168,3C数码,0,1
新华书店网,1169,1165,智能书柜,3,3C数码>智能设备>智能书柜,https://search.xhsd.com/search?frontCategoryId=1169,3C数码,0,1
新华书店网,1393,1165,学习机,3,3C数码>智能设备>学习机,https://search.xhsd.com/search?frontCategoryId=1393,3C数码,0,1
新华书店网,1170,1156,手机配件,2,3C数码>手机配件,https://search.xhsd.com/search?frontCategoryId=1170,3C数码,0,0
新华书店网,1171,1170,充电器,3,3C数码>手机配件>充电器,https://search.xhsd.com/search?frontCategoryId=1171,3C数码,0,1
新华书店网,1172,1170,自拍杆/架,3,3C数码>手机配件>自拍杆/架,https://search.xhsd.com/search?frontCategoryId=1172,3C数码,0,1
新华书店网,1173,1170,手机支架,3,3C数码>手机配件>手机支架,https://search.xhsd.com/search?frontCategoryId=1173,3C数码,0,1
新华书店网,1174,1170,指环扣,3,3C数码>手机配件>指环扣,https://search.xhsd.com/search?frontCategoryId=1174,3C数码,0,1
新华书店网,1175,1170,手机保护套/壳,3,3C数码>手机配件>手机保护套/壳,https://search.xhsd.com/search?frontCategoryId=1175,3C数码,0,1
新华书店网,1344,1170,手机扩音座,3,3C数码>手机配件>手机扩音座,https://search.xhsd.com/search?frontCategoryId=1344,3C数码,0,1
新华书店网,1464,1170,手机,3,3C数码>手机配件>手机,https://search.xhsd.com/search?frontCategoryId=1464,3C数码,0,1
新华书店网,1176,1156,存储设备,2,3C数码>存储设备,https://search.xhsd.com/search?frontCategoryId=1176,3C数码,0,0
新华书店网,1177,1176,闪存卡,3,3C数码>存储设备>闪存卡,https://search.xhsd.com/search?frontCategoryId=1177,3C数码,0,1
新华书店网,1178,1176,普通U盘,3,3C数码>存储设备>普通U盘,https://search.xhsd.com/search?frontCategoryId=1178,3C数码,0,1
新华书店网,1179,1176,手机U盘,3,3C数码>存储设备>手机U盘,https://search.xhsd.com/search?frontCategoryId=1179,3C数码,0,1
新华书店网,1180,1176,移动硬盘,3,3C数码>存储设备>移动硬盘,https://search.xhsd.com/search?frontCategoryId=1180,3C数码,0,1
新华书店网,1181,1156,网络设备,2,3C数码>网络设备,https://search.xhsd.com/search?frontCategoryId=1181,3C数码,0,0
新华书店网,1182,1181,普通路由器,3,3C数码>网络设备>普通路由器,https://search.xhsd.com/search?frontCategoryId=1182,3C数码,0,1
新华书店网,1183,1156,数码配件,2,3C数码>数码配件,https://search.xhsd.com/search?frontCategoryId=1183,3C数码,0,0
新华书店网,1184,1183,移动电源,3,3C数码>数码配件>移动电源,https://search.xhsd.com/search?frontCategoryId=1184,3C数码,0,1
新华书店网,1185,1183,收纳,3,3C数码>数码配件>收纳,https://search.xhsd.com/search?frontCategoryId=1185,3C数码,0,1
新华书店网,1186,1183,数码周边,3,3C数码>数码配件>数码周边,https://search.xhsd.com/search?frontCategoryId=1186,3C数码,0,1
新华书店网,1187,1156,游戏/电玩,2,3C数码>游戏/电玩,https://search.xhsd.com/search?frontCategoryId=1187,3C数码,0,0
新华书店网,1188,1187,游戏手柄,3,3C数码>游戏/电玩>游戏手柄,https://search.xhsd.com/search?frontCategoryId=1188,3C数码,0,1
新华书店网,1338,,礼品卡,1,礼品卡,https://search.xhsd.com/search?frontCategoryId=1338,礼品卡,0,0
新华书店网,1339,1338,礼品卡,2,礼品卡>礼品卡,https://search.xhsd.com/search?frontCategoryId=1339,礼品卡,0,0
新华书店网,1462,1339,新享卡,3,礼品卡>礼品卡>新享卡,https://search.xhsd.com/search?frontCategoryId=1462,礼品卡,0,1
