source_site,source_category_id,parent_source_category_id,category_name,source_category_path,source_url
当当网,1000000,,图书童书,图书童书,
当当网,48035,,图书,图书,https://book.dangdang.com/
当当网,48036,,童书,童书,https://book.dangdang.com/children?ref=book-01-A
当当网,48046,1000000,童书,图书童书>童书,https://book.dangdang.com/children
当当网,48047,48046,0-2岁,图书童书>童书>0-2岁,https://book.dangdang.com/children/0-2
当当网,48048,48046,3-6岁,图书童书>童书>3-6岁,https://book.dangdang.com/children/3-6
当当网,48049,48046,7-10岁,图书童书>童书>7-10岁,https://book.dangdang.com/children/7-10
当当网,48050,48046,11-14岁,图书童书>童书>11-14岁,https://book.dangdang.com/children/11-14
当当网,48051,48046,绘本,图书童书>童书>绘本,https://book.dangdang.com/children/01.41.43.htm
当当网,48052,48046,中国儿童文学,图书童书>童书>中国儿童文学,https://book.dangdang.com/children/01.41.26.htm
当当网,48053,48046,外国儿童文学,图书童书>童书>外国儿童文学,https://book.dangdang.com/children/01.41.26.htm
当当网,48054,48046,科普/百科,图书童书>童书>科普/百科,https://book.dangdang.com/children/01.41.05.htm
当当网,48055,48046,婴儿读物,图书童书>童书>婴儿读物,https://category.dangdang.com/cp01.41.44.00.00.00.html
当当网,48056,48046,幼儿启蒙,图书童书>童书>幼儿启蒙,https://book.dangdang.com/children/01.41.45.htm
当当网,48057,48046,益智游戏,图书童书>童书>益智游戏,https://book.dangdang.com/children/01.41.46.htm
当当网,48058,48046,玩具书,图书童书>童书>玩具书,https://category.dangdang.com/cp01.41.48.00.00.00.html
当当网,48059,48046,动漫/卡通,图书童书>童书>动漫/卡通,https://category.dangdang.com/cp01.41.50.00.00.00.html
当当网,48060,48046,少儿英语,图书童书>童书>少儿英语,https://category.dangdang.com/cp01.41.51.00.00.00.html
当当网,48061,48046,进口儿童书,图书童书>童书>进口儿童书,https://category.dangdang.com/cp01.41.57.00.00.00.html
当当网,48062,48046,少儿期刊,图书童书>童书>少儿期刊,https://category.dangdang.com/cp01.41.69.00.00.00.html
当当网,48063,1000000,教育,图书童书>教育,https://book.dangdang.com/study
当当网,48064,48063,中小学用书,图书童书>教育>中小学用书,https://book.dangdang.com/study
当当网,48065,48063,考试,图书童书>教育>考试,https://category.dangdang.com/cp01.47.00.00.00.00.html
当当网,48066,48063,教材,图书童书>教育>教材,https://category.dangdang.com/cp01.49.00.00.00.00.html
当当网,48067,48063,外语,图书童书>教育>外语,https://book.dangdang.com/language
当当网,48068,48063,工具书,图书童书>教育>工具书,https://book.dangdang.com/dictionary
当当网,48069,48063,教师用书,图书童书>教育>教师用书,https://category.dangdang.com/cp01.43.54.00.00.00.html
当当网,48070,48063,新概念,图书童书>教育>新概念,https://category.dangdang.com/cp01.45.57.01.00.00-f0%7C0%7C0%7C0%7C0%7C1%7C0%7C0%7C0.html
当当网,48071,48063,中小学阅读,图书童书>教育>中小学阅读,https://category.dangdang.com/cp01.43.70.00.00.00.html
当当网,48072,48063,英语四级,图书童书>教育>英语四级,https://category.dangdang.com/cp01.45.55.14.00.00.html
当当网,48073,48063,英语六级,图书童书>教育>英语六级,https://category.dangdang.com/cp01.45.55.15.00.00.html
当当网,48074,48063,考研,图书童书>教育>考研,https://category.dangdang.com/cp01.47.93.00.00.00.html
当当网,48075,48063,公务员,图书童书>教育>公务员,https://category.dangdang.com/cp01.47.11.00.00.00.html
当当网,48076,48063,教师资格考试,图书童书>教育>教师资格考试,https://book.dangdang.com/20151204_obmj
当当网,48077,48063,教具,图书童书>教育>教具,https://category.dangdang.com/cp01.43.80.00.00.00.html
当当网,48078,1000000,文艺,图书童书>文艺,
当当网,48079,48078,小说,图书童书>文艺>小说,https://book.dangdang.com/01.03.htm
当当网,48080,48078,文学,图书童书>文艺>文学,https://book.dangdang.com/01.05.htm
当当网,48081,48078,传记,图书童书>文艺>传记,https://category.dangdang.com/cp01.38.00.00.00.00.html
当当网,48082,48078,青春文学,图书童书>文艺>青春文学,https://book.dangdang.com/01.01.htm
当当网,48083,48078,动漫/幽默,图书童书>文艺>动漫/幽默,https://book.dangdang.com/01.09.htm
当当网,48084,48078,艺术,图书童书>文艺>艺术,https://book.dangdang.com/01.07.htm
当当网,48085,48078,摄影,图书童书>文艺>摄影,https://category.dangdang.com/cp01.07.05.00.00.00.html
当当网,48086,48078,偶像明星,图书童书>文艺>偶像明星,https://category.dangdang.com/cp01.01.05.00.00.00.html
当当网,48087,48078,涂色/填色,图书童书>文艺>涂色/填色,https://category.dangdang.com/cp01.07.07.11.00.00.html
当当网,48088,1000000,人文社科,图书童书>人文社科,https://book.dangdang.com/01.28.htm
当当网,48089,48088,哲学宗教,图书童书>人文社科>哲学宗教,https://book.dangdang.com/01.28.htm
当当网,48090,48088,历史,图书童书>人文社科>历史,https://book.dangdang.com/01.36.htm
当当网,48091,48088,政治军事,图书童书>人文社科>政治军事,https://book.dangdang.com/01.27.htm
当当网,48092,48088,文化,图书童书>人文社科>文化,https://book.dangdang.com/01.34.htm
当当网,48093,48088,社会科学,图书童书>人文社科>社会科学,https://book.dangdang.com/01.30.htm
当当网,48094,48088,心理学,图书童书>人文社科>心理学,https://book.dangdang.com/01.31.htm?ref=book-01-A
当当网,48095,48088,古籍,图书童书>人文社科>古籍,https://book.dangdang.com/01.32.htm
当当网,48096,48088,法律,图书童书>人文社科>法律,https://book.dangdang.com/01.26.htm
当当网,48097,1000000,成功/励志,图书童书>成功/励志,https://book.dangdang.com/01.21.htm
当当网,48098,48097,心灵修养,图书童书>成功/励志>心灵修养,https://category.dangdang.com/cp01.21.03.00.00.00.html
当当网,48099,48097,职场,图书童书>成功/励志>职场,https://category.dangdang.com/cp01.21.08.00.00.00.html
当当网,48100,48097,人生哲学,图书童书>成功/励志>人生哲学,https://category.dangdang.com/cp01.21.01.00.00.00.html
当当网,48101,48097,人际交往,图书童书>成功/励志>人际交往,https://category.dangdang.com/cp01.21.09.00.00.00.html
当当网,48102,48097,口才/演讲/辩论,图书童书>成功/励志>口才/演讲/辩论,https://category.dangdang.com/cp01.21.12.00.00.00.html
当当网,48103,1000000,生活,图书童书>生活,
当当网,48104,48103,两性,图书童书>生活>两性,https://category.dangdang.com/cp01.16.00.00.00.00.html
当当网,48105,48103,孕期,图书童书>生活>孕期,https://category.dangdang.com/cp01.06.00.00.00.00.html
当当网,48106,48103,育儿,图书童书>生活>育儿,https://category.dangdang.com/cp01.17.00.00.00.00.html
当当网,48107,48103,亲子家教,图书童书>生活>亲子家教,https://book.dangdang.com/01.15.htm
当当网,48108,48103,保健,图书童书>生活>保健,https://book.dangdang.com/01.18.htm
当当网,48109,48103,运动,图书童书>生活>运动,https://category.dangdang.com/cp01.19.00.00.00.00.html
当当网,48110,48103,休闲,图书童书>生活>休闲,https://category.dangdang.com/cp01.04.00.00.00.00.html
当当网,48111,48103,旅游,图书童书>生活>旅游,https://book.dangdang.com/01.12.htm
当当网,48112,48103,美食,图书童书>生活>美食,https://category.dangdang.com/cp01.10.00.00.00.00.html
当当网,48113,48103,美妆,图书童书>生活>美妆,https://category.dangdang.com/cp01.11.00.00.00.00.html
当当网,48114,48103,手工DIY,图书童书>生活>手工DIY,https://category.dangdang.com/cp01.20.00.00.00.00.html
当当网,48115,48103,家庭家居,图书童书>生活>家庭家居,https://category.dangdang.com/cp01.14.00.00.00.00.html
当当网,48116,1000000,经济/管理,图书童书>经济/管理,
当当网,48117,48116,经济,图书童书>经济/管理>经济,https://book.dangdang.com/01.25.htm
当当网,48118,48116,管理,图书童书>经济/管理>管理,https://book.dangdang.com/01.22.htm
当当网,48119,48116,投资理财,图书童书>经济/管理>投资理财,https://book.dangdang.com/01.24.htm
当当网,48120,48116,股票,图书童书>经济/管理>股票,https://category.dangdang.com/cp01.24.01.00.00.00.html
当当网,48121,48116,金融,图书童书>经济/管理>金融,https://category.dangdang.com/cp01.22.07.00.00.00.html
当当网,48122,48116,市场/销售,图书童书>经济/管理>市场/销售,https://category.dangdang.com/cp01.22.03.00.00.00.html
当当网,48123,48116,会计,图书童书>经济/管理>会计,https://category.dangdang.com/cp01.22.02.00.00.00.html
当当网,48124,48116,互联网,图书童书>经济/管理>互联网,https://category.dangdang.com/cp01.22.14.00.00.00.html
当当网,48125,1000000,科技,图书童书>科技,https://book.dangdang.com/tech
当当网,48126,48125,科普读物,图书童书>科技>科普读物,https://book.dangdang.com/01.52.htm
当当网,48127,48125,计算机/网络,图书童书>科技>计算机/网络,https://category.dangdang.com/cp01.54.00.00.00.00.html
当当网,48128,48125,医学,图书童书>科技>医学,https://category.dangdang.com/cp01.56.00.00.00.00.html
当当网,48129,48125,工业技术,图书童书>科技>工业技术,https://category.dangdang.com/cp01.63.00.00.00.00.html
当当网,48130,48125,建筑,图书童书>科技>建筑,https://category.dangdang.com/cp01.55.00.00.00.00.html
当当网,48131,48125,自然科学,图书童书>科技>自然科学,https://category.dangdang.com/cp01.62.00.00.00.00.html
当当网,48132,48125,农业/林业,图书童书>科技>农业/林业,https://category.dangdang.com/cp01.66.00.00.00.00.html
当当网,48133,1000000,当当出版,图书童书>当当出版,
当当网,48134,48133,小说,图书童书>当当出版>小说,https://book.dangdang.com/20201021_tw4t
当当网,48135,48133,文学,图书童书>当当出版>文学,https://book.dangdang.com/20201021_aaif
当当网,48136,48133,社科,图书童书>当当出版>社科,https://book.dangdang.com/20201021_rozp
当当网,48137,48133,外语,图书童书>当当出版>外语,https://book.dangdang.com/20201021_zx4t
当当网,48138,48133,教辅,图书童书>当当出版>教辅,https://book.dangdang.com/20201021_mvca
当当网,48139,48133,童书,图书童书>当当出版>童书,https://book.dangdang.com/20181113_11tc
当当网,48140,48133,青春文学,图书童书>当当出版>青春文学,https://book.dangdang.com/20201021_xgiv
当当网,48141,48133,生活,图书童书>当当出版>生活,https://book.dangdang.com/20201021_beuo
当当网,48142,48133,励志,图书童书>当当出版>励志,https://book.dangdang.com/20201021_eijv
当当网,48143,1000000,期刊/进口书,图书童书>期刊/进口书,
当当网,48144,48143,英文图书,图书童书>期刊/进口书>英文图书,https://category.dangdang.com/cp01.58.00.00.00.00.html
当当网,48145,48143,港台图书,图书童书>期刊/进口书>港台图书,https://category.dangdang.com/cp01.59.00.00.00.00.html
当当网,48146,48143,日文图书,图书童书>期刊/进口书>日文图书,https://category.dangdang.com/cp01.69.00.00.00.00.html
当当网,48147,48143,法文图书,图书童书>期刊/进口书>法文图书,https://category.dangdang.com/cp01.75.00.00.00.00.html
当当网,48148,48143,韩文图书,图书童书>期刊/进口书>韩文图书,https://category.dangdang.com/cp01.73.00.00.00.00.html
当当网,48149,48143,其他语种,图书童书>期刊/进口书>其他语种,https://category.dangdang.com/cp01.78.00.00.00.00.html
当当网,48150,48143,杂志,图书童书>期刊/进口书>杂志,https://book.dangdang.com/20181029_d21t
当当网,48151,48143,英文原版小说,图书童书>期刊/进口书>英文原版小说,https://category.dangdang.com/cp01.58.03.00.00.00.html
当当网,48152,48143,进口艺术画册,图书童书>期刊/进口书>进口艺术画册,https://category.dangdang.com/cp01.58.05.00.00.00.html
当当网,48153,1000000,音像,图书童书>音像,
当当网,48154,48153,音乐,图书童书>音像>音乐,https://category.dangdang.com/cp03.00.00.00.00.00.html
当当网,48155,48153,影视,图书童书>音像>影视,https://category.dangdang.com/cp05.00.00.00.00.00.html
当当网,48156,48153,软件,图书童书>音像>软件,https://category.dangdang.com/cp10.00.00.00.00.00.html
当当网,48157,48153,教育音像,图书童书>音像>教育音像,https://category.dangdang.com/cp07.00.00.00.00.00.html
当当网,48158,48153,华语流行,图书童书>音像>华语流行,https://category.dangdang.com/cp03.01.00.00.00.00.html
当当网,48159,48153,儿童音乐,图书童书>音像>儿童音乐,https://category.dangdang.com/cp03.26.00.00.00.00.html
当当网,48160,48153,动画片,图书童书>音像>动画片,https://category.dangdang.com/cp05.04.00.00.00.00.html
当当网,2000000,1000000,排行榜,图书童书>排行榜,
当当网,48039,2000000,图书畅销榜,图书童书>排行榜>图书畅销榜,bang.dangdang.com/books/bestsellers/01.00.00.00.00.00-recent7-0-0-1-1
当当网,48040,2000000,新书热卖榜,图书童书>排行榜>新书热卖榜,bang.dangdang.com/books/newhotsales/01.00.00.00.00.00-recent7-0-0-1-1
当当网,48041,2000000,童书榜,图书童书>排行榜>童书榜,bang.dangdang.com/books/childrensbooks
当当网,48042,2000000,热搜榜,图书童书>排行榜>热搜榜,bang.dangdang.com/books/hotbang
当当网,48043,2000000,好评榜,图书童书>排行榜>好评榜,bang.dangdang.com/books/fivestars/01.00.00.00.00.00-recent30-0-0-1-1
当当网,48044,2000000,飙升榜,图书童书>排行榜>飙升榜,bang.dangdang.com/books/soaringsales/01.00.00.00.00.00-0-0-0-2-1
当当网,48045,2000000,特价榜,图书童书>排行榜>特价榜,bang.dangdang.com/books/surplusbooks/01.00.00.00.00.00-recent7-0-0-2-1
当当网,48037,1000000,图书馆,图书童书>图书馆,https://book.dangdang.com/
当当网,48038,1000000,童书馆,图书童书>童书馆,https://book.dangdang.com/children
当当网,1000001,,电子书,电子书,
当当网,48162,,电子书,电子书,e.dangdang.com/index_page.html
当当网,48173,1000001,特价,电子书>特价,
当当网,48174,48173,免费书,电子书>特价>免费书,e.dangdang.com/morelist_page.html?columnType=all_pcfreebook&title=%E5%85%8D%E8%B4%B9%E4%B8%93
当当网,48175,48173,特价书,电子书>特价>特价书,https://category.dangdang.com/cp98.01.03.00.00.00-srsort_pubdate_desc-lp-hp5-sc4-ld0-hd3.html
当当网,48176,48173,限时抢,电子书>特价>限时抢,e.dangdang.com/special_page.html?stId=1679
当当网,48177,1000001,小说,电子书>小说,e.dangdang.com/classification_list_page.html?category=XS2&dimension=dd_sale&order=0
当当网,48178,48177,侦探/悬疑/推理,电子书>小说>侦探/悬疑/推理,e.dangdang.com/classification_list_page.html?category=ZTXYTL&dimension=dd_sale&order=0
当当网,48179,48177,玄幻/惊悚,电子书>小说>玄幻/惊悚,e.dangdang.com/classification_list_page.html?category=JSKB&dimension=dd_sale&order=0
当当网,48180,48177,中国近当代小说,电子书>小说>中国近当代小说,e.dangdang.com/classification_list_page.html?category=ZGJDDXS&dimension=dd_sale&order=0
当当网,48181,48177,中国古典小说,电子书>小说>中国古典小说,e.dangdang.com/classification_list_page.html?category=ZGGDXS&dimension=dd_sale&order=0
当当网,48182,48177,武侠小说,电子书>小说>武侠小说,e.dangdang.com/classification_list_page.html?category=WXXS&dimension=dd_sale&order=0
当当网,48183,48177,外国小说,电子书>小说>外国小说,e.dangdang.com/classification_list_page.html?category=WGXS&dimension=dd_sale&order=0
当当网,48184,48177,穿越/言情,电子书>小说>穿越/言情,e.dangdang.com/classification_list_page.html?category=CYYQ&dimension=dd_sale&order=0
当当网,48185,48177,爱情/情感,电子书>小说>爱情/情感,e.dangdang.com/classification_list_page.html?category=AQQG&dimension=dd_sale&order=0
当当网,48186,48177,影视/娱乐,电子书>小说>影视/娱乐,e.dangdang.com/classification_list_page.html?category=YSYL&dimension=dd_sale&order=0
当当网,48187,1000001,文艺,电子书>文艺,e.dangdang.com/classification_list_page.html?category=WY1&dimension=dd_sale&order=0
当当网,48188,48187,传记,电子书>文艺>传记,e.dangdang.com/classification_list_page.html?category=ZJ&dimension=dd_sale&order=0
当当网,48189,48187,文学评论与鉴赏,电子书>文艺>文学评论与鉴赏,e.dangdang.com/classification_list_page.html?category=WXPLYJS&dimension=dd_sale&order=0
当当网,48190,48187,随笔,电子书>文艺>随笔,e.dangdang.com/classification_list_page.html?category=WXZPJ&dimension=dd_sale&order=0
当当网,48191,48187,文学作品集,电子书>文艺>文学作品集,e.dangdang.com/classification_list_page.html?category=WXZPJ&dimension=dd_sale&order=0
当当网,48192,48187,纪实文学,电子书>文艺>纪实文学,e.dangdang.com/classification_list_page.html?category=JSWX&dimension=dd_sale&order=0
当当网,48193,48187,艺术,电子书>文艺>艺术,e.dangdang.com/classification_list_page.html?category=YS&dimension=dd_sale&order=0
当当网,48194,48187,摄影,电子书>文艺>摄影,e.dangdang.com/classification_list_page.html?category=SY&dimension=dd_sale&order=0
当当网,48195,1000001,经管/励志,电子书>经管/励志,e.dangdang.com/classification_list_page.html?category=GL&dimension=dd_sale&order=0
当当网,48196,48195,成功/励志,电子书>经管/励志>成功/励志,e.dangdang.com/classification_list_page.html?category=CGLZ&dimension=dd_sale&order=0
当当网,48197,48195,管理,电子书>经管/励志>管理,e.dangdang.com/classification_list_page.html?category=GL&dimension=dd_sale&order=0
当当网,48198,48195,投资理财,电子书>经管/励志>投资理财,e.dangdang.com/classification_list_page.html?category=GL&dimension=dd_sale&order=0
当当网,48199,48195,经济,电子书>经管/励志>经济,e.dangdang.com/classification_list_page.html?category=GL&dimension=dd_sale&order=0
当当网,48200,1000001,社科,电子书>社科,e.dangdang.com/classification_list_page.html?category=GL&dimension=dd_sale&order=0
当当网,48201,48200,历史,电子书>社科>历史,e.dangdang.com/classification_list_page.html?category=GL&dimension=dd_sale&order=0
当当网,48202,48200,心理学,电子书>社科>心理学,e.dangdang.com/classification_list_page.html?category=GL&dimension=dd_sale&order=0
当当网,48203,48200,哲学政治/军事,电子书>社科>哲学政治/军事,e.dangdang.com/classification_list_page.html?category=GL&dimension=dd_sale&order=0
当当网,48204,48200,社会科学,电子书>社科>社会科学,e.dangdang.com/classification_list_page.html?category=GL&dimension=dd_sale&order=0
当当网,48205,48200,古籍,电子书>社科>古籍,e.dangdang.com/classification_list_page.html?category=GL&dimension=dd_sale&order=0
当当网,48206,48200,法律,电子书>社科>法律,e.dangdang.com/classification_list_page.html?category=GL&dimension=dd_sale&order=0
当当网,48207,1000001,生活,电子书>生活,e.dangdang.com/classification_list_page.html?category=GL&dimension=dd_sale&order=0
当当网,48208,48207,亲子/家教,电子书>生活>亲子/家教,e.dangdang.com/classification_list_page.html?category=GL&dimension=dd_sale&order=0
当当网,48209,48207,育儿/早教,电子书>生活>育儿/早教,e.dangdang.com/classification_list_page.html?category=GL&dimension=dd_sale&order=0
当当网,48210,48207,两性关系,电子书>生活>两性关系,e.dangdang.com/classification_list_page.html?category=GL&dimension=dd_sale&order=0
当当网,48211,48207,孕产/胎教,电子书>生活>孕产/胎教,e.dangdang.com/classification_list_page.html?category=GL&dimension=dd_sale&order=0
当当网,48212,48207,保健/养生,电子书>生活>保健/养生,e.dangdang.com/classification_list_page.html?category=GL&dimension=dd_sale&order=0
当当网,48213,48207,旅游/地图,电子书>生活>旅游/地图,e.dangdang.com/classification_list_page.html?category=GL&dimension=dd_sale&order=0
当当网,48214,48207,烹饪/美食,电子书>生活>烹饪/美食,e.dangdang.com/classification_list_page.html?category=GL&dimension=dd_sale&order=0
当当网,48215,48207,时尚/美妆,电子书>生活>时尚/美妆,e.dangdang.com/classification_list_page.html?category=GL&dimension=dd_sale&order=0
当当网,48216,48207,手工/DIY,电子书>生活>手工/DIY,e.dangdang.com/classification_list_page.html?category=GL&dimension=dd_sale&order=0
当当网,48217,48207,家庭/家居,电子书>生活>家庭/家居,e.dangdang.com/classification_list_page.html?category=GL&dimension=dd_sale&order=0
当当网,48218,1000001,科教/进口书,电子书>科教/进口书,e.dangdang.com/classification_list_page.html?category=KJ&dimension=dd_sale&order=0
当当网,48219,48218,计算机/网络,电子书>科教/进口书>计算机/网络,e.dangdang.com/classification_list_page.html?category=GL&dimension=dd_sale&order=0
当当网,48220,48218,医学,电子书>科教/进口书>医学,e.dangdang.com/classification_list_page.html?category=GL&dimension=dd_sale&order=0
当当网,48221,48218,考试,电子书>科教/进口书>考试,e.dangdang.com/classification_list_page.html?category=GL&dimension=dd_sale&order=0
当当网,48222,48218,外语,电子书>科教/进口书>外语,e.dangdang.com/classification_list_page.html?category=GL&dimension=dd_sale&order=0
当当网,48223,48218,中小学教辅,电子书>科教/进口书>中小学教辅,e.dangdang.com/classification_list_page.html?category=GL&dimension=dd_sale&order=0
当当网,48224,48218,大中专教材,电子书>科教/进口书>大中专教材,e.dangdang.com/classification_list_page.html?category=GL&dimension=dd_sale&order=0
当当网,48225,48218,工具书,电子书>科教/进口书>工具书,e.dangdang.com/classification_list_page.html?category=GL&dimension=dd_sale&order=0
当当网,48226,48218,童书,电子书>科教/进口书>童书,e.dangdang.com/classification_list_page.html?category=GL&dimension=dd_sale&order=0
当当网,48227,48218,进口书,电子书>科教/进口书>进口书,e.dangdang.com/classification_list_page.html?category=GL&dimension=dd_sale&order=0
当当网,48228,1000001,下载app,电子书>下载app,https://book.dangdang.com/ddapp
当当网,48229,48228,安卓版,电子书>下载app>安卓版,https://book.dangdang.com/ddapp
当当网,48230,48228,iOS版,电子书>下载app>iOS版,https://book.dangdang.com/ddapp
当当网,2000001,1000001,排行榜,电子书>排行榜,
当当网,48166,2000001,畅销总榜,电子书>排行榜>畅销总榜,bang.dangdang.com/books/ebooks/98.01.00.00.00.00-24hours-0-0-1-1
当当网,48167,2000001,新书榜,电子书>排行榜>新书榜,bang.dangdang.com/books/enewhotbooks/98.01.00.00.00.00-24hours-0-0-1-1
当当网,48168,2000001,文艺小说榜,电子书>排行榜>文艺小说榜,bang.dangdang.com/books/ebooks/98.01.03.00.00.00-24hours-0-0-1-1
当当网,48169,2000001,经管励志榜,电子书>排行榜>经管励志榜,bang.dangdang.com/books/ebooks/98.01.21.00.00.00-24hours-0-0-1-1
当当网,48170,2000001,社科历史榜,电子书>排行榜>社科历史榜,bang.dangdang.com/books/ebooks/98.01.36.00.00.00-24hours-0-0-1-1
当当网,48171,2000001,科教榜,电子书>排行榜>科教榜,bang.dangdang.com/books/ebooks/98.01.45.00.00.00-24hours-0-0-1-1
当当网,48172,2000001,生活榜,电子书>排行榜>生活榜,bang.dangdang.com/books/ebooks/98.01.10.00.00.00-24hours-0-0-1-1
当当网,48163,1000001,免费书,电子书>免费书,e.dangdang.com/special_page.html?stId=1447
当当网,48164,1000001,电子书馆,电子书>电子书馆,e.dangdang.com/index_page.html
当当网,48165,1000001,下载当当云阅读,电子书>下载当当云阅读,https://book.dangdang.com/ddapp
当当网,1000002,,创意文具,创意文具,
当当网,48232,,创意文具,创意文具,https://search.dangdang.com/?key=%B4%B4%D2%E2%CE%C4%BE%DF&act=input
当当网,48233,1000002,学生文具,创意文具>学生文具,https://category.dangdang.com/cid10009531.html
当当网,48234,48233,笔袋/文具袋,创意文具>学生文具>笔袋/文具袋,https://category.dangdang.com/cid10009532.html
当当网,48235,48233,文具盒,创意文具>学生文具>文具盒,https://category.dangdang.com/cid10009533.html
当当网,48236,48233,卷笔刀/削笔刀,创意文具>学生文具>卷笔刀/削笔刀,https://category.dangdang.com/cid10009534.html
当当网,48237,48233,练字帖/练字板,创意文具>学生文具>练字帖/练字板,https://category.dangdang.com/cid10009535.html
当当网,48238,48233,书皮,创意文具>学生文具>书皮,https://category.dangdang.com/cid10009536.html
当当网,48239,48233,视力保护器,创意文具>学生文具>视力保护器,https://category.dangdang.com/cid10009537.html
当当网,48240,48233,握笔器,创意文具>学生文具>握笔器,https://category.dangdang.com/cid10009538.html
当当网,48241,48233,橡皮,创意文具>学生文具>橡皮,https://category.dangdang.com/cid10009539.html
当当网,48242,48233,修正液/修正带/修正贴,创意文具>学生文具>修正液/修正带/修正贴,https://category.dangdang.com/cid10009540.html
当当网,48243,48233,学生用印/卡通印泥,创意文具>学生文具>学生用印/卡通印泥,https://category.dangdang.com/cid10009541.html
当当网,48244,48233,彩泥/橡皮泥,创意文具>学生文具>彩泥/橡皮泥,https://category.dangdang.com/cid10009542.html
当当网,48245,48233,学生用尺,创意文具>学生文具>学生用尺,https://category.dangdang.com/cid10009544.html
当当网,48246,48233,礼盒套装,创意文具>学生文具>礼盒套装,https://category.dangdang.com/cid10009682.html
当当网,48247,48233,圆规,创意文具>学生文具>圆规,https://category.dangdang.com/cid10009683.html
当当网,48248,48233,书包,创意文具>学生文具>书包,https://category.dangdang.com/cid10009684.html
当当网,48249,48233,地球仪,创意文具>学生文具>地球仪,https://category.dangdang.com/cid10010055.html
当当网,48250,48233,儿童DIY,创意文具>学生文具>儿童DIY,https://category.dangdang.com/cid10010072.html
当当网,48251,48233,其他,创意文具>学生文具>其他,https://category.dangdang.com/cid10009543.html
当当网,48252,1000002,笔类,创意文具>笔类,https://category.dangdang.com/cid10009437.html
当当网,48253,48252,钢笔,创意文具>笔类>钢笔,https://category.dangdang.com/cid10009438.html
当当网,48254,48252,签字笔,创意文具>笔类>签字笔,https://category.dangdang.com/cid10009439.html
当当网,48255,48252,圆珠笔,创意文具>笔类>圆珠笔,https://category.dangdang.com/cid10009440.html
当当网,48256,48252,中性笔,创意文具>笔类>中性笔,https://category.dangdang.com/cid10009441.html
当当网,48257,48252,铅笔,创意文具>笔类>铅笔,https://category.dangdang.com/cid10009442.html
当当网,48258,48252,记号笔,创意文具>笔类>记号笔,https://category.dangdang.com/cid10009443.html
当当网,48259,48252,马克笔,创意文具>笔类>马克笔,https://category.dangdang.com/cid10009444.html
当当网,48260,48252,泡泡笔,创意文具>笔类>泡泡笔,https://category.dangdang.com/cid10009445.html
当当网,48261,48252,荧光笔,创意文具>笔类>荧光笔,https://category.dangdang.com/cid10009446.html
当当网,48262,48252,油漆笔,创意文具>笔类>油漆笔,https://category.dangdang.com/cid10009447.html
当当网,48263,48252,正姿笔,创意文具>笔类>正姿笔,https://category.dangdang.com/cid10009450.html
当当网,48264,48252,笔用墨水/补充液/墨囊,创意文具>笔类>笔用墨水/补充液/墨囊,https://category.dangdang.com/cid10009452.html
当当网,48265,48252,替芯/铅芯,创意文具>笔类>替芯/铅芯,https://category.dangdang.com/cid10009453.html
当当网,48266,48252,其他功能笔,创意文具>笔类>其他功能笔,https://category.dangdang.com/cid10009451.html
当当网,48267,1000002,纸张本册,创意文具>纸张本册,https://category.dangdang.com/cid10009511.html
当当网,48268,48267,笔记本/记事本,创意文具>纸张本册>笔记本/记事本,https://category.dangdang.com/cid10009512.html
当当网,48269,48267,不干胶标签/贴纸,创意文具>纸张本册>不干胶标签/贴纸,https://category.dangdang.com/cid10009514.html
当当网,48270,48267,包装纸,创意文具>纸张本册>包装纸,https://category.dangdang.com/cid10009515.html
当当网,48271,48267,分页纸/索引纸,创意文具>纸张本册>分页纸/索引纸,https://category.dangdang.com/cid10009517.html
当当网,48272,48267,复写纸,创意文具>纸张本册>复写纸,https://category.dangdang.com/cid10009518.html
当当网,48273,48267,活页替芯,创意文具>纸张本册>活页替芯,https://category.dangdang.com/cid10009519.html
当当网,48274,48267,课业本/教学用本,创意文具>纸张本册>课业本/教学用本,https://category.dangdang.com/cid10009521.html
当当网,48275,48267,日记本,创意文具>纸张本册>日记本,https://category.dangdang.com/cid10009523.html
当当网,48276,48267,书签,创意文具>纸张本册>书签,https://category.dangdang.com/cid10009524.html
当当网,48277,48267,同学录/纪念册,创意文具>纸张本册>同学录/纪念册,https://category.dangdang.com/cid10009525.html
当当网,48278,48267,通讯录/电话本,创意文具>纸张本册>通讯录/电话本,https://category.dangdang.com/cid10009526.html
当当网,48279,48267,文稿纸/草稿纸,创意文具>纸张本册>文稿纸/草稿纸,https://category.dangdang.com/cid10009527.html
当当网,48280,48267,信纸/信封,创意文具>纸张本册>信纸/信封,https://category.dangdang.com/cid10009528.html
当当网,48281,48267,折纸/手工纸,创意文具>纸张本册>折纸/手工纸,https://category.dangdang.com/cid10009529.html
当当网,48282,48267,台历,创意文具>纸张本册>台历,https://category.dangdang.com/cid10009681.html
当当网,48283,48267,其他,创意文具>纸张本册>其他,https://category.dangdang.com/cid10009530.html
当当网,48284,1000002,画具/画材,创意文具>画具/画材,https://category.dangdang.com/cid10009454.html
当当网,48285,48284,勾线笔,创意文具>画具/画材>勾线笔,https://category.dangdang.com/cid10009455.html
当当网,48286,48284,水彩笔,创意文具>画具/画材>水彩笔,https://category.dangdang.com/cid10009458.html
当当网,48287,48284,蜡笔,创意文具>画具/画材>蜡笔,https://category.dangdang.com/cid10009459.html
当当网,48288,48284,油画棒,创意文具>画具/画材>油画棒,https://category.dangdang.com/cid10009460.html
当当网,48289,48284,丙烯颜料,创意文具>画具/画材>丙烯颜料,https://category.dangdang.com/cid10009461.html
当当网,48290,48284,水彩颜料,创意文具>画具/画材>水彩颜料,https://category.dangdang.com/cid10009463.html
当当网,48291,48284,水粉颜料,创意文具>画具/画材>水粉颜料,https://category.dangdang.com/cid10009464.html
当当网,48292,48284,画板/画架,创意文具>画具/画材>画板/画架,https://category.dangdang.com/cid10009466.html
当当网,48293,48284,绘图/白图纸,创意文具>画具/画材>绘图/白图纸,https://category.dangdang.com/cid10009467.html
当当网,48294,48284,描图/硫酸纸,创意文具>画具/画材>描图/硫酸纸,https://category.dangdang.com/cid10009468.html
当当网,48295,48284,毛边纸,创意文具>画具/画材>毛边纸,https://category.dangdang.com/cid10009469.html
当当网,48296,48284,铅画纸,创意文具>画具/画材>铅画纸,https://category.dangdang.com/cid10009470.html
当当网,48297,48284,素描/速写本,创意文具>画具/画材>素描/速写本,https://category.dangdang.com/cid10009471.html
当当网,48298,48284,书法用纸,创意文具>画具/画材>书法用纸,https://category.dangdang.com/cid10009471.html
当当网,48299,48284,水写布,创意文具>画具/画材>水写布,https://category.dangdang.com/cid10009473.html
当当网,48300,48284,宣纸,创意文具>画具/画材>宣纸,https://category.dangdang.com/cid10009473.html
当当网,48301,48284,字帖临摹纸,创意文具>画具/画材>字帖临摹纸,https://category.dangdang.com/cid10009475.html
当当网,48302,48284,儿童填色本,创意文具>画具/画材>儿童填色本,https://category.dangdang.com/cid10009476.html
当当网,48303,48284,毛笔,创意文具>画具/画材>毛笔,https://category.dangdang.com/cid10009649.html
当当网,48304,48284,其他,创意文具>画具/画材>其他,https://category.dangdang.com/cid10009530.html
当当网,48305,1000002,文房用品,创意文具>文房用品,https://category.dangdang.com/cid10009480.html
当当网,48306,48305,镇纸,创意文具>文房用品>镇纸,https://category.dangdang.com/cid10009481.html
当当网,48307,48305,印泥,创意文具>文房用品>印泥,https://category.dangdang.com/cid10009488.html
当当网,48308,48305,笔挂,创意文具>文房用品>笔挂,https://category.dangdang.com/cid10009482.html
当当网,48309,48305,章料,创意文具>文房用品>章料,https://category.dangdang.com/cid10009483.html
当当网,48310,48305,笔筒,创意文具>文房用品>笔筒,https://category.dangdang.com/cid10009483.html
当当网,48311,48305,笔架/笔搁,创意文具>文房用品>笔架/笔搁,https://category.dangdang.com/cid10009485.html
当当网,48312,48305,笔洗,创意文具>文房用品>笔洗,https://category.dangdang.com/cid10009486.html
当当网,48313,48305,毛毡,创意文具>文房用品>毛毡,https://category.dangdang.com/cid10009489.html
当当网,48314,48305,刻刀,创意文具>文房用品>刻刀,https://category.dangdang.com/cid10009490.html
当当网,48315,48305,墨汁,创意文具>文房用品>墨汁,https://category.dangdang.com/cid10009685.html
当当网,48316,48305,墨条,创意文具>文房用品>墨条,https://category.dangdang.com/cid10009686.html
当当网,48317,48305,砚台,创意文具>文房用品>砚台,https://category.dangdang.com/cid10009687.html
当当网,48318,1000002,办公用品,创意文具>办公用品,https://category.dangdang.com/cid10009493.html
当当网,48319,48318,笔架/笔插/笔筒,创意文具>办公用品>笔架/笔插/笔筒,https://category.dangdang.com/cid10009494.html
当当网,48320,48318,档案盒/档案袋,创意文具>办公用品>档案盒/档案袋,https://category.dangdang.com/cid10009496.html
当当网,48321,48318,风琴包/事务包,创意文具>办公用品>风琴包/事务包,https://category.dangdang.com/cid10009497.html
当当网,48322,48318,挂快劳夹,创意文具>办公用品>挂快劳夹,https://category.dangdang.com/cid10009498.html
当当网,48323,48318,卡套/证件套,创意文具>办公用品>卡套/证件套,https://category.dangdang.com/cid10009500.html
当当网,48324,48318,文件夹/文件袋,创意文具>办公用品>文件夹/文件袋,https://category.dangdang.com/cid10009499.html
当当网,48325,48318,名片盒/名片册,创意文具>办公用品>名片盒/名片册,https://category.dangdang.com/cid10009501.html
当当网,48326,48318,胶粘用品,创意文具>办公用品>胶粘用品,https://category.dangdang.com/cid10009548.html
当当网,48327,48318,计算器,创意文具>办公用品>计算器,https://category.dangdang.com/cid10009689.html
当当网,48328,48318,书立/阅读架,创意文具>办公用品>书立/阅读架,https://category.dangdang.com/cid10009503.html
当当网,48329,48318,相册,创意文具>办公用品>相册,https://category.dangdang.com/cid10009507.html
当当网,48330,48318,资料册,创意文具>办公用品>资料册,https://category.dangdang.com/cid10009508.html
当当网,48331,48318,裁剪用品,创意文具>办公用品>裁剪用品,https://category.dangdang.com/cid10009546.html
当当网,48332,48318,装订用品,创意文具>办公用品>装订用品,https://category.dangdang.com/cid10009547.html
当当网,48333,48318,胶粘用品,创意文具>办公用品>胶粘用品,https://category.dangdang.com/cid10009548.html
当当网,48334,48318,绘图测量用品,创意文具>办公用品>绘图测量用品,https://category.dangdang.com/cid10009549.html
当当网,1000003,,服饰内衣,服饰内衣,
当当网,48336,,服饰,服饰,https://category.dangdang.com/cid4003844.html
当当网,48337,,内衣,内衣,https://category.dangdang.com/cid10010337.html
当当网,48338,1000003,女装,服饰内衣>女装,https://category.dangdang.com/cid4003844.html
当当网,48339,48338,T恤,服饰内衣>女装>T恤,https://category.dangdang.com/cid4008150.html
当当网,48340,48338,外套,服饰内衣>女装>外套,https://category.dangdang.com/cid4008154.html
当当网,48341,48338,卫衣,服饰内衣>女装>卫衣,https://category.dangdang.com/cid4010998.html
当当网,48342,48338,半身裙,服饰内衣>女装>半身裙,https://category.dangdang.com/cid4011007.html
当当网,48343,48338,休闲裤,服饰内衣>女装>休闲裤,https://category.dangdang.com/cid4011009.html
当当网,48344,48338,牛仔裤,服饰内衣>女装>牛仔裤,https://category.dangdang.com/cid4011008.html
当当网,48345,48338,羽绒服,服饰内衣>女装>羽绒服,https://category.dangdang.com/cid4010275.html
当当网,48346,1000003,男装,服饰内衣>男装,https://category.dangdang.com/cid10010336.html
当当网,48347,48346,卫衣,服饰内衣>男装>卫衣,https://search.dangdang.com/?key=%CE%C0%D2%C2&category_id=10010336#J_tab
当当网,48348,48346,夹克,服饰内衣>男装>夹克,https://search.dangdang.com/?key=%BC%D0%BF%CB&category_id=10010336#J_tab
当当网,48349,48346,休闲裤,服饰内衣>男装>休闲裤,https://search.dangdang.com/?key=%C5%A3%D7%D0%BF%E3&category_id=10010336#J_tab
当当网,48350,48346,牛仔裤,服饰内衣>男装>牛仔裤,https://search.dangdang.com/?key=%C5%A3%D7%D0%BF%E3&category_id=10010336#J_tab
当当网,48351,48346,长袖T恤,服饰内衣>男装>长袖T恤,https://search.dangdang.com/?key=%B3%A4%D0%E4T%D0%F4&category_id=10010336#J_tab
当当网,48352,48346,长袖衬衫,服饰内衣>男装>长袖衬衫,https://search.dangdang.com/?key=%B3%A4%D0%E4%B3%C4%C9%C0&category_id=10010336#J_tab
当当网,48353,48346,针织衫,服饰内衣>男装>针织衫,https://search.dangdang.com/?key=%D5%EB%D6%AF%C9%C0&category_id=10010336#J_tab
当当网,48354,48346,风衣,服饰内衣>男装>风衣,https://search.dangdang.com/?key=%B7%E7%D2%C2&category_id=10010336#J_tab
当当网,48355,48346,毛呢大衣,服饰内衣>男装>毛呢大衣,https://search.dangdang.com/?key=%C3%AB%C4%D8%B4%F3%D2%C2&category_id=10010336#J_tab
当当网,48356,48346,皮衣,服饰内衣>男装>皮衣,https://search.dangdang.com/?key=%C6%A4%D2%C2&category_id=10010336#J_tab
当当网,48357,48346,外套,服饰内衣>男装>外套,https://category.dangdang.com/cid4008123.html
当当网,48358,48346,短袖T恤,服饰内衣>男装>短袖T恤,https://search.dangdang.com/?key=%B6%CC%D0%E4T%D0%F4&category_id=10010336#J_tab
当当网,48359,48346,polo衫,服饰内衣>男装>polo衫,https://search.dangdang.com/?key=Polo%C9%C0&category_id=10010336#J_tab
当当网,48360,48346,短袖衬衫,服饰内衣>男装>短袖衬衫,https://search.dangdang.com/?key=%B6%CC%D0%E4%B3%C4%C9%C0&category_id=10010336#J_tab
当当网,48361,48346,短裤,服饰内衣>男装>短裤,https://search.dangdang.com/?key=%B6%CC%BF%E3&category_id=10010336#J_tab
当当网,48362,48346,西服,服饰内衣>男装>西服,https://search.dangdang.com/?key=%CE%F7%B7%FE&category_id=10010336#J_tab
当当网,48363,48346,西裤,服饰内衣>男装>西裤,https://search.dangdang.com/?key=%CE%F7%BF%E3&category_id=10010336#J_tab
当当网,48364,48346,羽绒服,服饰内衣>男装>羽绒服,https://search.dangdang.com/?key=%D3%F0%C8%DE%B7%FE&category_id=10010336#J_tab
当当网,48365,1000003,内衣,服饰内衣>内衣,https://category.dangdang.com/cid10010337.html
当当网,48366,48365,男士家居服,服饰内衣>内衣>男士家居服,https://search.dangdang.com/?key=%C4%D0%CA%BF%BC%D2%BE%D3%B7%FE&act=input
当当网,48367,48365,浴袍,服饰内衣>内衣>浴袍,https://search.dangdang.com/?key=%D4%A1%C5%DB&act=input
当当网,48368,48365,秋衣秋裤,服饰内衣>内衣>秋衣秋裤,https://search.dangdang.com/?key=%C7%EF%D2%C2%C7%EF%BF%E3&act=input&page_index=1
当当网,48369,48365,女士内裤,服饰内衣>内衣>女士内裤,https://search.dangdang.com/?key=%C5%AE%CA%BF%C4%DA%BF%E3&act=input
当当网,48370,48365,男士内裤,服饰内衣>内衣>男士内裤,https://search.dangdang.com/?key=%C4%D0%CA%BF%C4%DA%BF%E3&act=input
当当网,48371,48365,打底裤,服饰内衣>内衣>打底裤,https://search.dangdang.com/?key=%B4%F2%B5%D7%BF%E3&act=input
当当网,48372,48365,男袜,服饰内衣>内衣>男袜,https://search.dangdang.com/?key=%C4%D0%CD%E0&act=input
当当网,48373,48365,棉袜,服饰内衣>内衣>棉袜,https://search.dangdang.com/?key=%C3%DE%CD%E0&act=input
当当网,48374,48365,连裤袜,服饰内衣>内衣>连裤袜,https://search.dangdang.com/?key=%C1%AC%BF%E3%CD%E0&act=input
当当网,48375,48365,女士保暖,服饰内衣>内衣>女士保暖,https://search.dangdang.com/?key=%C5%AE%CA%BF%B1%A3%C5%AF%C4%DA%D2%C2&act=input
当当网,48376,48365,男士保暖,服饰内衣>内衣>男士保暖,https://search.dangdang.com/?key=%C4%D0%CA%BF%B1%A3%C5%AF%C4%DA%D2%C2&act=input
当当网,48377,48365,保暖套装,服饰内衣>内衣>保暖套装,https://search.dangdang.com/?key=%B1%A3%C5%AF%C4%DA%D2%C2&act=input
当当网,48378,1000003,童装童鞋,服饰内衣>童装童鞋,https://category.dangdang.com/cid4004344.html
当当网,48379,48378,长袖T恤,服饰内衣>童装童鞋>长袖T恤,https://category.dangdang.com/cid4009360.html
当当网,48380,48378,裤子,服饰内衣>童装童鞋>裤子,https://category.dangdang.com/cid4009369.html
当当网,48381,48378,连衣裙,服饰内衣>童装童鞋>连衣裙,https://category.dangdang.com/cid4009363.html
当当网,48382,48378,卫衣,服饰内衣>童装童鞋>卫衣,https://category.dangdang.com/cid4009364.html
当当网,48383,48378,衬衫,服饰内衣>童装童鞋>衬衫,https://category.dangdang.com/cid4009361.html
当当网,48384,48378,套装,服饰内衣>童装童鞋>套装,https://category.dangdang.com/cid4009392.html
当当网,48385,48378,打底裤,服饰内衣>童装童鞋>打底裤,https://search.dangdang.com/?key=%B6%F9%CD%AF%B4%F2%B5%D7%BF%E3&act=input
当当网,48386,48378,针织衫,服饰内衣>童装童鞋>针织衫,https://category.dangdang.com/cid4009365.html
当当网,48387,48378,外套,服饰内衣>童装童鞋>外套,https://category.dangdang.com/cid4009367.html
当当网,48388,48378,背心,服饰内衣>童装童鞋>背心,https://category.dangdang.com/cid4009362.html
当当网,48389,48378,内衣家居,服饰内衣>童装童鞋>内衣家居,https://category.dangdang.com/cid4009370.html
当当网,48390,48378,羽绒服,服饰内衣>童装童鞋>羽绒服,https://category.dangdang.com/cid4009368.html
当当网,48391,48378,运动/户外鞋,服饰内衣>童装童鞋>运动/户外鞋,https://category.dangdang.com/cid4009377.html
当当网,48392,48378,休闲鞋,服饰内衣>童装童鞋>休闲鞋,https://category.dangdang.com/cid4009378.html
当当网,48393,48378,帆布鞋/板鞋,服饰内衣>童装童鞋>帆布鞋/板鞋,https://category.dangdang.com/cid4009379.html
当当网,48394,48378,凉鞋,服饰内衣>童装童鞋>凉鞋,https://category.dangdang.com/cid4009384.html
当当网,48395,48378,拖鞋,服饰内衣>童装童鞋>拖鞋,https://category.dangdang.com/cid4009383.html
当当网,48396,48378,棉鞋,服饰内衣>童装童鞋>棉鞋,https://category.dangdang.com/cid4009382.html
当当网,48397,48378,靴子,服饰内衣>童装童鞋>靴子,https://category.dangdang.com/cid4009380.html
当当网,1000004,,运动户外,运动户外,
当当网,48399,,运动户外,运动户外,https://search.dangdang.com/?key=%D4%CB%B6%AF%BB%A7%CD%E2&act=input&category_id=4003728&type=4003728
当当网,48400,1000004,运动鞋服,运动户外>运动鞋服,https://category.dangdang.com/cid4002384.html
当当网,48401,48400,跑步鞋,运动户外>运动鞋服>跑步鞋,https://category.dangdang.com/cid4002385.html
当当网,48402,48400,休闲鞋/板鞋,运动户外>运动鞋服>休闲鞋/板鞋,https://category.dangdang.com/cid4002392.html
当当网,48403,48400,篮球鞋,运动户外>运动鞋服>篮球鞋,https://category.dangdang.com/cid4002386.html
当当网,48404,48400,羽绒服,运动户外>运动鞋服>羽绒服,https://category.dangdang.com/cid4002551.html
当当网,48405,48400,夹克/外套,运动户外>运动鞋服>夹克/外套,https://category.dangdang.com/cid4002380.html
当当网,48406,48400,卫衣,运动户外>运动鞋服>卫衣,https://category.dangdang.com/cid4007781.html
当当网,48407,48400,运动裤,运动户外>运动鞋服>运动裤,https://category.dangdang.com/cid4009584.html
当当网,48408,48400,运动T恤,运动户外>运动鞋服>运动T恤,https://category.dangdang.com/cid4002922.html
当当网,48409,48400,运动套装,运动户外>运动鞋服>运动套装,https://category.dangdang.com/cid4009585.html
当当网,48410,48400,帆布鞋,运动户外>运动鞋服>帆布鞋,https://category.dangdang.com/cid4002389.html
当当网,48411,48400,运动包,运动户外>运动鞋服>运动包,https://category.dangdang.com/cid4002397.html
当当网,48412,48400,运动配件,运动户外>运动鞋服>运动配件,https://category.dangdang.com/cid4002543.html
当当网,48413,1000004,户外鞋服,运动户外>户外鞋服,https://category.dangdang.com/cid4009573.html
当当网,48414,48413,冲锋衣裤,运动户外>户外鞋服>冲锋衣裤,https://category.dangdang.com/cid4009574.html#ddclick?act=clickcat&pos=0_0_0_m&cat=4009575&key=&qinfo
当当网,48415,48413,皮肤风衣,运动户外>户外鞋服>皮肤风衣,https://search.dangdang.com/?key=%C6%A4%B7%F4%B7%E7%D2%C2
当当网,48416,48413,速干衣裤,运动户外>户外鞋服>速干衣裤,https://search.dangdang.com/?key=%CB%D9%B8%C9%D2%C2%BF%E3
当当网,48417,48413,软壳/抓绒衣裤,运动户外>户外鞋服>软壳/抓绒衣裤,https://search.dangdang.com/?key=%C8%ED%BF%C7%D7%A5%C8%DE
当当网,48418,48413,帽子手套,运动户外>户外鞋服>帽子手套,https://category.dangdang.com/cid4009597.html
当当网,48419,1000004,户外装备,运动户外>户外装备,https://category.dangdang.com/cid4009596.html
当当网,48420,48419,帐篷,运动户外>户外装备>帐篷,https://category.dangdang.com/cid4009589.html
当当网,48421,48419,防潮垫/野餐垫,运动户外>户外装备>防潮垫/野餐垫,https://category.dangdang.com/cid4009593.html
当当网,48422,48419,野炊/烧烤,运动户外>户外装备>野炊/烧烤,https://category.dangdang.com/cid4009591.html
当当网,48423,48419,折叠家具,运动户外>户外装备>折叠家具,https://category.dangdang.com/cid4009594.html
当当网,48424,48419,照明工具,运动户外>户外装备>照明工具,https://category.dangdang.com/cid4009590.html
当当网,48425,48419,水具/水壶,运动户外>户外装备>水具/水壶,https://category.dangdang.com/cid4009592.html
当当网,48426,48419,睡袋,运动户外>户外装备>睡袋,https://category.dangdang.com/cid4009825.html
当当网,48427,48419,头巾/手杖,运动户外>户外装备>头巾/手杖,https://category.dangdang.com/cid4009598.html
当当网,48428,1000004,健身器材,运动户外>健身器材,https://category.dangdang.com/cid4002901.html
当当网,48429,48428,仰卧板,运动户外>健身器材>仰卧板,https://search.dangdang.com/?key=%D1%F6%CE%D4%B0%E5&act=click
当当网,48430,48428,健身小器械,运动户外>健身器材>健身小器械,https://search.dangdang.com/?key=%BD%A1%C9%ED%D0%A1%C6%F7%D0%B5&category_id=4002901
当当网,48431,48428,滑板,运动户外>健身器材>滑板,https://search.dangdang.com/?key=%BB%AC%B0%E5&category_id=4002395
当当网,48432,1000004,体育娱乐,运动户外>体育娱乐,https://category.dangdang.com/cid4002533.html
当当网,48433,48432,篮球,运动户外>体育娱乐>篮球,https://category.dangdang.com/cid4011084.html
当当网,48434,48432,羽毛球,运动户外>体育娱乐>羽毛球,https://category.dangdang.com/cid4011063.html
当当网,48435,48432,足球,运动户外>体育娱乐>足球,https://category.dangdang.com/cid4011090.html
当当网,48436,48432,轮滑鞋,运动户外>体育娱乐>轮滑鞋,https://search.dangdang.com/?key=%C2%D6%BB%AC%D0%AC&category_id=4003728#J_tab
当当网,48437,1000004,垂钓用品,运动户外>垂钓用品,
当当网,48438,48437,鱼竿,运动户外>垂钓用品>鱼竿,https://search.dangdang.com/?key=%B5%F6+%D3%E3&category_id=4003728#J_tab
当当网,48439,48437,鱼钩鱼线,运动户外>垂钓用品>鱼钩鱼线,https://search.dangdang.com/?key=%D3%E3%B9%B3%D3%E3%CF%DF&act=input
当当网,48440,48437,钓箱鱼包,运动户外>垂钓用品>钓箱鱼包,https://search.dangdang.com/?key=%B5%F6%D3%E3%CF%E4&act=click
当当网,48441,48437,钓鱼桌椅,运动户外>垂钓用品>钓鱼桌椅,https://search.dangdang.com/?key=%B5%F6%D3%E3%D7%C0%D2%CE&act=input
当当网,48442,1000004,瑜伽运动,运动户外>瑜伽运动,
当当网,48443,48442,瑜伽服,运动户外>瑜伽运动>瑜伽服,https://search.dangdang.com/?key=%E8%A4%D9%A4%B7%FE
当当网,48444,48442,瑜伽垫瑜,运动户外>瑜伽运动>瑜伽垫瑜,https://search.dangdang.com/?key=%E8%A4%D9%A4%B5%E6
当当网,48445,48442,伽配件,运动户外>瑜伽运动>伽配件,https://search.dangdang.com/?key=%E8%A4%D9%A4%C5%E4%BC%FE&category_id=4005290
当当网,1000005,,孕婴童,孕婴童,
当当网,48447,,孕,孕,https://category.dangdang.com/cid4004866.html
当当网,48448,,婴,婴,https://category.dangdang.com/cid4001940.html
当当网,48449,,童,童,https://category.dangdang.com/cid4004344.html
当当网,48450,1000005,尿裤湿巾,孕婴童>尿裤湿巾,https://category.dangdang.com/cid4002055.html
当当网,48451,48450,拉拉裤,孕婴童>尿裤湿巾>拉拉裤,https://category.dangdang.com/cid4004067.html
当当网,48452,48450,婴儿湿巾,孕婴童>尿裤湿巾>婴儿湿巾,https://category.dangdang.com/cid4002002.html
当当网,48453,1000005,喂养用品,孕婴童>喂养用品,
当当网,48454,48453,奶瓶,孕婴童>喂养用品>奶瓶,https://category.dangdang.com/cid4001969.html
当当网,48455,48453,奶嘴,孕婴童>喂养用品>奶嘴,https://category.dangdang.com/cid4004005.html
当当网,48456,48453,消毒清洁,孕婴童>喂养用品>消毒清洁,https://category.dangdang.com/cid4009731.html
当当网,48457,48453,辅食料理,孕婴童>喂养用品>辅食料理,https://category.dangdang.com/cid4009729.html
当当网,48458,48453,牙胶安抚,孕婴童>喂养用品>牙胶安抚,https://category.dangdang.com/cid4009730.html
当当网,48459,48453,食物存储,孕婴童>喂养用品>食物存储,https://category.dangdang.com/cid4009732.html
当当网,48460,48453,儿童餐具,孕婴童>喂养用品>儿童餐具,https://category.dangdang.com/cid4009728.html
当当网,48461,48453,水杯/水壶,孕婴童>喂养用品>水杯/水壶,https://category.dangdang.com/cid4001971.html
当当网,48462,48453,围兜/罩衣,孕婴童>喂养用品>围兜/罩衣,https://category.dangdang.com/cid4001967.html
当当网,48463,1000005,洗护用品,孕婴童>洗护用品,
当当网,48464,48463,洗澡用具,孕婴童>洗护用品>洗澡用具,https://category.dangdang.com/cid4009733.html
当当网,48465,48463,洗衣/清洁,孕婴童>洗护用品>洗衣/清洁,https://category.dangdang.com/cid4010939.html
当当网,48466,48463,理发器,孕婴童>洗护用品>理发器,https://category.dangdang.com/cid4003408.html
当当网,48467,48463,口腔护理,孕婴童>洗护用品>口腔护理,https://category.dangdang.com/cid4001998.html
当当网,48468,48463,坐便器,孕婴童>洗护用品>坐便器,https://category.dangdang.com/cid4002056.html
当当网,48469,48463,驱蚊用品,孕婴童>洗护用品>驱蚊用品,https://category.dangdang.com/cid4002010.html
当当网,48470,1000005,宝宝寝居,孕婴童>宝宝寝居,
当当网,48471,48470,凉席/蚊帐,孕婴童>宝宝寝居>凉席/蚊帐,https://category.dangdang.com/cid4002041.html
当当网,48472,48470,睡袋/抱被,孕婴童>宝宝寝居>睡袋/抱被,https://category.dangdang.com/cid4002039.html
当当网,48473,48470,盖毯/被子,孕婴童>宝宝寝居>盖毯/被子,https://category.dangdang.com/cid4009525.html
当当网,48474,48470,床品床围,孕婴童>宝宝寝居>床品床围,https://category.dangdang.com/cid4002036.html
当当网,48475,48470,毛巾/浴巾,孕婴童>宝宝寝居>毛巾/浴巾,https://category.dangdang.com/cid4003400.html
当当网,48476,48470,枕头枕套,孕婴童>宝宝寝居>枕头枕套,https://category.dangdang.com/cid4002038.html
当当网,48477,48470,安全防护,孕婴童>宝宝寝居>安全防护,https://category.dangdang.com/cid4002029.html
当当网,48478,1000005,玩具,孕婴童>玩具,
当当网,48479,48478,婴幼玩具,孕婴童>玩具>婴幼玩具,https://category.dangdang.com/cid4002067.html
当当网,48480,48478,早教益智,孕婴童>玩具>早教益智,https://category.dangdang.com/cid4002069.html
当当网,48481,48478,积木拼插,孕婴童>玩具>积木拼插,https://category.dangdang.com/cid4009784.html
当当网,48482,48478,遥控电动,孕婴童>玩具>遥控电动,https://category.dangdang.com/cid4002073.html
当当网,48483,48478,模型玩具,孕婴童>玩具>模型玩具,https://category.dangdang.com/cid4002066.html
当当网,48484,48478,运动户外玩具,孕婴童>玩具>运动户外玩具,https://category.dangdang.com/cid4002251.html
当当网,48485,48478,娃娃,孕婴童>玩具>娃娃,https://category.dangdang.com/cid4002305.html
当当网,48486,48478,毛绒玩具,孕婴童>玩具>毛绒玩具,https://category.dangdang.com/cid4002071.html
当当网,48487,48478,创意减压,孕婴童>玩具>创意减压,https://category.dangdang.com/cid4009512.html
当当网,48488,48478,绘画手工,孕婴童>玩具>绘画手工,https://category.dangdang.com/cid4010213.html
当当网,48489,1000005,妈妈专区,孕婴童>妈妈专区,
当当网,48490,48489,孕妇装,孕婴童>妈妈专区>孕妇装,https://category.dangdang.com/cid4010444.html
当当网,48491,48489,待产护理,孕婴童>妈妈专区>待产护理,https://category.dangdang.com/cid4010427.html
当当网,48492,48489,孕产妇内衣,孕婴童>妈妈专区>孕产妇内衣,https://category.dangdang.com/cid4010438.html
当当网,48493,1000005,童车童床,孕婴童>童车童床,
当当网,48494,48493,学步车,孕婴童>童车童床>学步车,https://category.dangdang.com/cid4001959.html
当当网,48495,48493,三轮车,孕婴童>童车童床>三轮车,https://category.dangdang.com/cid4001956.html
当当网,48496,48493,电动车,孕婴童>童车童床>电动车,https://category.dangdang.com/cid4004037.html
当当网,48497,48493,扭扭车,孕婴童>童车童床>扭扭车,https://category.dangdang.com/cid4004038.html
当当网,48498,48493,儿童自行车,孕婴童>童车童床>儿童自行车,https://category.dangdang.com/cid4004818.html
当当网,48499,48493,滑板车,孕婴童>童车童床>滑板车,https://category.dangdang.com/cid4002063.html
当当网,48500,48493,轮滑鞋,孕婴童>童车童床>轮滑鞋,https://category.dangdang.com/cid4009742.html
当当网,48501,48493,婴儿床,孕婴童>童车童床>婴儿床,https://category.dangdang.com/cid4002037.html
当当网,1000006,,家居家纺,家居家纺,
当当网,48503,,家居,家居,https://search.dangdang.com/?key=%BC%D2%BE%D3&act=input&category_id=4003900&type=4003900
当当网,48504,,家纺,家纺,https://search.dangdang.com/?key=%BC%D2%B7%C4&act=input&category_id=4003900&type=4003900
当当网,48505,1000006,家纺,家居家纺>家纺,
当当网,48506,48505,床品套件,家居家纺>家纺>床品套件,https://category.dangdang.com/cid4010306.html
当当网,48507,48505,酒店床品,家居家纺>家纺>酒店床品,https://search.dangdang.com/?key=%BE%C6%B5%EA%B4%B2%C6%B7&act=input
当当网,48508,48505,轻奢床品,家居家纺>家纺>轻奢床品,https://search.dangdang.com/?key=%B9%B1%B6%D0%B4%B2%C6%B7&act=input
当当网,48509,48505,床单/被罩,家居家纺>家纺>床单/被罩,https://category.dangdang.com/cid4005974.html
当当网,48510,48505,儿童床品,家居家纺>家纺>儿童床品,https://category.dangdang.com/cid4010311.html
当当网,48511,48505,床垫/床褥,家居家纺>家纺>床垫/床褥,https://category.dangdang.com/cid4010328.html
当当网,48512,48505,靠垫/坐垫,家居家纺>家纺>靠垫/坐垫,https://category.dangdang.com/cid4011025.html
当当网,48513,48505,枕芯毛巾/浴巾,家居家纺>家纺>枕芯毛巾/浴巾,https://category.dangdang.com/cid4010322.html
当当网,48514,48505,家居鞋,家居家纺>家纺>家居鞋,https://category.dangdang.com/cid4011022.html
当当网,48515,48505,夏被,家居家纺>家纺>夏被,https://category.dangdang.com/cid4010317.html
当当网,48516,48505,凉席,家居家纺>家纺>凉席,https://category.dangdang.com/cid4010334.html
当当网,48517,1000006,时尚家饰,家居家纺>时尚家饰,
当当网,48518,48517,地毯/地垫,家居家纺>时尚家饰>地毯/地垫,https://category.dangdang.com/cid4009469.html
当当网,48519,48517,沙发,家居家纺>时尚家饰>沙发,https://category.dangdang.com/cid4009471.html
当当网,48520,48517,垫窗帘/浴帘,家居家纺>时尚家饰>垫窗帘/浴帘,https://category.dangdang.com/cid4009495.html
当当网,48521,48517,桌布/罩件,家居家纺>时尚家饰>桌布/罩件,https://category.dangdang.com/cid4009472.html
当当网,48522,48517,挂钟/闹钟,家居家纺>时尚家饰>挂钟/闹钟,https://category.dangdang.com/cid4009454.html
当当网,48523,48517,墙壁装饰,家居家纺>时尚家饰>墙壁装饰,https://category.dangdang.com/cid4009462.html
当当网,48524,48517,摆饰/挂件,家居家纺>时尚家饰>摆饰/挂件,https://category.dangdang.com/cid4009463.html
当当网,48525,48517,节庆/婚庆用品,家居家纺>时尚家饰>节庆/婚庆用品,https://category.dangdang.com/cid4005893.html
当当网,48526,1000006,水具,家居家纺>水具,
当当网,48527,48526,塑料杯,家居家纺>水具>塑料杯,https://category.dangdang.com/cid4010362.html
当当网,48528,48526,玻璃杯,家居家纺>水具>玻璃杯,https://category.dangdang.com/cid4010363.html
当当网,48529,48526,保温杯,家居家纺>水具>保温杯,https://category.dangdang.com/cid4010364.html
当当网,48530,48526,保温壶,家居家纺>水具>保温壶,https://category.dangdang.com/cid4010365.html
当当网,48531,48526,儿童水杯,家居家纺>水具>儿童水杯,https://category.dangdang.com/cid4010366.html
当当网,48532,48526,陶瓷/马克杯,家居家纺>水具>陶瓷/马克杯,https://category.dangdang.com/cid4010367.html
当当网,48533,48526,茶具,家居家纺>水具>茶具,https://category.dangdang.com/cid4010369.html
当当网,48534,48526,酒具,家居家纺>水具>酒具,https://category.dangdang.com/cid4010377.html
当当网,48535,48526,咖啡具,家居家纺>水具>咖啡具,https://category.dangdang.com/cid4010385.html
当当网,48536,1000006,厨具,家居家纺>厨具,
当当网,48537,48536,炒锅,家居家纺>厨具>炒锅,https://category.dangdang.com/cid4001394.html
当当网,48538,48536,煎锅,家居家纺>厨具>煎锅,https://category.dangdang.com/cid4001403.html
当当网,48539,48536,蒸锅,家居家纺>厨具>蒸锅,https://category.dangdang.com/cid4003908.html
当当网,48540,48536,压力锅,家居家纺>厨具>压力锅,https://category.dangdang.com/cid4001396.html
当当网,48541,48536,汤煲,家居家纺>厨具>汤煲,https://category.dangdang.com/cid4006448.html
当当网,48542,48536,汤锅,家居家纺>厨具>汤锅,https://category.dangdang.com/cid4003907.html
当当网,48543,48536,奶锅,家居家纺>厨具>奶锅,https://category.dangdang.com/cid4009719.html
当当网,48544,48536,套装锅,家居家纺>厨具>套装锅,https://category.dangdang.com/cid4001397.html
当当网,48545,48536,保鲜盒,家居家纺>厨具>保鲜盒,https://category.dangdang.com/cid4001390.html
当当网,48546,48536,刀剪菜板,家居家纺>厨具>刀剪菜板,https://category.dangdang.com/cid4010346.html
当当网,48547,48536,碗盘餐具,家居家纺>厨具>碗盘餐具,https://category.dangdang.com/cid4010341.html
当当网,48548,48536,厨房杂件,家居家纺>厨具>厨房杂件,https://category.dangdang.com/cid4007365.html
当当网,48549,1000006,整理收纳,家居家纺>整理收纳,
当当网,48550,48549,收纳柜,家居家纺>整理收纳>收纳柜,https://category.dangdang.com/cid4011140.html
当当网,48551,48549,整理箱收纳盒,家居家纺>整理收纳>整理箱收纳盒,https://category.dangdang.com/cid4007379.html
当当网,48552,48549,压缩袋防尘罩,家居家纺>整理收纳>压缩袋防尘罩,https://category.dangdang.com/cid4009724.html
当当网,48553,48549,衣架/烫衣板,家居家纺>整理收纳>衣架/烫衣板,https://category.dangdang.com/cid4009725.html
当当网,48554,48549,置物架/篮,家居家纺>整理收纳>置物架/篮,https://category.dangdang.com/cid4007387.html
当当网,48555,48549,儿童收纳,家居家纺>整理收纳>儿童收纳,https://category.dangdang.com/cid4011248.html
当当网,1000007,,家具家装,家具家装,
当当网,48557,,家具,家具,https://category.dangdang.com/cid4004162.html
当当网,48558,,家装,家装,https://category.dangdang.com/cid4009484.html
当当网,48559,1000007,客厅家具,家具家装>客厅家具,
当当网,48560,48559,沙发,家具家装>客厅家具>沙发,https://category.dangdang.com/cid4004162.html
当当网,48561,48559,茶几,家具家装>客厅家具>茶几,https://category.dangdang.com/cid4001428.html
当当网,48562,48559,鞋柜,家具家装>客厅家具>鞋柜,https://category.dangdang.com/cid4010007.html
当当网,48563,48559,电视柜,家具家装>客厅家具>电视柜,https://category.dangdang.com/cid4001435.html
当当网,48564,48559,椅子凳子,家具家装>客厅家具>椅子凳子,https://category.dangdang.com/cid4001434.html
当当网,48565,48559,餐桌,家具家装>客厅家具>餐桌,https://category.dangdang.com/cid4010009.html
当当网,48566,48559,餐边柜,家具家装>客厅家具>餐边柜,https://category.dangdang.com/cid4010011.html
当当网,48567,48559,餐椅,家具家装>客厅家具>餐椅,https://category.dangdang.com/cid4010010.html
当当网,48568,48559,酒柜,家具家装>客厅家具>酒柜,https://category.dangdang.com/cid4010012.html
当当网,48569,1000007,卧室家具,家具家装>卧室家具,
当当网,48570,48569,简易衣柜,家具家装>卧室家具>简易衣柜,https://category.dangdang.com/cid4001431.html
当当网,48571,48569,床,家具家装>卧室家具>床,https://category.dangdang.com/cid4009442.html
当当网,48572,48569,床垫,家具家装>卧室家具>床垫,https://category.dangdang.com/cid4010015.html
当当网,48573,48569,梳妆台,家具家装>卧室家具>梳妆台,https://category.dangdang.com/cid4010018.html
当当网,48574,48569,斗柜,家具家装>卧室家具>斗柜,https://category.dangdang.com/cid4010019.html
当当网,48575,48569,床头柜,家具家装>卧室家具>床头柜,https://category.dangdang.com/cid4010016.html
当当网,48576,48569,童床,家具家装>卧室家具>童床,https://category.dangdang.com/cid4010022.html
当当网,48577,48569,儿童床垫,家具家装>卧室家具>儿童床垫,https://category.dangdang.com/cid4010023.html
当当网,48578,1000007,书房家具,家具家装>书房家具,
当当网,48579,48578,书柜书架,家具家装>书房家具>书柜书架,https://category.dangdang.com/cid4010013.html
当当网,48580,48578,书桌,家具家装>书房家具>书桌,https://category.dangdang.com/cid4010014.html
当当网,48581,48578,电脑桌椅,家具家装>书房家具>电脑桌椅,https://category.dangdang.com/cid4003761.html
当当网,48582,48578,儿童学习桌椅,家具家装>书房家具>儿童学习桌椅,https://category.dangdang.com/cid4010021.html
当当网,48583,48578,办公家具,家具家装>书房家具>办公家具,https://category.dangdang.com/cid4010034.html
当当网,48584,1000007,储物家具,家具家装>储物家具,
当当网,48585,48584,层架置物架,家具家装>储物家具>层架置物架,https://category.dangdang.com/cid4001432.html
当当网,48586,48584,鞋架,家具家装>储物家具>鞋架,https://category.dangdang.com/cid4010025.html
当当网,48587,48584,衣帽架,家具家装>储物家具>衣帽架,https://category.dangdang.com/cid4001436.html
当当网,48588,48584,墙面搁架,家具家装>储物家具>墙面搁架,https://category.dangdang.com/cid4010026.html
当当网,48589,48584,收纳家具,家具家装>储物家具>收纳家具,https://category.dangdang.com/cid4010027.html
当当网,48590,48584,晾衣架,家具家装>储物家具>晾衣架,https://category.dangdang.com/cid4010029.html
当当网,48591,48584,花架/装饰架,家具家装>储物家具>花架/装饰架,https://category.dangdang.com/cid4010030.html
当当网,48592,48584,户外家具,家具家装>储物家具>户外家具,https://category.dangdang.com/cid4010032.html
当当网,48593,48584,家用梯,家具家装>储物家具>家用梯,https://category.dangdang.com/cid4010031.html
当当网,48594,1000007,厨房卫浴,家具家装>厨房卫浴,
当当网,48595,48594,淋浴花洒,家具家装>厨房卫浴>淋浴花洒,https://category.dangdang.com/cid4010057.html
当当网,48596,48594,浴室柜,家具家装>厨房卫浴>浴室柜,https://category.dangdang.com/cid4009835.html
当当网,48597,48594,水槽,家具家装>厨房卫浴>水槽,https://category.dangdang.com/cid4009839.html
当当网,48598,48594,龙头,家具家装>厨房卫浴>龙头,https://category.dangdang.com/cid4010056.html
当当网,48599,48594,厨卫挂件,家具家装>厨房卫浴>厨卫挂件,https://category.dangdang.com/cid4009838.html
当当网,48600,48594,地漏,家具家装>厨房卫浴>地漏,https://category.dangdang.com/cid4010058.html
当当网,48601,48594,浴霸,家具家装>厨房卫浴>浴霸,https://category.dangdang.com/cid4009841.html
当当网,48602,1000007,灯具照明,家具家装>灯具照明,
当当网,48603,48602,花灯/吊灯/水晶灯,家具家装>灯具照明>花灯/吊灯/水晶灯,https://category.dangdang.com/cid4009502.html
当当网,48604,48602,吸顶灯,家具家装>灯具照明>吸顶灯,https://category.dangdang.com/cid4009503.html
当当网,48605,48602,阅读台灯,家具家装>灯具照明>阅读台灯,https://category.dangdang.com/cid4009501.html
当当网,48606,48602,镜前灯,家具家装>灯具照明>镜前灯,https://category.dangdang.com/cid4009510.html
当当网,48607,48602,筒射灯,家具家装>灯具照明>筒射灯,https://category.dangdang.com/cid4010061.html
当当网,48608,48602,节能灯,家具家装>灯具照明>节能灯,https://category.dangdang.com/cid4009504.html
当当网,48609,48602,装饰台灯,家具家装>灯具照明>装饰台灯,https://category.dangdang.com/cid4009500.html
当当网,48610,48602,小夜灯,家具家装>灯具照明>小夜灯,https://category.dangdang.com/cid4010062.html
当当网,48611,48602,壁灯,家具家装>灯具照明>壁灯,https://category.dangdang.com/cid4009509.html
当当网,48612,1000007,家装建材,家具家装>家装建材,
当当网,48613,48612,开关插座,家具家装>家装建材>开关插座,https://category.dangdang.com/cid4009484.html
当当网,48614,48612,插线板,家具家装>家装建材>插线板,https://category.dangdang.com/cid4004230.html
当当网,48615,48612,手动工具,家具家装>家装建材>手动工具,https://category.dangdang.com/cid4001450.html
当当网,48616,48612,电动工具,家具家装>家装建材>电动工具,https://category.dangdang.com/cid4003791.html
当当网,48617,48612,家用五金,家具家装>家装建材>家用五金,https://category.dangdang.com/cid4004248.html
当当网,48618,48612,壁纸,家具家装>家装建材>壁纸,https://category.dangdang.com/cid4010076.html
当当网,48619,48612,仪器仪表,家具家装>家装建材>仪器仪表,https://category.dangdang.com/cid4004249.html
当当网,48620,48612,测量工具,家具家装>家装建材>测量工具,https://category.dangdang.com/cid4003792.html
当当网,1000008,,食品茶酒,食品茶酒,
当当网,48622,,食品,食品,https://search.dangdang.com/?key=%CA%B3%C6%B7&act=input&category_id=4002145&type=4002145
当当网,48623,,茶酒,茶酒,https://category.dangdang.com/cid4005722.html
当当网,48624,1000008,休闲食品,食品茶酒>休闲食品,
当当网,48625,48624,坚果/炒货,食品茶酒>休闲食品>坚果/炒货,https://category.dangdang.com/cid4005712.html
当当网,48626,48624,蜜饯果干,食品茶酒>休闲食品>蜜饯果干,https://category.dangdang.com/cid4010984.html
当当网,48627,48624,饼干糕点,食品茶酒>休闲食品>饼干糕点,https://category.dangdang.com/cid4005707.html
当当网,48628,48624,肉干肉脯,食品茶酒>休闲食品>肉干肉脯,https://category.dangdang.com/cid4005711.html
当当网,48629,1000008,冲调饮品,食品茶酒>冲调饮品,
当当网,48630,48629,牛奶乳品,食品茶酒>冲调饮品>牛奶乳品,https://category.dangdang.com/cid4010964.html
当当网,48631,1000008,粮油调味,食品茶酒>粮油调味,
当当网,48632,48631,干货,食品茶酒>粮油调味>干货,https://category.dangdang.com/cid4009716.html
当当网,48633,48631,米面杂粮,食品茶酒>粮油调味>米面杂粮,https://category.dangdang.com/cid4005755.html
当当网,48634,48631,方便食品,食品茶酒>粮油调味>方便食品,https://category.dangdang.com/cid4005753.html
当当网,48635,48631,调味品,食品茶酒>粮油调味>调味品,https://category.dangdang.com/cid4010980.html
当当网,48636,48631,烘焙原料,食品茶酒>粮油调味>烘焙原料,https://category.dangdang.com/cid4009843.html
当当网,48637,1000008,茶/酒,食品茶酒>茶/酒,
当当网,48638,48637,花草茶,食品茶酒>茶/酒>花草茶,https://category.dangdang.com/cid4005722.html
当当网,48639,48637,普洱,食品茶酒>茶/酒>普洱,https://category.dangdang.com/cid4005720.html
当当网,48640,48637,红茶,食品茶酒>茶/酒>红茶,https://category.dangdang.com/cid4005717.html
当当网,48641,1000008,果蔬肉蛋,食品茶酒>果蔬肉蛋,
当当网,48642,48641,蔬菜,食品茶酒>果蔬肉蛋>蔬菜,https://category.dangdang.com/cid4010958.html
当当网,48643,48641,禽肉蛋品,食品茶酒>果蔬肉蛋>禽肉蛋品,https://category.dangdang.com/cid4010960.html
当当网,48644,48641,海鲜水产,食品茶酒>果蔬肉蛋>海鲜水产,https://category.dangdang.com/cid4010963.html
当当网,1000009,,家用电器,家用电器,
当当网,48646,,家用电器,家用电器,https://search.dangdang.com/?key=%BC%D2%D3%C3%B5%E7%C6%F7&act=input&category_id=4001001&type=4001001
当当网,48647,1000009,厨房电器,家用电器>厨房电器,
当当网,48648,48647,榨汁机,家用电器>厨房电器>榨汁机,https://category.dangdang.com/cid4001013.html
当当网,48649,48647,豆浆机,家用电器>厨房电器>豆浆机,https://category.dangdang.com/cid4001038.html
当当网,48650,48647,电饭煲,家用电器>厨房电器>电饭煲,https://category.dangdang.com/cid4001030.html
当当网,48651,48647,电水壶,家用电器>厨房电器>电水壶,https://category.dangdang.com/cid4001022.html
当当网,48652,48647,养生壶,家用电器>厨房电器>养生壶,https://category.dangdang.com/cid4010736.html
当当网,48653,48647,料理机,家用电器>厨房电器>料理机,https://category.dangdang.com/cid4010475.html
当当网,48654,48647,压力锅,家用电器>厨房电器>压力锅,https://category.dangdang.com/cid4001020.html
当当网,48655,48647,面包机,家用电器>厨房电器>面包机,https://category.dangdang.com/cid4001037.html
当当网,48656,48647,电烤箱,家用电器>厨房电器>电烤箱,https://category.dangdang.com/cid4001024.html
当当网,48657,48647,电炖锅,家用电器>厨房电器>电炖锅,https://category.dangdang.com/cid4002630.html
当当网,48658,48647,电饼铛,家用电器>厨房电器>电饼铛,https://category.dangdang.com/cid4001039.html
当当网,48659,48647,煮蛋器,家用电器>厨房电器>煮蛋器,https://category.dangdang.com/cid4001012.html
当当网,48660,48647,咖啡机,家用电器>厨房电器>咖啡机,https://category.dangdang.com/cid4001009.html
当当网,48661,48647,多用途锅,家用电器>厨房电器>多用途锅,https://category.dangdang.com/cid4009709.html
当当网,48662,1000009,生活电器,家用电器>生活电器,
当当网,48663,48662,净水设备,家用电器>生活电器>净水设备,https://category.dangdang.com/cid4001005.html
当当网,48664,48662,吸尘器,家用电器>生活电器>吸尘器,https://category.dangdang.com/cid4001007.html
当当网,48665,48662,加湿器,家用电器>生活电器>加湿器,https://category.dangdang.com/cid4001006.html
当当网,48666,48662,饮水机,家用电器>生活电器>饮水机,https://category.dangdang.com/cid4001040.html
当当网,48667,48662,灯具,家用电器>生活电器>灯具,https://category.dangdang.com/cid4001017.html
当当网,48668,48662,挂烫机/熨斗,家用电器>生活电器>挂烫机/熨斗,https://category.dangdang.com/cid4001026.html
当当网,48669,48662,除湿/干衣机,家用电器>生活电器>除湿/干衣机,https://category.dangdang.com/cid4001036.html
当当网,48670,48662,小洗衣机,家用电器>生活电器>小洗衣机,https://category.dangdang.com/cid4007260.html
当当网,48671,48662,毛球修剪器,家用电器>生活电器>毛球修剪器,https://category.dangdang.com/cid4002527.html
当当网,48672,48662,电风扇,家用电器>生活电器>电风扇,https://category.dangdang.com/cid4001029.html
当当网,48673,48662,清洁机,家用电器>生活电器>清洁机,https://category.dangdang.com/cid4002528.html
当当网,48674,48662,取暖器,家用电器>生活电器>取暖器,https://category.dangdang.com/cid4001021.html
当当网,48675,1000009,个人护理,家用电器>个人护理,
当当网,48676,48675,剃须刀,家用电器>个人护理>剃须刀,https://category.dangdang.com/cid4001019.html
当当网,48677,48675,电吹风,家用电器>个人护理>电吹风,https://category.dangdang.com/cid4001008.html
当当网,48678,48675,美发器,家用电器>个人护理>美发器,https://category.dangdang.com/cid4001034.html
当当网,48679,48675,美容器,家用电器>个人护理>美容器,https://category.dangdang.com/cid4002526.html
当当网,48680,48675,口腔护理,家用电器>个人护理>口腔护理,https://category.dangdang.com/cid4002631.html
当当网,48681,48675,按摩器,家用电器>个人护理>按摩器,https://category.dangdang.com/cid4006493.html
当当网,48682,48675,足浴盆,家用电器>个人护理>足浴盆,https://category.dangdang.com/cid4006495.html
当当网,48683,48675,剃毛器,家用电器>个人护理>剃毛器,https://category.dangdang.com/cid4001018.html
当当网,1000010,,当当礼品卡,当当礼品卡,
当当网,48685,,当当礼品卡,当当礼品卡,giftcard.dangdang.com/
当当网,48686,1000010,V卡,当当礼品卡>V卡,
当当网,48687,48686,固定面值卡,当当礼品卡>V卡>固定面值卡,https://category.dangdang.com/cid4003358.html
当当网,48688,48686,自定义面值卡,当当礼品卡>V卡>自定义面值卡,giftcard.dangdang.com/
当当网,48689,1000010,经典卡,当当礼品卡>经典卡,https://category.dangdang.com/cid4003359.html
当当网,48690,48689,读书卡,当当礼品卡>经典卡>读书卡,https://category.dangdang.com/cid4010286.html
当当网,48691,48689,瑞狗闹春,当当礼品卡>经典卡>瑞狗闹春,https://category.dangdang.com/cid4011037.html
当当网,48692,1000010,主题卡,当当礼品卡>主题卡,
当当网,48693,48692,奇先生妙小姐,当当礼品卡>主题卡>奇先生妙小姐,https://category.dangdang.com/cid4011250.html
当当网,48694,48692,生日卡,当当礼品卡>主题卡>生日卡,https://category.dangdang.com/cid4009734.html
当当网,48695,48692,三国演义,当当礼品卡>主题卡>三国演义,https://category.dangdang.com/cid4010615.html
当当网,48696,48692,西游记,当当礼品卡>主题卡>西游记,https://category.dangdang.com/cid4010616.html
当当网,48697,48692,红楼梦,当当礼品卡>主题卡>红楼梦,https://category.dangdang.com/cid4010617.html
当当网,48698,48692,水浒传,当当礼品卡>主题卡>水浒传,https://category.dangdang.com/cid4010618.html
当当网,48699,48692,梅,当当礼品卡>主题卡>梅,https://category.dangdang.com/cid4010611.html
当当网,48700,48692,兰,当当礼品卡>主题卡>兰,https://category.dangdang.com/cid4010612.html
当当网,48701,48692,竹,当当礼品卡>主题卡>竹,https://category.dangdang.com/cid4010613.html
当当网,48702,48692,菊,当当礼品卡>主题卡>菊,https://category.dangdang.com/cid4010614.html
当当网,48703,48692,歪歪兔,当当礼品卡>主题卡>歪歪兔,https://category.dangdang.com/cid4010945.html
当当网,48704,48692,百变马丁,当当礼品卡>主题卡>百变马丁,https://category.dangdang.com/cid4010946.html
当当网,48705,48692,Baby卡,当当礼品卡>主题卡>Baby卡,https://category.dangdang.com/cid4011185.html
当当网,48706,1000010,节日卡,当当礼品卡>节日卡,
当当网,48707,48706,元旦卡,当当礼品卡>节日卡>元旦卡,https://category.dangdang.com/cid4010282.html
当当网,48708,48706,春节卡,当当礼品卡>节日卡>春节卡,https://category.dangdang.com/cid4010284.html
当当网,48709,48706,情人卡,当当礼品卡>节日卡>情人卡,https://category.dangdang.com/cid4010283.html
当当网,48710,48706,女人卡,当当礼品卡>节日卡>女人卡,https://category.dangdang.com/cid4009737.html
当当网,48711,48706,五一卡,当当礼品卡>节日卡>五一卡,https://category.dangdang.com/cid4010419.html
当当网,48712,48706,端午卡,当当礼品卡>节日卡>端午卡,https://category.dangdang.com/cid4010420.htm
当当网,48713,48706,教师卡,当当礼品卡>节日卡>教师卡,https://category.dangdang.com/cid4010418.html
当当网,48714,48706,中秋卡,当当礼品卡>节日卡>中秋卡,https://category.dangdang.com/cid4010423.html
当当网,48715,48706,国庆卡,当当礼品卡>节日卡>国庆卡,https://category.dangdang.com/cid4010285.html
当当网,48716,48706,圣诞卡,当当礼品卡>节日卡>圣诞卡,https://category.dangdang.com/cid4010281.html
当当网,48717,48706,新生儿卡,当当礼品卡>节日卡>新生儿卡,https://category.dangdang.com/cid4010424.html
当当网,48718,1000010,生肖卡,当当礼品卡>生肖卡,
当当网,48719,48718,鼠,当当礼品卡>生肖卡>鼠,https://category.dangdang.com/cid4010599.html
当当网,48720,48718,牛,当当礼品卡>生肖卡>牛,https://category.dangdang.com/cid4010600.html
当当网,48721,48718,虎,当当礼品卡>生肖卡>虎,https://category.dangdang.com/cid4010601.html
当当网,48722,48718,兔,当当礼品卡>生肖卡>兔,https://category.dangdang.com/cid4010602.html
当当网,48723,48718,龙,当当礼品卡>生肖卡>龙,https://category.dangdang.com/cid4010603.html
当当网,48724,48718,蛇,当当礼品卡>生肖卡>蛇,https://category.dangdang.com/cid4010604.html
当当网,48725,48718,马,当当礼品卡>生肖卡>马,https://category.dangdang.com/cid4010605.html
当当网,48726,48718,羊,当当礼品卡>生肖卡>羊,https://category.dangdang.com/cid4010606.html
当当网,48727,48718,猴,当当礼品卡>生肖卡>猴,https://category.dangdang.com/cid4010607.html
当当网,48728,48718,鸡,当当礼品卡>生肖卡>鸡,https://category.dangdang.com/cid4010608.html
当当网,48729,48718,狗,当当礼品卡>生肖卡>狗,https://category.dangdang.com/cid4010609.html
当当网,48730,48718,猪,当当礼品卡>生肖卡>猪,https://category.dangdang.com/cid4010610.html
