source_item_id,detail_title,source_url
1012320829,公共关系学(邓健，李荣德)西南财经大学出版社,https://product.dangdang.com/1012320829.html
1014511618,成功励志书籍/断舍离人生清单/山下英子身心灵作家张德芬作序引爆精神革命哲学社科小说心灵修养籍,https://product.dangdang.com/1014511618.html
1016349479,妇产科学(供高等医药院校基础临床预防口腔医学类专业使用卫生部十二五规划教材精讲与同步练习),https://product.dangdang.com/1016349479.html
1016676658,益智游戏书正版恐龙贴纸王全套6册儿童书籍3-6岁宝宝益智贴纸书幼儿早教亲子游戏书智力开发图书,https://product.dangdang.com/1016676658.html
1022721458,益智游戏书正版恐龙贴纸王全套6册儿童书籍3-6岁宝宝益智贴纸书幼儿早教亲子游戏书智力开发图书,https://product.dangdang.com/1022721458.html
1031047869,儿童绘本亲子共读动物故事绘本10册0-3-6岁幼儿童启蒙认知早教益智成长故事书亲子共读睡前故事书儿童情绪管理与性格培养绘本幼儿园早教读物,https://product.dangdang.com/1031047869.html
1081907564,艺术概论北京大学出版社,https://product.dangdang.com/1081907564.html
1088532829,妇产科学中国医药科技出版社,https://product.dangdang.com/1088532829.html
1089744529,艺术概论人民邮电出版社,https://product.dangdang.com/1089744529.html
1092101247,建筑工程中国建筑工业出版社,https://product.dangdang.com/1092101247.html
1097503864,艺术概论西安交通大学出版社,https://product.dangdang.com/1097503864.html
11000078285,传记文学书籍林徽因传一身诗意千寻瀑万古人间四月天你若安好林微因的书诗集经典文集小说林薇因作品集全集书籍畅销书散文现当代文学民国女性名人传记,https://product.dangdang.com/11000078285.html
11000296105,成功励志书籍全5册口才三绝为人三会会说话会办事会做人修心提高情商口才训练与沟通技巧人际交往情商课销售管理幽默沟通职场社交沟通的艺术说话技巧成功励志,https://product.dangdang.com/11000296105.html
11017861304,妇产科学(供高等医药院校基础临床预防口腔医学类专业使用卫生部十二五规划教材精讲与,https://product.dangdang.com/11017861304.html
11023859364,书法篆刻工具书系列-常用鸟虫篆书法字典,https://product.dangdang.com/11023859364.html
11023859464,书法篆刻工具书系列-甲骨文书法字典,https://product.dangdang.com/11023859464.html
11033253294,艺术概论,https://product.dangdang.com/11033253294.html
11033594134,音乐舞蹈/长江文明之旅,https://product.dangdang.com/11033594134.html
11033594474,书法篆刻/长江文明之旅,https://product.dangdang.com/11033594474.html
11036162524,建筑与个性--对文化和技术变革的回应(原著第3版)/国外建筑理论译丛,https://product.dangdang.com/11036162524.html
1104886389,儿童绘本中国经典神话故事全10册大禹治水/十二生肖/嫦娥奔月/女娲补天/夸父逐日中国古代传说神话寓言故事书6-9-12岁小学生课外阅读书籍,https://product.dangdang.com/1104886389.html
11064509077,管理学基础,https://product.dangdang.com/11064509077.html
11099626647,益智游戏苗玉珍吉林出版集团有限责任公司9787546390895,https://product.dangdang.com/11099626647.html
11099626787,益智游戏苗玉珍吉林出版集团有限责任公司9787546390888,https://product.dangdang.com/11099626787.html
11136924022,书法篆刻工具书系列:常用汉印字典,https://product.dangdang.com/11136924022.html
11139209141,书法篆刻工具书系列:常用汉印字典,https://product.dangdang.com/11139209141.html
11155922015,书法篆刻工具书系列:常用汉印字典,https://product.dangdang.com/11155922015.html
11176501645,艺术概论,https://product.dangdang.com/11176501645.html
11180257879,人物传记畅销书籍全套19册中国名人传记丛书青少年版成人版历史人物传记曾国藩传李鸿章胡雪岩张之洞左宗棠李白苏轼王安石传名人故事励志经典历史书籍排行榜前十名非当当自营,https://product.dangdang.com/11180257879.html
11181544117,美学三境古吴轩出版社,https://product.dangdang.com/11181544117.html
11193176035,书法篆刻工具书系列-甲骨文书法字典,https://product.dangdang.com/11193176035.html
11196389195,音乐舞蹈/长江文明之旅,https://product.dangdang.com/11196389195.html
11196389275,书法篆刻/长江文明之旅,https://product.dangdang.com/11196389275.html
11196636495,建筑与个性--对文化和技术变革的回应(原著第3版)/国外建筑理论译丛,https://product.dangdang.com/11196636495.html
11200337620,小语种麦子广西师范大学出版社,https://product.dangdang.com/11200337620.html
11212845253,外国文学名家精选书系安徒生童话(精装)安徒生9787551811538三秦出版社,https://product.dangdang.com/11212845253.html
11241538050,书法篆刻,https://product.dangdang.com/11241538050.html
11276066230,中国政治学年度评论:2014:2014肖滨主编格致出版社政治、法律,https://product.dangdang.com/11276066230.html
11278497277,中国政治学年度评论:2014:2014中国政治格致出版社,https://product.dangdang.com/11278497277.html
11299844232,成人教育学,https://product.dangdang.com/11299844232.html
11313580550,成人教育学,https://product.dangdang.com/11313580550.html
11319533981,成人教育学,https://product.dangdang.com/11319533981.html
11346092324,成人教育学,https://product.dangdang.com/11346092324.html
11375876778,交通经济带,https://product.dangdang.com/11375876778.html
1137913177,字典词典工具书大全5册成语词典新编语文工具书大全多功能字典初中小学生同近反义词组词造句现代汉语英汉小套装,https://product.dangdang.com/1137913177.html
11429194459,人物传记畅销书排行榜前名全套5册中国企业家传记精装任正非传马云雷军董明珠李嘉诚中国企业人物传记书籍伟人企业管理成功励志创业书籍自传畅销适合青少年成人中国商业著名企业家自传当当自营同款十正版,https://product.dangdang.com/11429194459.html
11467429014,企业经济学,https://product.dangdang.com/11467429014.html
11501185044,中国儿童文学名家自选书系·西西的温暖之路,https://product.dangdang.com/11501185044.html
11501185084,中国儿童文学名家自选书系·老祖母的小房子,https://product.dangdang.com/11501185084.html
11514460010,中国儿童文学名家自选书系·我亲爱的童年,https://product.dangdang.com/11514460010.html
11514466030,中国儿童文学名家自选书系·西西的温暖之路,https://product.dangdang.com/11514466030.html
11514466100,中国儿童文学名家自选书系·老祖母的小房子,https://product.dangdang.com/11514466100.html
11539647157,马工程教材中国文学理论批评史第二版黄霖等编高等教育出版社马克思主义理论研究和建设工程大学中文专业教科书文学教材书,https://product.dangdang.com/11539647157.html
11541345472,"外国文学名家精选书系:嘉莉妹妹(全译本)德莱塞,冰语团结出版社9787512647046",https://product.dangdang.com/11541345472.html
11590134921,摄影自学书籍摄影笔记宁思潇潇新摄影笔记+摄影实战全套2册从基础到实战高人气摄影教程书摄影入门到精通人民邮电出版社,https://product.dangdang.com/11590134921.html
11609568826,中国儿童文学名家名作谁在不远处唱歌孟芊芊主编北京少年儿童出版社,https://product.dangdang.com/11609568826.html
11611251016,传记文学:王映霞自传王映霞中华工商联合出版社,https://product.dangdang.com/11611251016.html
11611969396,外国小说朱守芬东方出版中心,https://product.dangdang.com/11611969396.html
11613059036,中国儿童文学畅销名家精品小说集:你有史上好的对手常新港新世纪出版社,https://product.dangdang.com/11613059036.html
11617263367,天文地理化学工业出版社,https://product.dangdang.com/11617263367.html
11619581973,中国儿童文学名家名作像青蛙一样慢慢长大孟芊芊主编北京少年儿童出版社,https://product.dangdang.com/11619581973.html
11619973633,"书法篆刻黄惇,李昌集,庄熙祖著高等教育出版社",https://product.dangdang.com/11619973633.html
11634666749,服饰搭配王巍中国纺织出版社,https://product.dangdang.com/11634666749.html
11640394890,天文地理化学工业出版社,https://product.dangdang.com/11640394890.html
11644021626,【武术散打书籍】武术散打技术理论与裁判朱瑞琪著体育运动规则裁判书中国传统武术教程书籍武林秘籍散打书籍人民体育出版社全新正版tt,https://product.dangdang.com/11644021626.html
11675001239,人物传记畅销书籍全套19册中国名人传记丛书青少年版成人版历史人物传记曾国藩传李鸿章胡雪岩张之洞左宗棠李白苏轼王安石传名人故事励志经典历史书籍排行榜前十名非当当自营,https://product.dangdang.com/11675001239.html
11683771956,插图珍藏本--中国小说史略鲁迅著团结出版社,https://product.dangdang.com/11683771956.html
11684233896,传记文学:王映霞自传王映霞中华工商联合出版社,https://product.dangdang.com/11684233896.html
11684611656,"书法篆刻黄惇,李昌集,庄熙祖著高等教育出版社",https://product.dangdang.com/11684611656.html
11700877041,管理学原理9787801626622经济管理出版社,https://product.dangdang.com/11700877041.html
11704270836,球类运动--排球黄汉升主编高等教育出版社,https://product.dangdang.com/11704270836.html
11715487691,旅游管理9787564200404上海财经大学出版社,https://product.dangdang.com/11715487691.html
11716882501,育儿百科9787806007198京华出版社,https://product.dangdang.com/11716882501.html
11721418564,小语种麦子毕淑敏著广西师范大学出版社文学,https://product.dangdang.com/11721418564.html
11722756532,循证社会科学总论/循证社会科学研究系列丛书,https://product.dangdang.com/11722756532.html
11724233163,科普百科书籍动物百科彩色图鉴《动物百科彩色图鉴》委会吉林出版集团有限责任公司,https://product.dangdang.com/11724233163.html
11726325013,人物传记书籍曾国藩传中国名人大传曾国藩传历史名人白话文解读家书曾文正人生哲学为人处世绝学官场谋略书籍,https://product.dangdang.com/11726325013.html
11727665634,循证社会科学总论/循证社会科学研究系列丛书,https://product.dangdang.com/11727665634.html
11731804600,循证社会科学总论/循证社会科学研究系列丛书,https://product.dangdang.com/11731804600.html
11735075699,家常菜谱书籍,https://product.dangdang.com/11735075699.html
11735110849,家常菜谱书籍新编百姓家常菜3600例,https://product.dangdang.com/11735110849.html
11735111059,家常菜谱书籍,https://product.dangdang.com/11735111059.html
11735288179,烘焙甜品,https://product.dangdang.com/11735288179.html
11735478129,家常菜谱书籍,https://product.dangdang.com/11735478129.html
11735844379,外国小说书籍另著岛上书店等作品太年轻（[美]加·泽文）,https://product.dangdang.com/11735844379.html
11737640360,"心理学百科(德)班尼须(HellmuthBenesh),(德)赫广西人民出版社",https://product.dangdang.com/11737640360.html
11738558060,伦理学问题(德)石里克孙美堂译华夏出版社,https://product.dangdang.com/11738558060.html
11738716640,交通经济带张文尝科学出版社,https://product.dangdang.com/11738716640.html
11739925520,"能源刘汉元,刘建生中国言实出版社【达额立减】",https://product.dangdang.com/11739925520.html
11740194300,西方哲学史罗斌编北京燕山出版社【放心购买】,https://product.dangdang.com/11740194300.html
11740381330,世界史研究于沛著福建人民出版社,https://product.dangdang.com/11740381330.html
11740444080,产业经济学鲍宏礼中国经济出版社,https://product.dangdang.com/11740444080.html
11744358321,循证社会科学总论/循证社会科学研究系列丛书,https://product.dangdang.com/11744358321.html
11750227169,成功励志书籍大全10册格局书人际交往沟通非暴力沟通为人处世之道哲学书籍批发自我提升心理学高情商说话技巧书籍畅销书,https://product.dangdang.com/11750227169.html
11750871874,【关注有礼】宝宝简笔画全简笔画涂色书8册0-3-6岁宝宝幼儿简笔画学习启蒙艺术培养动物植物水果蔬菜阶梯涂色幼儿童左右脑潜能艺术开发【卿墨】,https://product.dangdang.com/11750871874.html
11755105019,服饰搭配王巍主编中国纺织出版社,https://product.dangdang.com/11755105019.html
11757544765,企业经营管理书籍全5册企业管理成功法则不懂说话怎么带团队不懂带团队你就自己累管理不狠团队不稳领导力管理心理学高情商管理书,https://product.dangdang.com/11757544765.html
11768336259,人物传记畅销书全套中国企业家传记精装杨振宁任正非传马云雷军董明珠李嘉诚王兴任正非人物传记书籍伟人企业管理成功励志创业书籍自传畅销适合青少年成人中国商业著名企业家自传当当自营前十名正版林肯达芬奇蒋介石,https://product.dangdang.com/11768336259.html
11768352342,少年毛泽东张文宝著读物传记毛泽东少年励志故事书青少年版名人传记小学生初中生课外阅读书籍正版包邮畅销书,https://product.dangdang.com/11768352342.html
11769014649,小语种麦子毕淑敏著毛微微绘广西师范大学出版社,https://product.dangdang.com/11769014649.html
11770044261,韩国语入门西南交通大学出版社9787564375515其它语种教学,https://product.dangdang.com/11770044261.html
11777608302,飞走的爷爷马库斯·奥特斯外国文学出版社9787501622597;978-7-5016-2259-7,https://product.dangdang.com/11777608302.html
11777608342,大象倒立马库斯·奥特斯外国文学出版社9787501622603;978-7-5016-2260-3,https://product.dangdang.com/11777608342.html
11777608352,爱的面包安特耶·达姆外国文学出版社9787501622566;978-7-5016-2256-6,https://product.dangdang.com/11777608352.html
11781044315,如尝橄榄:从卡萨布兰卡到耶路撒冷陈跃飞著旅游随笔地中海周边摄影中信出版社图书正版,https://product.dangdang.com/11781044315.html
11781754289,草房子曹文轩外国文学,https://product.dangdang.com/11781754289.html
11782249052,中国儿童文学名家自选书系·常新港作品:小芬的蝈蝈常新港济南出版社9787548857747;978-7-5488-5774-7,https://product.dangdang.com/11782249052.html
11787505670,服饰搭配,https://product.dangdang.com/11787505670.html
11788542207,循证社会科学总论/循证社会科学研究系列丛书,https://product.dangdang.com/11788542207.html
11789926946,【出版社直发】正版书籍初级数独科龙工作室娱乐/休闲休闲游戏其他品牌科学出版社9787508840475,https://product.dangdang.com/11789926946.html
11790238731,书法篆刻工具书系列常用汉印字典,https://product.dangdang.com/11790238731.html
11792328750,交通经济带,https://product.dangdang.com/11792328750.html
11794028900,心理学百科,https://product.dangdang.com/11794028900.html
11807545884,中国史纲张荫麟著中华现代学术名著丛书商务印书馆【关注有礼】,https://product.dangdang.com/11807545884.html
11809686692,企业经营管理书籍全5册企业管理成功法则不懂说话怎么带团队不懂带团队你就自己累管理不狠团队不稳领导力管理心理学高情商管理书黄继伟中国华侨出版社9787511360229,https://product.dangdang.com/11809686692.html
11826203255,如尝橄榄:从卡萨布兰卡到耶路撒冷陈跃飞著旅游随笔地中海周边摄影中信出版社图书正版【星愿文化】,https://product.dangdang.com/11826203255.html
11829595912,企业经济学（美）德姆塞茨著，梁小民译中国社会科学出版社9787500423317,https://product.dangdang.com/11829595912.html
11833983174,交通经济带,https://product.dangdang.com/11833983174.html
11839475183,艺术概论（王宏建主编）（本书是全新修订版，是一本经得起时间和实践检验近30年的艺术理论教材。）,https://product.dangdang.com/11839475183.html
11841923968,交通经济带,https://product.dangdang.com/11841923968.html
11843883540,金融学,https://product.dangdang.com/11843883540.html
11847635247,市场营销学黄方正主编西南财经大学出版社,https://product.dangdang.com/11847635247.html
11850492791,心理学百科DK出版公司电子工业出版社9787121357169,https://product.dangdang.com/11850492791.html
11860332154,心理学百科,https://product.dangdang.com/11860332154.html
11860543334,小学语文课外阅读经典丛书伊索寓言格林童话一千零一夜三字经365夜故事谜语大全中国民俗故事中国民间故事中国神话故事中国历史故事中国寓言故事弟子规木偶奇遇记父与子全集小鹿斑,https://product.dangdang.com/11860543334.html
11864412583,交通经济带,https://product.dangdang.com/11864412583.html
11865947332,汉缅大词典王子崇著其它语种工具书,https://product.dangdang.com/11865947332.html
11866759224,如尝橄榄:从卡萨布兰卡到耶路撒冷陈跃飞著旅游随笔地中海周边摄影中信出版社图书正版,https://product.dangdang.com/11866759224.html
11869222213,爱的面包安特耶·达姆外国文学出版社9787501622566,https://product.dangdang.com/11869222213.html
11869407032,中国儿童文学名家名作《闪闪的红星》,https://product.dangdang.com/11869407032.html
11869439032,中国儿童文学名家名作《宝葫芦的秘密》,https://product.dangdang.com/11869439032.html
11869440062,中国儿童文学名家名作《小英雄雨来》,https://product.dangdang.com/11869440062.html
11870586625,企业经济学,https://product.dangdang.com/11870586625.html
11873748453,飞走的爷爷马库斯·奥特斯外国文学出版社9787501622597,https://product.dangdang.com/11873748453.html
11873773665,伦理学问题,https://product.dangdang.com/11873773665.html
11874761647,市场营销苏国锦，邵新主编中国财富出版社,https://product.dangdang.com/11874761647.html
11876244405,企业经营管理书籍全5册企业管理成功法则不懂说话怎么带团队不懂带团队你就自己累管理不狠团队不稳领导力管理心理学高情商管理书,https://product.dangdang.com/11876244405.html
11877330533,音乐舞蹈孙凡长江出版社9787549265381,https://product.dangdang.com/11877330533.html
11877369293,书法篆刻钟一鸣长江出版社9787549265374,https://product.dangdang.com/11877369293.html
1187861585,宗教与科学,https://product.dangdang.com/1187861585.html
11881351051,古俄语简编左少兴编大中专大中专文科其它语种大学教材图书籍北京大学出版社左少兴编著9787301288924,https://product.dangdang.com/11881351051.html
11882119210,球类运动--排球黄汉升主编高等教育出版社,https://product.dangdang.com/11882119210.html
11882520550,服饰搭配王巍主编中国纺织出版社,https://product.dangdang.com/11882520550.html
11882774090,外国小说朱守芬东方出版中心,https://product.dangdang.com/11882774090.html
11883575470,能源金融林伯强清华大学出版社,https://product.dangdang.com/11883575470.html
11887711040,中国儿童文学名家名作《宝葫芦的秘密》,https://product.dangdang.com/11887711040.html
11888589685,企业经营管理书籍全5册企业管理成功法则不懂说话怎么带团队不懂带团队你就自己累管理不狠团队不稳领导力管理心理学高情商管理书,https://product.dangdang.com/11888589685.html
11890515531,裸鸟:吴晓惠童话寓言集吴晓惠西苑出版社9787515103693,https://product.dangdang.com/11890515531.html
11891844706,"艺术概论,中国青年出版社【新华书店总店旗舰店】",https://product.dangdang.com/11891844706.html
11893372043,中国儿童文学名家读本曹文轩作品:水边的天籁/中国儿童文学名家读本曹文轩著;黄晨屿选评;方卫平丛书主明天出版社9787533297435,https://product.dangdang.com/11893372043.html
11893422550,交通经济带,https://product.dangdang.com/11893422550.html
11897638756,"小语种麦子,广西师范大学出版社【新华书店总店旗舰店】",https://product.dangdang.com/11897638756.html
11897876416,"艺术概论,高等教育出版社【新华书店总店旗舰店】",https://product.dangdang.com/11897876416.html
11898034606,"艺术概论,西南交通大学出版社【新华书店总店旗舰店】",https://product.dangdang.com/11898034606.html
11898102916,"艺术概论,人民邮电出版社【新华书店总店旗舰店】",https://product.dangdang.com/11898102916.html
11898797406,"艺术概论,化学工业出版社【新华书店总店旗舰店】",https://product.dangdang.com/11898797406.html
11898799576,"艺术概论,人民邮电出版社【新华书店总店旗舰店】",https://product.dangdang.com/11898799576.html
11903035252,摄影滤光镜屠明非辽宁美术出版社9787531413424,https://product.dangdang.com/11903035252.html
11903773633,外国小说:名家成名作赵焕著东方出版社,https://product.dangdang.com/11903773633.html
11904229284,东升早教幼儿园学前看图阅读识字说话4带认字卡趣味儿歌经典古诗游戏指导中班班下册练习儿童2-3-4-5岁识字课程教材书,https://product.dangdang.com/11904229284.html
11906562370,书法篆刻辽宁美术出版社,https://product.dangdang.com/11906562370.html
11907257430,书法篆刻,https://product.dangdang.com/11907257430.html
11911516462,"钳工吴忠宪,南亚林编执业考试其它专业科技正版图书籍中国石化出版社",https://product.dangdang.com/11911516462.html
11913019538,新汉越词典祁广谋著文教其它语种工具书其它工具书正版图书籍广西教育出版社,https://product.dangdang.com/11913019538.html
11918008940,交通经济带,https://product.dangdang.com/11918008940.html
11918129269,市场营销苏国锦，邵新主编中国财富出版社,https://product.dangdang.com/11918129269.html
11919766943,石开半尺荣宝斋出版社书法绘画诗文手稿印稿题跋艺术图书资料美术图书籍,https://product.dangdang.com/11919766943.html
11923366084,企业经营管理书籍全5册企业管理成功法则不懂说话怎么带团队不懂带团队你就自己累管理不狠团队不稳领导力管理心理学高情商管理书,https://product.dangdang.com/11923366084.html
11924613543,摄影滤光镜屠明非辽宁美术出版社9787531413424,https://product.dangdang.com/11924613543.html
11925070473,书法篆刻陈浩等编著辽宁美术出版社9787531470267,https://product.dangdang.com/11925070473.html
11926154113,中国儿童文学名家自选书系·秦文君作品:老祖母的小房子秦文君、舒晋瑜济南出版社9787548856481,https://product.dangdang.com/11926154113.html
11926502202,西方哲学史张世英著中国大百科全书出版社9787500080329,https://product.dangdang.com/11926502202.html
11927179502,世界史研究于沛著福建人民出版社9787211051250,https://product.dangdang.com/11927179502.html
11927479282,世界政治[美]布鲁斯·拉西特著华夏出版社9787508023229,https://product.dangdang.com/11927479282.html
11927865022,中国史吕思勉著上海古籍出版社9787532543236,https://product.dangdang.com/11927865022.html
11928485382,文学理论MaryKlages著上海外语教育出版社9787544612678,https://product.dangdang.com/11928485382.html
1192863409,妇产科学(供高等医药院校基础临床预防口腔医学类专业使用卫生部,https://product.dangdang.com/1192863409.html
11928650072,世界史纲上田茂树著；柳岛生译上海文艺出版社9787532129751,https://product.dangdang.com/11928650072.html
11929172792,伦理学问题莫里茨·石里克华夏出版社9787508018157,https://product.dangdang.com/11929172792.html
11929234032,书法篆刻工具书:简明篆刻反字字典何崝著湖北美术出版社9787539412399,https://product.dangdang.com/11929234032.html
11930245990,服饰搭配,https://product.dangdang.com/11930245990.html
11930259350,金融学,https://product.dangdang.com/11930259350.html
11930512122,交通经济带张文尝科学出版社9787030097873,https://product.dangdang.com/11930512122.html
11932215397,市场营销学贾杰华，李琰主编经济科学出版社,https://product.dangdang.com/11932215397.html
11932232107,管理学韩庆林主编经济科学出版社,https://product.dangdang.com/11932232107.html
11932396417,会计学王爱国，潘秀芹，李爽主编经济科学出版社,https://product.dangdang.com/11932396417.html
11932584509,交通经济带,https://product.dangdang.com/11932584509.html
11933873919,服饰搭配,https://product.dangdang.com/11933873919.html
11936943473,世界政治——现代思想译丛[英]马亚尔著；胡雨谭译江苏人民出版社9787214033925,https://product.dangdang.com/11936943473.html
11937608963,中国军事李志坚著中国书店9787805685816,https://product.dangdang.com/11937608963.html
11939238272,伦理学问题莫里茨·石里克,https://product.dangdang.com/11939238272.html
11939700173,摄影构成李锐文编广东人民出版社9787218043333,https://product.dangdang.com/11939700173.html
11939859363,书法篆刻蔡慧蘋、张遴骏著上海人民美术出版社9787532265459,https://product.dangdang.com/11939859363.html
11939869983,摄影技艺徐忠民著浙江大学出版社9787308034494,https://product.dangdang.com/11939869983.html
11940001763,家庭园艺方园朝华出版社9787505406544,https://product.dangdang.com/11940001763.html
11940691063,管理学通论吴照云著中国社会科学出版社9787500459644,https://product.dangdang.com/11940691063.html
11942957333,美学是什么周宪著北京大学出版社9787301258965,https://product.dangdang.com/11942957333.html
11942997276,企业经济学,https://product.dangdang.com/11942997276.html
11943259446,书法篆刻工具书:简明篆刻正字字典,https://product.dangdang.com/11943259446.html
11943375446,交通经济带,https://product.dangdang.com/11943375446.html
11943385143,伦理学教程余进著；罗国杰；马博宣中国人民大学出版社9787300000770,https://product.dangdang.com/11943385143.html
11944997790,心理学百科,https://product.dangdang.com/11944997790.html
11945737586,世界史纲,https://product.dangdang.com/11945737586.html
11945856426,心理学百科,https://product.dangdang.com/11945856426.html
11945884980,鉴赏收藏书籍全4册古典家具古玉玺印篆刻陶瓷收藏入门图鉴陶器收藏与鉴赏古代瓷器古瓷陶瓷基础知识陶器瓷器古董古玩鉴赏鉴定研究9787544713351,https://product.dangdang.com/11945884980.html
11946602087,"艺术概论,高等教育出版社【新华书店总店自营店】",https://product.dangdang.com/11946602087.html
11947928510,企业经营管理书籍全5册企业管理成功法则不懂说话怎么带团队不懂带团队你就自己累管理不狠团队不稳领导力管理心理学高情商管理书,https://product.dangdang.com/11947928510.html
11948455203,走遍全球——柬埔寨和吴哥寺国外游自助游“众神的世界”吴哥寺与“菩萨的居所”巴戎寺,https://product.dangdang.com/11948455203.html
11948721033,管理学原理张囗合肥工业大学出版社9787810935463,https://product.dangdang.com/11948721033.html
11948863063,管理学周雯主编北京邮电大学出版社9787563529087,https://product.dangdang.com/11948863063.html
11951674643,心理学百科,https://product.dangdang.com/11951674643.html
11954194880,调酒的细节戴尔·德格罗夫著茶酒饮品,https://product.dangdang.com/11954194880.html
11954991774,西方哲学史张世英著中国大百科全书出版社,https://product.dangdang.com/11954991774.html
11955563674,世界政治[美]布鲁斯·拉西特著华夏出版社【放心购买】,https://product.dangdang.com/11955563674.html
11955602364,伦理学问题莫里茨·石里克华夏出版社,https://product.dangdang.com/11955602364.html
11955820304,产业经济学王俊豪主编高等教育出版社,https://product.dangdang.com/11955820304.html
11956282093,书法篆刻工具书系列:常用章草书法字典樊中岳湖北美术出版社9787571210526,https://product.dangdang.com/11956282093.html
11956604703,书法篆刻黄惇高等教育出版社9787040518641,https://product.dangdang.com/11956604703.html
11957439400,成功励志书籍大全10册格局书人交往沟通非暴力沟通为人处世之道哲学书籍批发自我提升心理学高情商说话技巧书籍书,https://product.dangdang.com/11957439400.html
11957466392,育儿百科[日]松田道雄著；王少丽译,https://product.dangdang.com/11957466392.html
11957468600,旅游管理学,https://product.dangdang.com/11957468600.html
11957514980,心理学百科,https://product.dangdang.com/11957514980.html
11957738242,世界史纲[英]赫·乔·韦尔斯著,https://product.dangdang.com/11957738242.html
11958234622,书法篆刻——高等师范院校美术专业教程朱建华编；王继安；王建源,https://product.dangdang.com/11958234622.html
11958309552,服饰搭配杨柳著；王巍编,https://product.dangdang.com/11958309552.html
1195883958,小学语文知识大全大盘点2026小升初全国版根据部编版教材编写经纶学典RY,https://product.dangdang.com/1195883958.html
11959125064,管理学原理周三多、陈传明编著南京大学出版社,https://product.dangdang.com/11959125064.html
11959213162,伦理学教程余进著；罗国杰；马博宣,https://product.dangdang.com/11959213162.html
11959218733,书法篆刻,https://product.dangdang.com/11959218733.html
11959277209,走遍全球——柬埔寨和吴哥寺国外游自助游“众神的世界”吴哥寺与“菩萨的居所”巴戎寺,https://product.dangdang.com/11959277209.html
11959330743,益智游戏馆--每个孩子都是爱因斯坦:培养超级神童的1001个逻辑思维游戏,https://product.dangdang.com/11959330743.html
11960093173,金融学,https://product.dangdang.com/11960093173.html
11960174993,天文地理,https://product.dangdang.com/11960174993.html
11960486754,育儿百科王琪著中国妇女出版社,https://product.dangdang.com/11960486754.html
11960517764,世界政治——现代思想译丛[英]马亚尔著；胡雨谭译江苏人民出版社【达额立减】,https://product.dangdang.com/11960517764.html
11962761950,能源大转型,https://product.dangdang.com/11962761950.html
11962912590,交通经济带,https://product.dangdang.com/11962912590.html
11963490626,服饰搭配,https://product.dangdang.com/11963490626.html
11963505736,金融学,https://product.dangdang.com/11963505736.html
11964220480,文学理论,https://product.dangdang.com/11964220480.html
11964813122,封神绘沈延著鉴赏收藏,https://product.dangdang.com/11964813122.html
11965630610,餐厅服务员()人力资源社会保障部教材办公室执业考试其它中国劳动出版社,https://product.dangdang.com/11965630610.html
11967102752,健康管理师()韦莉萍编执业考试其它专业科技正版图书籍中国劳动社会保障出版社【陕西尚居苑专营店】,https://product.dangdang.com/11967102752.html
11972444426,旅行摄影张千里著9787115353900人民邮电出版社,https://product.dangdang.com/11972444426.html
11973909753,封神绘沈延著鉴赏收藏,https://product.dangdang.com/11973909753.html
11974363823,企业经营管理9787811172911中国农业大学出版社ZR,https://product.dangdang.com/11974363823.html
11974737860,茶茗与艺赵艳红等著茶酒饮品,https://product.dangdang.com/11974737860.html
11975658330,成功励志书籍大全10册格局书人交往沟通非暴力沟通为人处世之道哲学书籍批发自我提升心理学高情商说话技巧书籍书,https://product.dangdang.com/11975658330.html
11983590900,旅游管理学,https://product.dangdang.com/11983590900.html
11983841468,国际货币--鉴别鉴赏收藏知识,https://product.dangdang.com/11983841468.html
11983861135,中国小说,https://product.dangdang.com/11983861135.html
11984161350,企业经济学,https://product.dangdang.com/11984161350.html
11984309537,书法篆刻辽宁美术出版社,https://product.dangdang.com/11984309537.html
11984309547,书法篆刻辽宁美术出版社,https://product.dangdang.com/11984309547.html
11985349893,球类运动————排球^^^高等教育出版社9787040438369,https://product.dangdang.com/11985349893.html
11986523074,福利经济学崔宁编大学教材大中专正版图书籍中国矿业大学出版社,https://product.dangdang.com/11986523074.html
11987289734,企业经营管理9787811172911中国农业大学出版社ZR,https://product.dangdang.com/11987289734.html
11988623015,健康管理师()韦莉萍编执业考试其它专业科技正版图书籍中国劳动社会保障出版社,https://product.dangdang.com/11988623015.html
11988633450,企业经营管理,https://product.dangdang.com/11988633450.html
11988689369,企业经营管理9787811172911中国农业大学出版社ZR,https://product.dangdang.com/11988689369.html
11989121690,企业经济学,https://product.dangdang.com/11989121690.html
11989156610,旅游管理学罗明义等著南开大学出版社,https://product.dangdang.com/11989156610.html
11989963760,中国儿童文学大奖获奖作家书系-天堂里的来信陆梅著云南出版集团公司晨光出版社,https://product.dangdang.com/11989963760.html
11990597520,益智游戏馆--每个孩子都是福尔摩斯:培养超级神童的600个侦探推理游戏智力风暴研究开发小组编写化学工业出版社,https://product.dangdang.com/11990597520.html
11990753700,正版中国节苏州大学出版社9787567244436沈红，张彩霞主编识字说话,https://product.dangdang.com/11990753700.html
11991587587,"艺术概论,中国青年出版社【新华书店总店自营店】",https://product.dangdang.com/11991587587.html
11991597467,"小语种麦子,广西师范大学出版社【新华书店总店自营店】",https://product.dangdang.com/11991597467.html
11991828040,中国儿童文学名家读本·远方的呼唤任大霖作品读本任大霖明天出版社,https://product.dangdang.com/11991828040.html
11992542166,伦理学教程,https://product.dangdang.com/11992542166.html
11992939996,育儿百科,https://product.dangdang.com/11992939996.html
11993073520,文学理论文学理论编写组高等教育出版社,https://product.dangdang.com/11993073520.html
11993499996,心理学百科,https://product.dangdang.com/11993499996.html
11993552646,旅游管理学,https://product.dangdang.com/11993552646.html
11993952080,服饰搭配王巍主编中国纺织出版社,https://product.dangdang.com/11993952080.html
11994613320,益智游戏馆--脑筋急转弯精选1288葛忠雨主编化学工业出版社,https://product.dangdang.com/11994613320.html
11994858060,中国文学名家名作鉴赏辞典系列·杜甫诗歌鉴赏辞典上海辞书出版社文学鉴赏辞典编纂中心编著上海辞书出版社,https://product.dangdang.com/11994858060.html
11996068230,中国儿童文学大奖获奖作家书系-克尔伦之狐黑鹤云南出版集团公司晨光出版社,https://product.dangdang.com/11996068230.html
11996644253,初中语文课外阅读读本7年级下卢英9787553682716浙江教育出版社,https://product.dangdang.com/11996644253.html
11996703510,天文地理中国孩子的百科全书,https://product.dangdang.com/11996703510.html
11996794023,天文地理类法国伽利玛少儿出版编；胡月译；[法]莫纽绘9787544808415接力出版社,https://product.dangdang.com/11996794023.html
11996810730,外国小说:名家成名作赵焕著东方出版社,https://product.dangdang.com/11996810730.html
11997849003,成功励志书籍大全10册格局书人际交往沟通非暴力沟通为人处世之道哲学书籍批发自我提升心理学高情商说话技巧书籍排行榜,https://product.dangdang.com/11997849003.html
11998627440,"书法篆刻黄惇,李昌集,庄熙祖著高等教育出版社",https://product.dangdang.com/11998627440.html
11998943700,书法篆刻黄惇等著高等教育出版社,https://product.dangdang.com/11998943700.html
11999486130,中国小说赖振寅主编同济大学出版社,https://product.dangdang.com/11999486130.html
11999816890,益智游戏馆--每个孩子都是福尔摩斯:培养超级神童的600个侦探推理游戏智力风暴研究开发小组编写化学工业出版社,https://product.dangdang.com/11999816890.html
12100012589,哲学/宗教,https://product.dangdang.com/12100012589.html
12100012594,林毅夫作品（解读中国经济、新结构经济学、解惑集、园丁集、中国经济的逻辑与展望、本体与无常、产业政策、繁荣求索等）,https://product.dangdang.com/12100012594.html
12100012873,社会学教程(社会学教程(第五版)社会工作导论(第三版)王思斌、社会统计学(第五版)卢淑华、社会研究方法教程袁方、性别社会学佟新、民族社会学导论、文化人类学教程、教育社会学概论(第五版)、婚姻家庭,https://product.dangdang.com/12100012873.html
12100013162,传记类,https://product.dangdang.com/12100013162.html
12100013227,人物传记类,https://product.dangdang.com/12100013227.html
12100013991,科普百科,https://product.dangdang.com/12100013991.html
12100016326,世界史,https://product.dangdang.com/12100016326.html
12100017378,小学生彩图工具书字典词典现代汉语英汉词典四川辞书出版社,https://product.dangdang.com/12100017378.html
12100018279,运动传记,https://product.dangdang.com/12100018279.html
12100018282,科普百科,https://product.dangdang.com/12100018282.html
12100018315,益智游戏书,https://product.dangdang.com/12100018315.html
12100018402,科普百科,https://product.dangdang.com/12100018402.html
12100018977,作家传记,https://product.dangdang.com/12100018977.html
12100019316,育儿百科,https://product.dangdang.com/12100019316.html
12100020247,名人传记,https://product.dangdang.com/12100020247.html
12100020411,传记,https://product.dangdang.com/12100020411.html
12100020770,历史世界史,https://product.dangdang.com/12100020770.html
12100020810,外国文学,https://product.dangdang.com/12100020810.html
12100021781,波伏瓦传记,https://product.dangdang.com/12100021781.html
12100021822,才女传记,https://product.dangdang.com/12100021822.html
12100022743,人物传记1,https://product.dangdang.com/12100022743.html
12100022795,天畅社会学,https://product.dangdang.com/12100022795.html
12100023031,摄影作品,https://product.dangdang.com/12100023031.html
12100023247,益智游戏类,https://product.dangdang.com/12100023247.html
12100023586,成功励志1,https://product.dangdang.com/12100023586.html
12100023587,成功励志2,https://product.dangdang.com/12100023587.html
12100023588,成功励志3,https://product.dangdang.com/12100023588.html
12100023589,成功励志4,https://product.dangdang.com/12100023589.html
12100023938,温暖治愈书籍成功励志自信性格培养告别焦虑激励自我,https://product.dangdang.com/12100023938.html
12100024297,中医养生,https://product.dangdang.com/12100024297.html
1213453247,艺术概论西南交通大学出版社,https://product.dangdang.com/1213453247.html
1222433587,全10科普百科全书恐龙星球大探秘+霸王兵器十万个为什么3-6-12岁儿童课外书图书绘本揭秘恐龙世界故事书大小百科全书籍手枪坦克舰艇战机兵器大百科全书8-12-15岁儿童兵器之谜科普揭秘书籍,https://product.dangdang.com/1222433587.html
12300295023,"中国文学史--明清卷方铭主编,吴兆路,罗书华分卷主编长春出版社",https://product.dangdang.com/12300295023.html
12300368870,"书法篆刻工具书:简明篆刻正字字典何崝,邱登成,王道义湖北美术出版社",https://product.dangdang.com/12300368870.html
12300791903,天文地理中国孩子的百科全书,https://product.dangdang.com/12300791903.html
12300953020,"书法篆刻工具书:简明篆刻正字字典何崝,邱登成,王道义湖北美术出版社",https://product.dangdang.com/12300953020.html
12301163770,中国儿童文学名家读本·从云里来的孩子鲁兵作品读本鲁兵明天出版社,https://product.dangdang.com/12301163770.html
12301611340,天文地理林伊著万卷出版公司,https://product.dangdang.com/12301611340.html
12302524345,企业经济学,https://product.dangdang.com/12302524345.html
12302557031,"小语种麦子,广西师范大学出版社【新华书店自营店】",https://product.dangdang.com/12302557031.html
12302719310,你就是影帝李志伟外国文学出版社,https://product.dangdang.com/12302719310.html
12302777015,文学理论,https://product.dangdang.com/12302777015.html
12302835030,裸鸟:吴晓惠童话寓言集吴晓惠西苑出版社,https://product.dangdang.com/12302835030.html
12303355660,书法篆刻工具书系列常用鸟虫篆/篆书/六体/甲骨文/汉印/金文/简牍帛书实用篆刻书法大字典印章印谱大小篆书毛笔书法学习入门教程,https://product.dangdang.com/12303355660.html
12303985266,儿科学申昆玲主编高等教育出版社,https://product.dangdang.com/12303985266.html
12304057030,服饰搭配王巍主编中国纺织出版社,https://product.dangdang.com/12304057030.html
12304131127,"艺术概论,西南交通大学出版社【新华书店总店自营店】",https://product.dangdang.com/12304131127.html
12304177924,艺术概论丁涛著9787534430831江苏美术出版社,https://product.dangdang.com/12304177924.html
12304332577,"艺术概论,人民邮电出版社【新华书店总店自营店】",https://product.dangdang.com/12304332577.html
12304415864,育儿百科王琪著9787802035270中国妇女出版社,https://product.dangdang.com/12304415864.html
12304520524,公共关系学汪秀英著9787504427618中国商业出版社,https://product.dangdang.com/12304520524.html
12304528094,中国儿童文学大奖作家书系:梅里鹰王沈石溪著9787541460586云南出版集团公司晨光出版社,https://product.dangdang.com/12304528094.html
12304530834,市场营销[美]菲利普·科特勒著；俞利军译9787508028903华夏出版社,https://product.dangdang.com/12304530834.html
12304564987,"艺术概论,化学工业出版社【新华书店总店自营店】",https://product.dangdang.com/12304564987.html
12304573550,矿业工程二级注册建造师继续教育教材编委会编知识产权出版社,https://product.dangdang.com/12304573550.html
12304600387,"艺术概论,人民邮电出版社【新华书店总店自营店】",https://product.dangdang.com/12304600387.html
12304688826,交通经济带张文尝科学出版社,https://product.dangdang.com/12304688826.html
12304865110,传记文学:王映霞自传王映霞中华工商联合出版社,https://product.dangdang.com/12304865110.html
12305327766,艺术概论陈岸瑛著高等教育出版社,https://product.dangdang.com/12305327766.html
12306706150,"世界史纲上田茂树著,柳岛生译上海文艺出版社",https://product.dangdang.com/12306706150.html
12307187090,正版中国节苏州大学出版社9787567244436沈红，张彩霞主编识字说话,https://product.dangdang.com/12307187090.html
12307283370,益智游戏馆--脑筋急转弯精选1288葛忠雨主编化学工业出版社,https://product.dangdang.com/12307283370.html
12307572240,"世界史纲上田茂树著,柳岛生译上海文艺出版社",https://product.dangdang.com/12307572240.html
12307588590,外国小说朱守芬东方出版中心,https://product.dangdang.com/12307588590.html
12308486035,鉴赏收藏书籍全4册古典家具古玉玺印篆刻陶瓷收藏入门图鉴陶器收藏与鉴赏古代瓷器古瓷陶瓷基础知识陶器瓷器古董古玩鉴赏鉴定研究9787544713351,https://product.dangdang.com/12308486035.html
12308890013,中国文学名家小小说精选丛书:听闻远方有风苏三皮清华同方光盘电子出版社9787576256024,https://product.dangdang.com/12308890013.html
12309358410,交通经济带,https://product.dangdang.com/12309358410.html
12309641960,童话寓言陈利娟浙江大学出版社,https://product.dangdang.com/12309641960.html
12310211930,球类运动王家宏主编高等教育出版社,https://product.dangdang.com/12310211930.html
12310325153,书法篆刻工具书系列-常用字书法六体字典,https://product.dangdang.com/12310325153.html
12310430010,社会学通论韦克难高等教育出版社,https://product.dangdang.com/12310430010.html
12310622070,中国时报年度童书子儿吐吐精装低幼儿童宝宝小孩情商启蒙亲子睡前童话绘本故事图书籍3-4-6周岁学龄前儿童读物非注音版,https://product.dangdang.com/12310622070.html
12310788090,益智游戏馆--成语益智游戏精选1288葛忠雨编化学工业出版社,https://product.dangdang.com/12310788090.html
12310808740,益智游戏馆--每个孩子都是福尔摩斯:培养超级神童的600个侦探推理游戏智力风暴研究开发小组编写化学工业出版社,https://product.dangdang.com/12310808740.html
12310813650,益智游戏馆--每个孩子都是爱因斯坦:培养超级神童的1001个逻辑思维游戏智力风暴研究开发小组编写化学工业出版社,https://product.dangdang.com/12310813650.html
12311701083,文学理论南帆、刘小新、练暑生著北京大学出版社,https://product.dangdang.com/12311701083.html
12311723323,球类运动——篮球王家宏主编高等教育出版社,https://product.dangdang.com/12311723323.html
12311964544,中国哲学史郭齐勇著9787040183306高等教育出版社,https://product.dangdang.com/12311964544.html
12311973313,健康百科黎宁主编广西科学技术出版社,https://product.dangdang.com/12311973313.html
12312681213,艺术概论王宏建编文化艺术出版社,https://product.dangdang.com/12312681213.html
12312996393,儿科学于洁、张玉兰著人民卫生出版社,https://product.dangdang.com/12312996393.html
12313275644,天文地理类法国伽利玛少儿出版编；胡月译；[法]莫纽绘9787544808415接力出版社,https://product.dangdang.com/12313275644.html
12313282054,书法篆刻庄熙祖著；黄惇；李昌集9787040206500高等教育出版社,https://product.dangdang.com/12313282054.html
12313357344,世界史纲[英]赫·乔·韦尔斯著9787542626479上海三联书店,https://product.dangdang.com/12313357344.html
12313426334,产业经济学王俊豪主编9787040242799高等教育出版社,https://product.dangdang.com/12313426334.html
12313734884,产业经济学王俊豪主编9787040360707高等教育出版社,https://product.dangdang.com/12313734884.html
12313737204,公共关系学居延安著9787309096385复旦大学出版社,https://product.dangdang.com/12313737204.html
12313759694,育儿百科[日]松田道雄著；王少丽译9787508056999华夏出版社,https://product.dangdang.com/12313759694.html
12315841123,书法篆刻庄熙祖著；黄惇；李昌集高等教育出版社9787040206500,https://product.dangdang.com/12315841123.html
12316056544,书法篆刻工具书系列-常用汉印字典樊中岳陈大英湖北美术出版社9787571212988,https://product.dangdang.com/12316056544.html
12316282336,"文学理论,南京大学出版社【新华书店总店旗舰店】",https://product.dangdang.com/12316282336.html
12316382196,"书法篆刻,辽宁美术出版社【新华书店总店旗舰店】",https://product.dangdang.com/12316382196.html
12316672804,育儿百科王琪著中国妇女出版社9787802035270,https://product.dangdang.com/12316672804.html
12317265463,走遍全球——柬埔寨和吴哥寺国外游自助游“众神的世界”吴哥寺与“菩萨的居所”巴戎寺,https://product.dangdang.com/12317265463.html
12317351189,交通经济带,https://product.dangdang.com/12317351189.html
12318116269,服饰搭配,https://product.dangdang.com/12318116269.html
12318203699,外国小说:名家成名作赵焕著东方出版社9787506018722,https://product.dangdang.com/12318203699.html
12319620583,小语种麦子广西师范大学出版社毕淑敏著毛微微绘,https://product.dangdang.com/12319620583.html
12319685143,天文地理化学工业出版社派糖童书绘适合6~14岁孩子的传统文化入门读物，知识系统，有效辅助语文学习！,https://product.dangdang.com/12319685143.html
12320362325,成功励志书籍大全10册格局书人际交往沟通非暴力沟通为人处世之道哲学书籍批发自我提升心理学高情商说话技巧书籍畅销书,https://product.dangdang.com/12320362325.html
12321037089,中国儿童文学名家桥梁书大嘴巴河马注音彩绘版冰波著少儿注音读物儿童文学正版图书籍化学工业出版社,https://product.dangdang.com/12321037089.html
12321201074,中国儿童文学名家读本·?花都开好了叶圣陶作品读本叶圣陶明天出版社9787533289126,https://product.dangdang.com/12321201074.html
12321551214,外国小说盛巽昌、朱守芬编东方出版中心9787806276723,https://product.dangdang.com/12321551214.html
12321639842,天文地理派糖童书编绘化学工业出版社,https://product.dangdang.com/12321639842.html
12321866744,世界经济学赵莉、王振锋编著中国经济出版社9787501759071,https://product.dangdang.com/12321866744.html
12322180262,动物大全-宝宝启蒙认知大书本书编写组执业考试其它浙江人民美术出版社凤凰新华书店,https://product.dangdang.com/12322180262.html
12322567914,成人教育工作者专业社会化的叙事探究何爱霞著中国人民大学出版社9787300192628,https://product.dangdang.com/12322567914.html
12322920130,逻辑学教程张礼建编重庆大学出版社9787562439219,https://product.dangdang.com/12322920130.html
12323169820,摄影张小纲、陈振刚主编高等教育出版社9787040124972,https://product.dangdang.com/12323169820.html
12323212160,摄影一月通蔡林、杨雪丽著四川科学技术出版社9787536412026,https://product.dangdang.com/12323212160.html
12323707430,市场营销学苏巧娜主编；张再谦中国商业出版社9787504458209,https://product.dangdang.com/12323707430.html
12323910323,外国文学名家精选书系:人类群星闪耀时(全译本)(奥)斯蒂芬·茨威格著;云卿译团结出版社9787512647176,https://product.dangdang.com/12323910323.html
12324598154,书法篆刻工具书系列-甲骨文书法字典樊中岳湖北美术出版社9787539499611,https://product.dangdang.com/12324598154.html
12325250847,地图人文版贵州人民出版社儿童科普读物绘本图画书认识地球和世界新华正版书籍,https://product.dangdang.com/12325250847.html
12325799183,动物大全-宝宝启蒙认知大书本书编写组执业考试其它凤凰旗舰店,https://product.dangdang.com/12325799183.html
12327672237,鉴赏收藏书籍全4册古典家具古玉玺印篆刻陶瓷收藏入门图鉴陶器收藏与鉴赏古代瓷器古瓷陶瓷基础知识陶器瓷器古董古玩鉴赏鉴定研究,https://product.dangdang.com/12327672237.html
12328589592,中国法律史李交发湘潭大学出版社有限责任公司,https://product.dangdang.com/12328589592.html
12328706044,中国儿童文学名家名作我们的眼泪如花绽放孟芊芊主编北京少年儿童出版社9787530123010,https://product.dangdang.com/12328706044.html
12329041992,经典南欧书籍旅游地图国外游,https://product.dangdang.com/12329041992.html
12329385954,产业经济学王俊豪主编高等教育出版社9787040242799,https://product.dangdang.com/12329385954.html
12329644344,家庭园艺方园朝华出版社9787505406544,https://product.dangdang.com/12329644344.html
12329799610,正版包邮小户型改造攻略打造小而美的家室内装修装饰技巧方法书空间住宅设计解剖书婚房儿童房家装家饰建筑设计,https://product.dangdang.com/12329799610.html
12330018704,书法篆刻黄惇李昌集庄熙祖高等教育出版社9787040518641,https://product.dangdang.com/12330018704.html
12330154740,书法篆刻工具书系列-常用篆书书法字典,https://product.dangdang.com/12330154740.html
12330659834,交通经济带,https://product.dangdang.com/12330659834.html
12331112667,走遍全球——柬埔寨和吴哥寺国外游自助游“众神的世界”吴哥寺与“菩萨的居所”巴戎寺,https://product.dangdang.com/12331112667.html
12331296062,外国文学名家精选书系.全译本精彩阅读:哈姆雷特.莎士比亚去悲剧集(英)莎士比亚著;朱生豪译团结出版社9787512647039,https://product.dangdang.com/12331296062.html
12331334302,外国文学名家精选书系:人类群星闪耀时(全译本)(奥)斯蒂芬·茨威格著;云卿译团结出版社9787512647176,https://product.dangdang.com/12331334302.html
12333294164,文学理论,https://product.dangdang.com/12333294164.html
12333408134,企业经营管理,https://product.dangdang.com/12333408134.html
12334261983,走遍全球——柬埔寨和吴哥寺国外游自助游“众神的世界”吴哥寺与“菩萨的居所”巴戎寺,https://product.dangdang.com/12334261983.html
12334277210,文学理论,https://product.dangdang.com/12334277210.html
12334281354,企业经营管理书籍全5册企业管理成功法则不懂说话怎么带团队不懂带团队你就自己累管理不狠团队不稳领导力管理心理学高情商管理书,https://product.dangdang.com/12334281354.html
12334297023,经典南欧书籍旅游地图国外游,https://product.dangdang.com/12334297023.html
12334300353,经典南欧书籍旅游地图国外游,https://product.dangdang.com/12334300353.html
12334367060,餐厅服务员()人力资源社会保障部教材办公室执业考试其它中国劳动出版社,https://product.dangdang.com/12334367060.html
12334582340,艺术概论,https://product.dangdang.com/12334582340.html
12334935322,书法篆刻工具书系列-常用鸟虫篆书法字典樊中岳湖北美术,https://product.dangdang.com/12334935322.html
12335156332,"贸易合同:孔琳,孙名蕊主编编大中专文科其它语种大中专黑龙江大学出版社.",https://product.dangdang.com/12335156332.html
12336027933,艺术概论王宏建编9787503943355文化艺术出版社,https://product.dangdang.com/12336027933.html
12336234655,益智游戏馆--每个孩子都是爱因斯坦:培养超级神童的1001个逻辑思维游戏智力风暴研究开发小组编写化学工业出版社,https://product.dangdang.com/12336234655.html
12336534423,航空航天克里斯·伍德福德山东教育出版社9787532849956,https://product.dangdang.com/12336534423.html
12336741454,成功励志书籍鬼谷子狼道墨菲定律羊皮卷人性的弱点李奎、方世华著辽海出版社,https://product.dangdang.com/12336741454.html
12336903274,育儿百科:松田道雄人民卫生出版社,https://product.dangdang.com/12336903274.html
12336909226,书法篆刻工具书系列:常用章草书法字典9787571210526湖北美术出版社,https://product.dangdang.com/12336909226.html
12337279284,能源金融林伯强、黄光晓著清华大学出版社,https://product.dangdang.com/12337279284.html
12337365984,产业经济学苏东水编高等教育出版社9787040435177,https://product.dangdang.com/12337365984.html
12337384984,产业经济学王俊豪编高等教育出版社9787040451467,https://product.dangdang.com/12337384984.html
12337506510,动物大全-宝宝启蒙认知大书本书编写组执业考试其它凤凰新华书店旗舰店,https://product.dangdang.com/12337506510.html
12337824846,产业经济学王俊豪主编9787040360707高等教育出版社,https://product.dangdang.com/12337824846.html
12337830466,文学理论本书编写组编9787040267730高等教育出版社,https://product.dangdang.com/12337830466.html
12337861586,产业经济学王俊豪编9787040451467高等教育出版社,https://product.dangdang.com/12337861586.html
12337868876,公共关系学居延安著9787309096385复旦大学出版社,https://product.dangdang.com/12337868876.html
12337878996,公共关系学张践著9787300149806中国人民大学出版社,https://product.dangdang.com/12337878996.html
12338030204,育儿百科孟斐著天津科学技术出版社9787530887417,https://product.dangdang.com/12338030204.html
12338050754,产业经济学王俊豪主编高等教育出版社9787040360707,https://product.dangdang.com/12338050754.html
12338138394,中华福文化中国国学研究与交流中心编著福建教育出版社9787533497491,https://product.dangdang.com/12338138394.html
12338272076,书法篆刻黄惇著9787040030686高等教育出版社,https://product.dangdang.com/12338272076.html
12338303212,封神绘沈延著鉴赏收藏,https://product.dangdang.com/12338303212.html
12338444244,天文地理类法国伽利玛少儿出版编；胡月译；[法]莫纽绘接力出版社9787544808415,https://product.dangdang.com/12338444244.html
12338494676,产业经济学王俊豪主编9787040242799高等教育出版社,https://product.dangdang.com/12338494676.html
12338514636,书法篆刻庄熙祖著；黄惇；李昌集9787040206500高等教育出版社,https://product.dangdang.com/12338514636.html
12338542014,球类运动——足球蔡向阳王崇喜高等教育出版社9787040562392,https://product.dangdang.com/12338542014.html
12338629016,管理学汪克夷主编9787561114681大连理工大学出版社,https://product.dangdang.com/12338629016.html
12338670226,世界史纲[英]赫·乔·韦尔斯著9787542626479上海三联书店,https://product.dangdang.com/12338670226.html
12338689626,天文地理类法国伽利玛少儿出版编；胡月译；[法]莫纽绘9787544808415接力出版社,https://product.dangdang.com/12338689626.html
12338787084,书法篆刻——新概念素质教育丛书周斌编上海画报出版社9787805309705,https://product.dangdang.com/12338787084.html
12338811024,管理学基础单凤儒著高等教育出版社9787040240221,https://product.dangdang.com/12338811024.html
12338954696,艺术概论陈旭光著9787534386305江苏教育出版社,https://product.dangdang.com/12338954696.html
12338969466,伦理学引论张传有9787010057446人民出版社,https://product.dangdang.com/12338969466.html
12339032525,天文地理林伊著万卷出版公司,https://product.dangdang.com/12339032525.html
12339129465,益智游戏馆--成语益智游戏精选1288葛忠雨编化学工业出版社,https://product.dangdang.com/12339129465.html
12339134485,益智游戏馆--脑筋急转弯精选1288葛忠雨主编化学工业出版社,https://product.dangdang.com/12339134485.html
12339163886,艺术概论丁涛著9787534430831江苏美术出版社,https://product.dangdang.com/12339163886.html
12339205084,育儿百科王絮编中国华侨出版社9787511308887,https://product.dangdang.com/12339205084.html
12339319732,论童话寓言,https://product.dangdang.com/12339319732.html
12339417345,戴领结的鹅金曾豪外国文学出版社,https://product.dangdang.com/12339417345.html
12339447036,公共关系学李兴国著9787300216201中国人民大学出版社,https://product.dangdang.com/12339447036.html
12339470756,艺术概论王宏建编9787503943355文化艺术出版社,https://product.dangdang.com/12339470756.html
12339615093,传记卷-泰戈尔精品集泰戈尔安徽文艺出版社9787539636900,https://product.dangdang.com/12339615093.html
12339692895,服饰搭配王巍主编中国纺织出版社,https://product.dangdang.com/12339692895.html
12340053885,旅游管理学罗明义等著南开大学出版社,https://product.dangdang.com/12340053885.html
12340457496,外国文学名家精选书系:母亲·在人间（精装）9787512642966团结出版社,https://product.dangdang.com/12340457496.html
12340498226,外国文学名家精选书系:森林报（精装）9787512647244团结出版社,https://product.dangdang.com/12340498226.html
12340691732,家常菜谱,https://product.dangdang.com/12340691732.html
12340869093,心理学百科读物去梯言让你目瞪口呆的怪诞心理学心理学畅销书籍揭秘日常怪事的书不可思议的书讲述怪癖行为的书心理学入门,https://product.dangdang.com/12340869093.html
12341276545,书法篆刻工具书:简明篆刻反字字典何崝著9787539412399湖北美术出版社,https://product.dangdang.com/12341276545.html
12341302634,书法篆刻工具书系列-常用汉印字典,https://product.dangdang.com/12341302634.html
12341666102,"卫生管理学张亮,胡志编大学教材大中专正版图书籍人民卫生出版社",https://product.dangdang.com/12341666102.html
12342366330,能源的未来--数字化与金融重塑杨雷著石油工业出版社9787518339044,https://product.dangdang.com/12342366330.html
12342422990,伦理学讲座罗金远、戴茂堂编人民出版社9787010107158,https://product.dangdang.com/12342422990.html
12342430870,市场营销马杰罗著李维刚译中信出版社9787800731747,https://product.dangdang.com/12342430870.html
12342632390,育儿百科张华平主编江西科学技术出版社9787539046075,https://product.dangdang.com/12342632390.html
12342692600,产业经济学肖兴志编中国人民大学出版社9787300158709,https://product.dangdang.com/12342692600.html
12342858000,中国文学杨公骥主编中央广播电视大学出版社9787304014094,https://product.dangdang.com/12342858000.html
12342967925,球类运动王家宏主编高等教育出版社,https://product.dangdang.com/12342967925.html
12343108260,摄影的捷径马元浩著上海人民美术出版社9787532225873,https://product.dangdang.com/12343108260.html
12343207840,育儿百科王琪著中国妇女出版社9787802035270,https://product.dangdang.com/12343207840.html
12343402112,走遍全球——柬埔寨和吴哥寺国外游自助游“众神的世界”吴哥寺与“菩萨的居所”巴戎寺,https://product.dangdang.com/12343402112.html
12344533811,伦理学教程余进著；罗国杰；马博宣中国人民大学出版社,https://product.dangdang.com/12344533811.html
12344672132,鉴赏收藏书籍全4册古典家俱古玉玺印篆刻陶瓷收藏入门图鉴陶器收藏与鉴赏古代瓷器古瓷陶瓷基础知识陶器瓷器古董古玩鉴赏鉴定研究,https://product.dangdang.com/12344672132.html
12345586450,鉴赏收藏书籍全4册古典家具古玉玺印篆刻陶瓷收藏入门图鉴陶器收藏与鉴赏古代瓷器古瓷陶瓷基础知识陶器瓷器古董古玩鉴赏鉴定研究,https://product.dangdang.com/12345586450.html
12345590456,企业经营管理书籍全5册企业管理成功法则不懂说话怎么带团队不懂带团队你就自己累管理不狠团队不稳领导力管理心理学高情商管理书,https://product.dangdang.com/12345590456.html
12346593691,交通经济带张文尝科学出版社,https://product.dangdang.com/12346593691.html
12346848183,工程结算韩雪编执业考试其它大中专正版图书籍中国建筑工业出版社（速发包邮）,https://product.dangdang.com/12346848183.html
12347497340,公共关系学,https://product.dangdang.com/12347497340.html
12347862390,服饰搭配王巍主编中国纺织出版社9787506471527,https://product.dangdang.com/12347862390.html
12347901190,外国小说:名家成名作赵焕著东方出版社9787506018722,https://product.dangdang.com/12347901190.html
12348143570,家常菜谱膳书堂文化著航空工业出版社9787516511176,https://product.dangdang.com/12348143570.html
12348230604,动物大全-宝宝启蒙认知大书本书编写组执业考试其它浙江人民美术出版社凤凰书店,https://product.dangdang.com/12348230604.html
12348231014,动物大全-宝宝启蒙认知大书本书编写组执业考试其它凤凰新华书店,https://product.dangdang.com/12348231014.html
12348275903,"正版不艺术,不法国杜一雄国外游书籍旅游规划书籍法国自助游书籍鹭江出版社",https://product.dangdang.com/12348275903.html
12348298160,益智游戏馆--成语益智游戏精选1288葛忠雨编化学工业出版社9787122142504,https://product.dangdang.com/12348298160.html
12349172556,益智游戏馆--每个孩子都是福尔摩斯:培养超级神童的600个侦探推理游戏智力风暴研究开发小组编写化学工业出版社,https://product.dangdang.com/12349172556.html
12349230513,企业经济学（美）德姆塞茨著，梁小民译中国社会科学出版社9787500423317,https://product.dangdang.com/12349230513.html
12349328590,妇产科学(供临床医学及相关专业使用全国高等院校数字化课程规划教材),https://product.dangdang.com/12349328590.html
12349501470,儿科学(供临床医学及相关专业使用全国高等院校数字化课程规划教材),https://product.dangdang.com/12349501470.html
12349538070,中国儿童文学名家典藏?骑自行车的月亮/小巴掌童话山东科学技术出版社,https://product.dangdang.com/12349538070.html
12350129230,文学理论,https://product.dangdang.com/12350129230.html
12350209890,健康百科黎宁广西科学技术出版社,https://product.dangdang.com/12350209890.html
12350435508,世界经济学赵莉、王振锋编著中国经济出版社【放心购买】,https://product.dangdang.com/12350435508.html
12350948541,家常菜谱夏金龙编吉林科学技术出版社,https://product.dangdang.com/12350948541.html
12350970111,中国儿童文学名家名作我们的眼泪如花绽放孟芊芊主编北京少年儿童出版社,https://product.dangdang.com/12350970111.html
12351016480,走遍全球——柬埔寨和吴哥寺国外游自助游“众神的世界”吴哥寺与“菩萨的居所”巴戎寺,https://product.dangdang.com/12351016480.html
12351122588,书法篆刻工具书系列-常用篆书书法字典,https://product.dangdang.com/12351122588.html
12351256061,服饰搭配杨柳著；王巍编中国纺织出版社,https://product.dangdang.com/12351256061.html
12352077039,中国文学史袁行霈高等教育出版社,https://product.dangdang.com/12352077039.html
12352583789,育儿百科:松田道雄人民卫生出版社,https://product.dangdang.com/12352583789.html
12353244799,产业经济学肖兴志编中国人民大学出版社,https://product.dangdang.com/12353244799.html
12353337687,壹颗·宋韵:幼儿文化课程识字说话浙江大学出版社,https://product.dangdang.com/12353337687.html
12353352019,管理学基础王绪君主编中央广播电视大学出版社,https://product.dangdang.com/12353352019.html
12353447893,草木志那海著鉴赏收藏,https://product.dangdang.com/12353447893.html
12353506789,伦理学问题莫里茨·石里克华夏出版社,https://product.dangdang.com/12353506789.html
12354226309,西方哲学史张世英著中国大百科全书出版社,https://product.dangdang.com/12354226309.html
12354243449,外国小说:名家成名作赵焕著东方出版社,https://product.dangdang.com/12354243449.html
12354581003,企业经营管理书籍全5册企业管理成功法则不懂说话怎么带团队不懂带团队你就自己累管理不狠团队不稳领导力管理心理学高情商管理书,https://product.dangdang.com/12354581003.html
12354591050,世界史研究于沛著福建人民出版社,https://product.dangdang.com/12354591050.html
12354941389,文学理论王一川著北京大学出版社,https://product.dangdang.com/12354941389.html
12355182124,书法篆刻,https://product.dangdang.com/12355182124.html
12355641699,书法篆刻——新概念素质教育丛书周斌编上海画报出版社,https://product.dangdang.com/12355641699.html
12356276113,伦理学问题莫里茨·石里克华夏出版社,https://product.dangdang.com/12356276113.html
12356366794,经典南欧书籍旅游地图国外游,https://product.dangdang.com/12356366794.html
12356369834,经典南欧书籍旅游地图国外游,https://product.dangdang.com/12356369834.html
12356444414,内科学王海燕编9787810713610北京大学医学出版社,https://product.dangdang.com/12356444414.html
12356525604,艺术概论王宏建编9787503943355文化艺术出版社,https://product.dangdang.com/12356525604.html
12356645114,宗教与人生圣严法师著9787508056609华夏出版社,https://product.dangdang.com/12356645114.html
12356870393,交通经济带张文尝科学出版社,https://product.dangdang.com/12356870393.html
12357648579,伦理学问题莫里茨·石里克华夏出版社,https://product.dangdang.com/12357648579.html
12357770239,公共关系学荣晓华东北财经大学出版社有限责任公司,https://product.dangdang.com/12357770239.html
12357919104,健康百科黎宁广西科学技术出版社,https://product.dangdang.com/12357919104.html
12357934169,外科学进展郑树森主编高等教育出版社,https://product.dangdang.com/12357934169.html
12358131023,基础医学朱进霞主编中国医药科技出版社,https://product.dangdang.com/12358131023.html
12358454850,家庭教育上幼儿园中班漓江出版社,https://product.dangdang.com/12358454850.html
12358459389,市场营销马杰罗著李维刚译中信出版社,https://product.dangdang.com/12358459389.html
12358528830,少年毛泽东张文宝著党政读物人物传记毛泽东少年励志故事书青少年版名人传记小学生初中生课外阅读书籍正版,https://product.dangdang.com/12358528830.html
12358595389,文学理论MaryKlages著上海外语教育出版社,https://product.dangdang.com/12358595389.html
12358630434,书法篆刻工具书系列-常用字书法六体字典,https://product.dangdang.com/12358630434.html
12358857703,企业经营管理书籍全5册企业管理成功法则不懂说话怎么带团队不懂带团队你就自己累管理不狠团队不稳领导力管理心理学高情商管理书,https://product.dangdang.com/12358857703.html
12358936029,初中语文课外阅读读本7年级下卢英浙江教育出版社,https://product.dangdang.com/12358936029.html
12359026049,中国文学史钱穆讲授；叶龙整理天地出版社,https://product.dangdang.com/12359026049.html
12359335969,世界政治——现代思想译丛[英]马亚尔著；胡雨谭译江苏人民出版社,https://product.dangdang.com/12359335969.html
12359457789,摄影的捷径马元浩著上海人民美术出版社,https://product.dangdang.com/12359457789.html
12359464939,艺术概论郑艳主编；唐济川中国轻工业出版社,https://product.dangdang.com/12359464939.html
12359516919,世界经济学赵莉、王振锋编著中国经济出版社,https://product.dangdang.com/12359516919.html
12359589229,公共关系学杜岩著高等教育出版社,https://product.dangdang.com/12359589229.html
12359620139,能源金融林伯强、黄光晓著清华大学出版社,https://product.dangdang.com/12359620139.html
12360060258,中国历代名家书法绘画全集50册经折装原作原大高清字帖赵孟?洛神赋王羲之兰亭序米芾蜀素帖颜真卿祭侄文稿行书草书碑帖临摹国画,https://product.dangdang.com/12360060258.html
12360124999,西方哲学史张世英著中国大百科全书出版社,https://product.dangdang.com/12360124999.html
12360218999,家庭园艺方园朝华出版社,https://product.dangdang.com/12360218999.html
12360240749,公共关系学张耀珍著人民邮电出版社,https://product.dangdang.com/12360240749.html
12360254039,艺术概论丁涛著江苏美术出版社,https://product.dangdang.com/12360254039.html
12360291149,书法篆刻工具书:简明篆刻反字字典何崝著湖北美术出版社,https://product.dangdang.com/12360291149.html
12360503563,书法篆刻工具书系列-常用汉印字典,https://product.dangdang.com/12360503563.html
12360698249,市场营销学潘金龙、任滨主编教育科学出版社,https://product.dangdang.com/12360698249.html
12360709939,产业经济学苏东水编高等教育出版社,https://product.dangdang.com/12360709939.html
12360750474,走遍全球——柬埔寨和吴哥寺国外游自助游“众神的世界”吴哥寺与“菩萨的居所”巴戎寺,https://product.dangdang.com/12360750474.html
12360881159,外国小说盛巽昌、朱守芬编东方出版中心,https://product.dangdang.com/12360881159.html
12360988864,外国儿童文学大奖书单5册时代广场的蟋蟀+毛毛+不老泉+弗朗兹的故事+火鞋与风鞋重点小学课外阅读推荐书目亲近母语书单,https://product.dangdang.com/12360988864.html
12361037289,产业经济学王俊豪主编高等教育出版社,https://product.dangdang.com/12361037289.html
12361238789,伦理学导论倪愫襄编武汉大学出版社,https://product.dangdang.com/12361238789.html
12361313599,世界政治[美]布鲁斯·拉西特著华夏出版社,https://product.dangdang.com/12361313599.html
12361617074,书法篆刻工具书系列-常用鸟虫篆书法字典,https://product.dangdang.com/12361617074.html
12362229158,新汉越词典:祁广谋著作其它语种工具书文教广西教育出版社正版畅销图书籍,https://product.dangdang.com/12362229158.html
12362240636,艺术概论（王宏建主编）（本书是全新修订版，是一本经得起和实践检验近30年的艺术理论教材。）＜优选包邮好书＞,https://product.dangdang.com/12362240636.html
12363506046,成功励志书籍大全10册格局书人际交往沟通非暴力沟通为人处世之道哲学书籍批发自我提升心理学高情商说话技巧书籍畅销书,https://product.dangdang.com/12363506046.html
12364536755,鉴赏收藏书籍全4册古典具古玉玺印篆刻陶瓷收藏入门图鉴陶器收藏与鉴赏古代瓷器古瓷陶瓷基础知识陶器瓷器古董古玩鉴赏鉴定研究,https://product.dangdang.com/12364536755.html
12364547794,旅游管理学张俊英中国旅游出版社9787503263552人天书店,https://product.dangdang.com/12364547794.html
12364759779,人居艺境——吴良镛书法绘画速写集书法卷、绘画卷、速写卷吴良镛中国建筑工业出版社正版书籍,https://product.dangdang.com/12364759779.html
12365389489,书法篆刻工具书系列-常用篆书书法字典,https://product.dangdang.com/12365389489.html
12365391539,书法篆刻工具书系列-常用字书法六体字典,https://product.dangdang.com/12365391539.html
12366858201,产业经济学,https://product.dangdang.com/12366858201.html
12366891788,健康管理师()韦莉萍编执业考试其它专业科技正版图书籍中国劳动社会保障出版社,https://product.dangdang.com/12366891788.html
12367009116,外科学第9版全国高等职业教育专科教材十四五规画教材张松峰蔡雅谷王贵明编供临床医学专业用人民卫生出版社9787117370288,https://product.dangdang.com/12367009116.html
12367925029,"我的本动物知识大全范洪敏,王少儿低幼启蒙其它儿童读物正版图书籍辽宁少年儿童出版社",https://product.dangdang.com/12367925029.html
12367983778,企业经营管理书籍全5册企业管理成功法则不懂说话怎么带团队不懂带团队你就自己累管理不狠团队不稳领导力管理心理学高情商管理书,https://product.dangdang.com/12367983778.html
12367999028,成功励志书籍大全10册格局书人际交往沟通非暴力沟通为人处世之道哲学书籍批发自我提升心理学高情商说话技巧书籍畅销书,https://product.dangdang.com/12367999028.html
12368645431,茶日子李启彰著茶酒饮品,https://product.dangdang.com/12368645431.html
12368652541,茶道两千年易行健著茶酒饮品,https://product.dangdang.com/12368652541.html
12368839368,书法篆刻工具书系列-常用鸟虫篆书法字典＜优选包邮好书＞,https://product.dangdang.com/12368839368.html
12369750044,中国文学史刘大白江西教育出版社9787570533909人天书店,https://product.dangdang.com/12369750044.html
12370629468,正版包邮小户型改造攻略打造小而美的家室内装修装饰技巧方法书空间住宅设计解剖书婚房儿童房家装家饰建筑设计（速发包邮）,https://product.dangdang.com/12370629468.html
12370696528,哥特艺术正版中世纪视觉艺术西方建筑绘画雕塑工艺品等艺术美学鉴赏珍藏书为您打造视觉艺术盛宴一本专业团队精心打造的文学导读（速发包邮）,https://product.dangdang.com/12370696528.html
12370744530,画禅室随笔正版书籍董其昌书法绘画文集国学经典书籍,https://product.dangdang.com/12370744530.html
12370788018,正版包邮爱屋·及邬:纪念邬达克绘画雕塑邀请展李向阳书店中国地域建筑书籍畅想畅销书（速发包邮）,https://product.dangdang.com/12370788018.html
12371072694,书法篆刻工具书系列-常用鸟虫篆书法字典,https://product.dangdang.com/12371072694.html
12371575547,闲来笔潭吴官正党政读物人民出版社新华书店正版,https://product.dangdang.com/12371575547.html
12372198204,书法篆刻工具书系列-常用篆书书法字典湖北美术出版社【出版社旗舰店】,https://product.dangdang.com/12372198204.html
12372842365,书法篆刻——高等师范院校美术专业教程朱建华编；王继安；王建源江苏美术出版社,https://product.dangdang.com/12372842365.html
12372990317,毛泽东家风丁晓平党政读物人民出版社新华书店正版,https://product.dangdang.com/12372990317.html
12372991305,文学理论MaryKlages著上海外语教育出版社,https://product.dangdang.com/12372991305.html
12373036698,伦理学问题莫里茨·石里克华夏出版社【放心购买】,https://product.dangdang.com/12373036698.html
12373045404,成人教育学陕西师大【出版社旗舰店】,https://product.dangdang.com/12373045404.html
12373048684,书法篆刻工具书系列:常用汉印字典湖北美术出版社【出版社旗舰店】,https://product.dangdang.com/12373048684.html
12373103548,基础医学朱进霞主编中国医药科技出版社【放心购买】,https://product.dangdang.com/12373103548.html
12373111185,基础医学朱进霞主编中国医药科技出版社,https://product.dangdang.com/12373111185.html
12373159075,中国史吕思勉著云南人民出版社,https://product.dangdang.com/12373159075.html
12373807585,书法篆刻工具书:简明篆刻反字字典何崝著湖北美术出版社,https://product.dangdang.com/12373807585.html
12374122325,交通经济带张文尝科学出版社,https://product.dangdang.com/12374122325.html
12374277245,育儿百科:松田道雄人民卫生出版社,https://product.dangdang.com/12374277245.html
12375195549,中国法律史湘潭大学出版社有限责任公司,https://product.dangdang.com/12375195549.html
12376767867,艰苦岁月萧华党政读物中共党史出版社新华书店正版,https://product.dangdang.com/12376767867.html
12378279258,童话寓言,https://product.dangdang.com/12378279258.html
12379247218,内科学,https://product.dangdang.com/12379247218.html
12381106276,动物大全-宝宝启蒙认知大书本书编写组执业考试其它凤凰旗舰店,https://product.dangdang.com/12381106276.html
12382938959,产业经济学简新华魏珊9787307033832武汉大学出版社,https://product.dangdang.com/12382938959.html
12383048659,家庭教育书----关注孩子到18岁邓代平编9787802215108中国时代经济出版社,https://product.dangdang.com/12383048659.html
12383107179,儿科学薛辛东编9787117068949人民卫生出版社,https://product.dangdang.com/12383107179.html
12383224169,市场营销西安交通大学出版社【新华书店自营】,https://product.dangdang.com/12383224169.html
12383561619,心理学百科,https://product.dangdang.com/12383561619.html
12383729729,-易行指南书籍分类旅游地图国外游,https://product.dangdang.com/12383729729.html
12383733879,经典南欧书籍旅游地图国外游,https://product.dangdang.com/12383733879.html
12384723089,管理学教程经济管理出版社【新华书店自营】,https://product.dangdang.com/12384723089.html
12386500956,成人教育学张维主编福建教育出版社9787533417086,https://product.dangdang.com/12386500956.html
12386720568,动物大全-宝宝启蒙认知大书本书编写组执业考试其它凤凰旗舰店,https://product.dangdang.com/12386720568.html
12386879086,益智游戏馆--脑筋急转弯精选1288葛忠雨主编化学工业出版社9787122129420,https://product.dangdang.com/12386879086.html
12386959359,古俄语简编左少兴编大中专大中专文科其它语种中国少数民族语言/汉藏语系籍北京大学出版社,https://product.dangdang.com/12386959359.html
12387381811,"艺术概论,王玉苓,人民邮电出版社【新华书店自营店】",https://product.dangdang.com/12387381811.html
12387644571,"天文地理,派糖童书绘,化学工业出版社【新华书店自营店】",https://product.dangdang.com/12387644571.html
12388302926,益智游戏馆--每个孩子都是爱因斯坦:培养超级神童的1001个逻辑思维游戏智力风暴研究开发小组编写化学工业出版社9787122170903,https://product.dangdang.com/12388302926.html
12388737746,公共关系学付晓蓉成都西南财大出版社有限责任公司,https://product.dangdang.com/12388737746.html
12388812616,中国法律史9787568705165湘潭大学出版社有限责任公司,https://product.dangdang.com/12388812616.html
12389293976,生产管理王关义著9787801629487经济管理出版社,https://product.dangdang.com/12389293976.html
12391793976,"天文地理,化学工业出版社【新华书店总店旗舰店】",https://product.dangdang.com/12391793976.html
12391900221,育儿百科[日]松田道雄著；王少丽译华夏出版社9787508056999,https://product.dangdang.com/12391900221.html
12391970241,产业经济学王俊豪主编高等教育出版社9787040360707,https://product.dangdang.com/12391970241.html
12392222191,世界史纲上田茂树著；柳岛生译上海文艺出版社9787532129751,https://product.dangdang.com/12392222191.html
12392330871,产业经济学苏东水编高等教育出版社9787040173710,https://product.dangdang.com/12392330871.html
12392665041,中国文学史袁行霈高等教育出版社9787040063875,https://product.dangdang.com/12392665041.html
12393131658,益智游戏书江苏少年儿童出版社漫界文化编著作,https://product.dangdang.com/12393131658.html
12393489268,"心理学百科电子工业出版社(英)马库斯·威克斯(MarcusWeeks)著卢敏,侯冉冉译",https://product.dangdang.com/12393489268.html
12393551418,益智游戏书江苏凤凰少年儿童出版社漫界文化编著作,https://product.dangdang.com/12393551418.html
12393551421,书法篆刻黄惇李昌集庄熙祖高等教育出版社9787040518641,https://product.dangdang.com/12393551421.html
12393689337,经山海赵德发党政读物中国言实出版社新华书店正版,https://product.dangdang.com/12393689337.html
12394459858,天文地理化学工业出版社派糖童书绘适合6~14岁孩子的传统文化入门读物，知识系统，有效辅助语文学习！,https://product.dangdang.com/12394459858.html
12394535188,小语种麦子广西师范大学出版社毕淑敏著毛微微绘,https://product.dangdang.com/12394535188.html
12395481256,外国儿童文学大奖书单5册时代广场的蟋蟀+毛毛+不老泉+弗朗兹的故事+火鞋与风鞋重点小学课外阅读推荐书目亲近母语书单ld,https://product.dangdang.com/12395481256.html
12395505827,突出重围柳建伟党政读物中国言实出版社新华书店正版,https://product.dangdang.com/12395505827.html
12396361577,守正创新秦强等党政读物人民日报出版社新华书店正版,https://product.dangdang.com/12396361577.html
12398111865,公共关系学杜岩著9787040454796高等教育出版社,https://product.dangdang.com/12398111865.html
12398153485,公共关系学居延安著9787309096385复旦大学出版社,https://product.dangdang.com/12398153485.html
12398365575,家常菜谱膳书堂文化著9787516511176航空工业出版社,https://product.dangdang.com/12398365575.html
1239840242,艺术概论北京大学出版社,https://product.dangdang.com/1239840242.html
12398413095,中国史纲张荫麟著9787540448110湖南文艺出版社,https://product.dangdang.com/12398413095.html
12398522025,飘飘市长葛冰著9787501602575外国文学,https://product.dangdang.com/12398522025.html
12398676075,中国儿童文学年度佳作李朝全编9787221125002贵州人民出版社,https://product.dangdang.com/12398676075.html
12398766055,企业经济学哈罗德·德姆塞茨著；梁小民译9787500423317中国社会科学出版社,https://product.dangdang.com/12398766055.html
12398850305,西方哲学史罗斌编9787540225797北京燕山出版社,https://product.dangdang.com/12398850305.html
12399301025,内科学王海燕编9787810713610北京大学医学出版社,https://product.dangdang.com/12399301025.html
12399351867,小泥人浙江少年儿童出版社,https://product.dangdang.com/12399351867.html
12399713155,中国史纲张荫麟著9787539296890江西教育出版社,https://product.dangdang.com/12399713155.html
12399971415,家常菜谱赵怀信编9787538428971吉林科学技术出版社,https://product.dangdang.com/12399971415.html
12400911647,王平回忆录王平党政读物中共党史出版社新华书店正版,https://product.dangdang.com/12400911647.html
12401296157,石开半尺荣宝斋出版社书法绘画诗文手稿印稿题跋艺术图书资料美术图书籍,https://product.dangdang.com/12401296157.html
12401314898,"艺术概论,西安交通大学出版社【新华书店自营店】",https://product.dangdang.com/12401314898.html
12401363745,外国小说:名家成名作赵焕著9787506018722东方出版社,https://product.dangdang.com/12401363745.html
12401416187,外科学张小德主编医学教材高等教育出版社,https://product.dangdang.com/12401416187.html
12401503247,妇产科学赵霞，马丁主编医学教材高等教育出版社,https://product.dangdang.com/12401503247.html
12401859055,管理学概论杨红娟杨红娟主编9787502449735冶金工业出版社,https://product.dangdang.com/12401859055.html
12402074537,李汉俊田子渝党政读物中共党史出版社新华书店正版,https://product.dangdang.com/12402074537.html
12402077707,包惠僧方城党政读物中共党史出版社新华书店正版,https://product.dangdang.com/12402077707.html
12402094145,名人传记--莫扎特精[德]费里克斯·胡赫9787540213022北京燕山出版社,https://product.dangdang.com/12402094145.html
12402399055,管理学基础单凤儒著9787040240221高等教育出版社,https://product.dangdang.com/12402399055.html
12402536501,逻辑学杨树森著高等教育出版社9787040289749,https://product.dangdang.com/12402536501.html
12402864468,爲政笔谭晓山党政读物中共中央党校出版社凤凰书店,https://product.dangdang.com/12402864468.html
12403330381,外国小说:名家成名作赵焕著东方出版社9787506018722,https://product.dangdang.com/12403330381.html
12403513916,走遍全球——柬埔寨和吴哥寺国外游自助游“众神的世界”吴哥寺与“菩萨的居所”巴戎寺.9787503262760,https://product.dangdang.com/12403513916.html
12403517681,天文地理类法国伽利玛少儿出版编；胡月译；[法]莫纽绘接力出版社9787544808415,https://product.dangdang.com/12403517681.html
12403614721,摄影构图孔祥竺著辽宁美术出版社9787531413400,https://product.dangdang.com/12403614721.html
12403646591,能源金融林伯强、黄光晓著清华大学出版社9787302257325,https://product.dangdang.com/12403646591.html
12403781791,球类运动——篮球王家宏主编高等教育出版社9787040169584,https://product.dangdang.com/12403781791.html
12403787701,摄影秘诀陈文襄著上海科学技术文献出版社9787543921221,https://product.dangdang.com/12403787701.html
12403922861,育儿百科[日]松田道雄著；王少丽译华夏出版社9787508056999,https://product.dangdang.com/12403922861.html
12403951731,摄影手册贺修桂编中国摄影出版社9787800070464,https://product.dangdang.com/12403951731.html
12404014901,市场营销学吴健安高等教育出版社9787040083569,https://product.dangdang.com/12404014901.html
12404050681,摄影构图佳影在线编中国青年出版社9787500687474,https://product.dangdang.com/12404050681.html
12404201831,家常菜谱膳书堂文化著航空工业出版社9787516511176,https://product.dangdang.com/12404201831.html
12404261768,"艺术概论,化学工业出版社【新华书店自营店】",https://product.dangdang.com/12404261768.html
12404301908,"艺术概论,西南交通大学出版社【新华书店自营店】",https://product.dangdang.com/12404301908.html
12404425848,"艺术概论,人民邮电出版社【新华书店自营店】",https://product.dangdang.com/12404425848.html
12404672527,邓恩铭张业赏党政读物中共党史出版社新华书店正版,https://product.dangdang.com/12404672527.html
12404941196,书法篆刻工具书系列-常用鸟虫篆书法字典樊中岳9787539499581湖北美术出版社,https://product.dangdang.com/12404941196.html
12405598846,"心理学百科英国DK出版社著,徐玥译电子工业出版社9787121215452",https://product.dangdang.com/12405598846.html
12406126638,"妇产科学,中国医药科技出版社【新华书店自营店】",https://product.dangdang.com/12406126638.html
12406286618,"艺术概论,高等教育出版社【新华书店自营店】",https://product.dangdang.com/12406286618.html
12406360228,"文学理论,南京大学出版社【新华书店自营店】",https://product.dangdang.com/12406360228.html
12406411476,益智游戏馆--每个孩子都是福尔摩斯:培养超级神童的600个侦探推理游戏智力风暴研究开发小组化学工业出版社9787122164391,https://product.dangdang.com/12406411476.html
12406506026,"中国文学史--明清卷方铭主编,吴兆路,罗书华分卷主编长春出版社9787544532150",https://product.dangdang.com/12406506026.html
12406783736,书法篆刻黄惇等著高等教育出版社9787040030686,https://product.dangdang.com/12406783736.html
12406852286,"天文地理类法国伽利玛少儿出版,(法)莫纽绘,胡月接力出版社9787544808415",https://product.dangdang.com/12406852286.html
12406872519,书法篆刻工具书系列-常用鸟虫篆书法字典湖北美术出版社【新华书店自营】,https://product.dangdang.com/12406872519.html
12407095029,公共关系学成都西南财大出版社有限责任公司【新华书店自营】,https://product.dangdang.com/12407095029.html
12407101129,天文地理化学工业出版社【新华书店自营】,https://product.dangdang.com/12407101129.html
12407924138,中国史纲--裸脊锁线中国新史学开山大匠、民国清华“文学院四才子”之一张荫麟传世之作。以说故事的方式讲述史事，真实再现商到东汉一千八百多年的历史。张荫麟著凤凰含章出品江苏人民出版社,https://product.dangdang.com/12407924138.html
12408085207,漫说党纪本书编写组党政读物中国方正出版社新华书店正版,https://product.dangdang.com/12408085207.html
12408217056,书法篆刻工具书系列-甲骨文书法字典樊中岳9787539499611湖北美术出版社,https://product.dangdang.com/12408217056.html
12408384317,工匠精神刘建军主编党政读物中共党史出版社新华书店正版,https://product.dangdang.com/12408384317.html
12408775937,王尽美丁龙嘉党政读物中共党史出版社新华书店正版,https://product.dangdang.com/12408775937.html
12408814706,"能源大转型罗伯特·海夫纳三世著,马圆春,李博抒译中信出版社9787508640297",https://product.dangdang.com/12408814706.html
12408815718,老子指真安伦哲学总论社会科学文献出版社凤凰书店,https://product.dangdang.com/12408815718.html
12409292566,"书法篆刻工具书:简明篆刻正字字典何崝,邱登成,王道义湖北美术出版社9787539412399",https://product.dangdang.com/12409292566.html
12409733167,心理学百科海穆特·班尼须（HellmuthBenesh）著广西人民出版社,https://product.dangdang.com/12409733167.html
12409766556,"21世纪年度佳外国小说:生命[德]大卫·瓦格纳著,叶澜译人民文学出版社9787020105557",https://product.dangdang.com/12409766556.html
12409916418,外国儿童文学大奖书单5册时代广场的蟋蟀+毛毛+不老泉+弗朗兹的故事+火鞋与风鞋重点小学课外阅读推荐书目亲近母语书单,https://product.dangdang.com/12409916418.html
12410779308,中国军事之,https://product.dangdang.com/12410779308.html
12411096597,美学四讲李泽厚著与美的历程华夏美学并称为李泽厚美学三书中国古典美学的经典之作美学思想体系正版书籍,https://product.dangdang.com/12411096597.html
12411284071,管理学概论毛国涛、余俊波著9787802077102经济管理出版社,https://product.dangdang.com/12411284071.html
12411583006,传记文学:王映霞自传王映霞中华工商联合出版社9787553807553,https://product.dangdang.com/12411583006.html
12412085906,画禅室随笔正版书籍董其昌书法绘画文集国学经典繁体书籍,https://product.dangdang.com/12412085906.html
12412151138,书法绘画展庆祝红河哈尼族彝族自治州成立三十周年,https://product.dangdang.com/12412151138.html
12412228085,书法篆刻工具书系列·常用金文书法字典常用金文书法字典书法篆刻工具书系列收录字头2427个笔划索引,https://product.dangdang.com/12412228085.html
12412230085,书法篆刻工具书系列·章草书法字典,https://product.dangdang.com/12412230085.html
12412326046,会计学章新蓉主编编大学教材大中专正版图书籍经济管理出版社,https://product.dangdang.com/12412326046.html
12412538648,爲政笔谭晓山党政读物中共中央党校出版社凤凰旗舰店,https://product.dangdang.com/12412538648.html
12412887691,伦理学基础任丑主编9787562152170西南师范大学出版社,https://product.dangdang.com/12412887691.html
12413000168,旅游管理学,https://product.dangdang.com/12413000168.html
12413032331,中国哲学史冯友兰著9787561783542华东师范大学出版社,https://product.dangdang.com/12413032331.html
12413083941,天文地理类法国伽利玛少儿出版编；胡月译；[法]莫纽绘9787544808415接力出版社,https://product.dangdang.com/12413083941.html
12413164311,世界史纲[英]赫·乔·韦尔斯著9787542626479上海三联书店,https://product.dangdang.com/12413164311.html
12413434036,书法篆刻黄惇李昌集庄熙祖高等教育出版社9787040518641,https://product.dangdang.com/12413434036.html
12413926591,公共关系学张践著9787300149806中国人民大学出版社,https://product.dangdang.com/12413926591.html
12416272485,文学理论王一川四川人民出版社9787220062889,https://product.dangdang.com/12416272485.html
12416546735,书法篆刻工具书系列-甲骨文书法字典樊中岳湖北美术出版社9787539499611,https://product.dangdang.com/12416546735.html
12416591537,公文八讲刘伦峰党政读物中共中央党校出版社新华书店正版,https://product.dangdang.com/12416591537.html
12417269726,外国儿童文学大奖书单5册时代广场的蟋蟀+毛毛+不老泉+弗朗兹的故事+火鞋与风鞋重点小学课外阅读推荐书目亲近母语书单米切尔·恩德二十一世纪出版社9787556851836,https://product.dangdang.com/12417269726.html
12417744488,封神绘沈延著鉴赏收藏,https://product.dangdang.com/12417744488.html
12420552387,文学理论,https://product.dangdang.com/12420552387.html
12422792327,宗教的故事,https://product.dangdang.com/12422792327.html
12423915159,鉴赏收藏书籍全4册古典家俱古玉玺印篆刻陶瓷收藏入门图鉴陶器收藏与鉴赏古代瓷器古瓷陶瓷基础知识陶器瓷器古董古玩鉴赏鉴定研究,https://product.dangdang.com/12423915159.html
12424559159,传记馆:居里夫人自传居里夫人浙江文艺出版社9787533927387,https://product.dangdang.com/12424559159.html
12425947479,书法篆刻工具书系列-常用字书法六体字典樊中岳湖北美术出版社9787539499604,https://product.dangdang.com/12425947479.html
12426359428,"儿科学主编王洪涛,刘奉,周建林华中科技大学出版社9787568081573",https://product.dangdang.com/12426359428.html
12426638858,评茶员牟杰编著著执业考试其它大中专正版图书籍中国轻工业出版社,https://product.dangdang.com/12426638858.html
12427769751,怎样写作任仲然党政读物党建读物出版社凤凰书店,https://product.dangdang.com/12427769751.html
12428365606,书法篆刻工具书系列-常用鸟虫篆书法字典樊中岳湖北美术出版社9787539499581,https://product.dangdang.com/12428365606.html
12430714536,书法篆刻庄熙祖高等教育出版社9787040206500,https://product.dangdang.com/12430714536.html
12432090406,心理学百科海穆特·班尼须广西人民出版社9787219072103,https://product.dangdang.com/12432090406.html
12433608116,书法篆刻工具书系列-常用汉印字典,https://product.dangdang.com/12433608116.html
12433699897,玛芬蛋糕幸荣烘焙甜品南海出版公司新华书店正版,https://product.dangdang.com/12433699897.html
12437476707,妇产科学沈铿、马丁编人民卫生出版社,https://product.dangdang.com/12437476707.html
12437602677,家常菜谱赵怀信编吉林科学技术出版社,https://product.dangdang.com/12437602677.html
12437709577,艺术概论张伟、宋伟编北京大学出版社,https://product.dangdang.com/12437709577.html
12437791137,内科学葛均波、徐永健、王辰编人民卫生出版社,https://product.dangdang.com/12437791137.html
12438307351,外国小说黄华新华出版社（锦园好书）,https://product.dangdang.com/12438307351.html
12438959287,外科学蔡端、王炳生、张元芳编复旦大学出版社,https://product.dangdang.com/12438959287.html
12439408691,音乐舞蹈/长江文明之旅编者:孙凡//柳雅青|总主编:刘玉堂//王玉德长江（尚居苑好书）,https://product.dangdang.com/12439408691.html
12440359991,计算机类中职生对口升学课课通C语言同步练习与测试卷高职考招生【锦园图书】,https://product.dangdang.com/12440359991.html
12440756971,企业经营管理9787030140074科学出版社,https://product.dangdang.com/12440756971.html
12440944501,文学理论[美]勒内·韦勒斯、奥斯汀·沃伦著；刘象愚译江苏教育出版社,https://product.dangdang.com/12440944501.html
12441113811,企业经济学哈罗德·德姆塞茨著；梁小民译中国社会科学出版社,https://product.dangdang.com/12441113811.html
12441119211,书法篆刻黄惇著高等教育出版社,https://product.dangdang.com/12441119211.html
12441379281,文学理论MaryKlages著上海外语教育出版社,https://product.dangdang.com/12441379281.html
12441840261,名人传记梁启超著百花文艺出版社,https://product.dangdang.com/12441840261.html
12441988027,工业经济商务印书馆,https://product.dangdang.com/12441988027.html
12442006351,产业经济学肖兴志编中国人民大学出版社,https://product.dangdang.com/12442006351.html
12442142817,球类运动--排球,https://product.dangdang.com/12442142817.html
12442194337,天文地理派糖童书编绘化学工业出版社】,https://product.dangdang.com/12442194337.html
12442696141,能源金融林伯强、黄光晓著清华大学出版社,https://product.dangdang.com/12442696141.html
12443197241,生产管理9787801629487经济管理出版社,https://product.dangdang.com/12443197241.html
12443631511,书法篆刻9787531467847辽宁美术出版社,https://product.dangdang.com/12443631511.html
12445848587,历史的轨迹崔友平党政读物北京联合出版社新华书店正版,https://product.dangdang.com/12445848587.html
12445855187,堂本面包店陈抚洸烘焙甜品福建科技出版社新华书店正版,https://product.dangdang.com/12445855187.html
12447176221,基础医学朱进霞主编中国医药科技出版社【达额立减】,https://product.dangdang.com/12447176221.html
12447235077,市场营销姜岚主编西安交通大学出版社新华书店正版书籍,https://product.dangdang.com/12447235077.html
12447796691,伦理学讲座罗金远、戴茂堂编人民出版社,https://product.dangdang.com/12447796691.html
12448283781,宠物精养--热带鱼蒋青海9787530833414天津科学技术出版社,https://product.dangdang.com/12448283781.html
12448294431,摄影与设计彭澎编著9787040297539高等教育出版社,https://product.dangdang.com/12448294431.html
12449248221,童话寓言徐强华著9787500771296中国少年儿童出版社,https://product.dangdang.com/12449248221.html
12452343267,成语故事在幼儿园教育中的应用价值与课程体系构建识字说话贵州大学出版社,https://product.dangdang.com/12452343267.html
12454263047,动物大全-宝宝启蒙认知大书本书编写组执业考试其它凤凰旗舰店,https://product.dangdang.com/12454263047.html
12454770207,书法篆刻,https://product.dangdang.com/12454770207.html
12454862267,益智游戏馆--脑筋急转弯精选1288,https://product.dangdang.com/12454862267.html
12454953137,外国小说:名家成名作,https://product.dangdang.com/12454953137.html
12455254287,21世纪年度佳外国小说:生命,https://product.dangdang.com/12455254287.html
12455983087,清正廉洁张超党政读物中共中央党校出版社新华书店正版,https://product.dangdang.com/12455983087.html
12458352011,中国文学史袁行霈高等教育出版社,https://product.dangdang.com/12458352011.html
12458459801,育儿百科:松田道雄人民卫生出版社,https://product.dangdang.com/12458459801.html
12460295287,红岩精神余玉湖党政读物人民日报出版社新华书店正版,https://product.dangdang.com/12460295287.html
12460508437,经典南欧书籍旅游地图国外游,https://product.dangdang.com/12460508437.html
12461667521,交通经济带张文尝科学出版社,https://product.dangdang.com/12461667521.html
12462194511,书法篆刻——高等师范院校美术专业教程朱建华编；王继安；王建源江苏美术出版社,https://product.dangdang.com/12462194511.html
12462350271,家常菜谱夏金龙编吉林科学技术出版社,https://product.dangdang.com/12462350271.html
12462497037,健康百科黎宁主编卫生基础科学广西科学技术出版社,https://product.dangdang.com/12462497037.html
12462719041,中国军事李志坚著中国书店,https://product.dangdang.com/12462719041.html
12462768317,文学理论汪正龙南京大学出版社9787305224737,https://product.dangdang.com/12462768317.html
12463420707,古俄语简编左少兴编大中专大中专文科其它语种中国少数民族语言/汉藏语系正版图书籍北京大学出版社,https://product.dangdang.com/12463420707.html
12465603631,全国中小学数独比赛训练题集益智休闲游戏数独游戏规则简单数独比赛真题题目详解锻炼逻辑思维能力推理判断能力提升专注力,https://product.dangdang.com/12465603631.html
12466219027,中国文学史林传甲北京联合出版公司9787550249424,https://product.dangdang.com/12466219027.html
12466711687,交通运输学韩彪著中国铁道出版社9787113029272,https://product.dangdang.com/12466711687.html
12466727127,书法篆刻——高等师范院校美术专业教程朱建华编；王继安；王建源江苏美术出版社9787534420634,https://product.dangdang.com/12466727127.html
12466795057,中国儿童文学大奖获奖作家书系-提拉米苏带我走郁雨君著云南出版集团公司晨光出版社9787541460593,https://product.dangdang.com/12466795057.html
12466805497,世界史纲上田茂树著；柳岛生译上海文艺出版社9787532129751,https://product.dangdang.com/12466805497.html
12467107887,世界政治——现代思想译丛[英]马亚尔著；胡雨谭译江苏人民出版社9787214033925,https://product.dangdang.com/12467107887.html
12467440007,管理学孟庆顺编中国广播影视出版社9787504370556,https://product.dangdang.com/12467440007.html
12468984471,英语课堂用语手册我的一本英语教师教学法双语教学技能训练小学初中高中外语英文优质课例课堂中用语口语游戏用书创意与巧思教具,https://product.dangdang.com/12468984471.html
12471053847,跟我学英语赵颖喆编著机械工业出版社识字说话,https://product.dangdang.com/12471053847.html
12471743327,实干显担当任初轩党政读物人民日报出版社新华书店正版,https://product.dangdang.com/12471743327.html
12472507151,书法篆刻工具书系列-常用鸟虫篆书法字典＜优选包邮好书＞,https://product.dangdang.com/12472507151.html
12472556847,外国儿童文学大奖书单5册时代广场的蟋蟀+毛毛+不老泉+弗朗兹的故事+火鞋与风鞋重点小学课外阅读推荐书目亲近母语书单,https://product.dangdang.com/12472556847.html
12473103477,书法篆刻工具书系列-甲骨文书法字典9787539499611,https://product.dangdang.com/12473103477.html
12473987707,为梦想奋斗任初轩党政读物人民日报出版社新华书店正版,https://product.dangdang.com/12473987707.html
12475236627,动物大全-宝宝启蒙认知大书本书编写组执业考试其它凤凰旗舰店,https://product.dangdang.com/12475236627.html
12475401477,闲来笔潭吴官正党政读物人民出版社新华书店正版,https://product.dangdang.com/12475401477.html
12475405327,毛泽东家风丁晓平党政读物人民出版社新华书店正版,https://product.dangdang.com/12475405327.html
12476746457,旅游管理学张俊英主编中国旅游出版社旅游管理与经营,https://product.dangdang.com/12476746457.html
12477267851,正版新概念英语3教材解析全解新概念英语第三册教材配套讲解辅导用书教师用书初高中外语学习教材新概念英语3自学辅导讲练测,https://product.dangdang.com/12477267851.html
12477427497,文学理论《文学理论》编写组高等教育出版社,https://product.dangdang.com/12477427497.html
12477777247,"企业经济学(美)德姆塞茨著,梁小民译中国社会科学出版社",https://product.dangdang.com/12477777247.html
12478058921,交通经济带,https://product.dangdang.com/12478058921.html
12478875587,艺术概论,https://product.dangdang.com/12478875587.html
12479160377,少年毛泽东张文宝著党政读物人物传记毛泽东少年励志故事书青少年版名人传记小学生初中生课外阅读书籍正版,https://product.dangdang.com/12479160377.html
12481798567,外国小说新华出版社黄华主编【新华书店】,https://product.dangdang.com/12481798567.html
12484182571,世界史纲,https://product.dangdang.com/12484182571.html
12486051821,市场营销学兰苓、刘志敏编中央广播电视大学出版社9787304083762,https://product.dangdang.com/12486051821.html
12486336791,市场营销彭代武、李亚林、靳洪编高等教育出版社9787040455564,https://product.dangdang.com/12486336791.html
12486407161,书法篆刻黄惇著高等教育出版社9787040030686,https://product.dangdang.com/12486407161.html
12486445921,伦理学问题莫里茨·石里克华夏出版社9787508018157,https://product.dangdang.com/12486445921.html
12486472781,产业经济学鲍宏礼著中国经济出版社9787513651790,https://product.dangdang.com/12486472781.html
12486564967,外国儿童文学大奖书单5册时代广场的蟋蟀+毛毛+不老泉+弗朗兹的故事+火鞋与风鞋重点小学课外阅读推荐书目亲近母语书单米切尔·恩德二十一世纪出版社9787556851836,https://product.dangdang.com/12486564967.html
12487064707,"天文地理,派糖童书绘,化学工业出版社【新华书店总店自营】",https://product.dangdang.com/12487064707.html
12487185251,书法篆刻工具书:简明篆刻反字字典何崝著湖北美术出版社9787539412399,https://product.dangdang.com/12487185251.html
12487831361,世界政治——现代思想译丛[英]马亚尔著；胡雨谭译江苏人民出版社9787214033925,https://product.dangdang.com/12487831361.html
12487842681,西方哲学史张世英著中国大百科全书出版社9787500080329,https://product.dangdang.com/12487842681.html
12488521037,封神绘沈延著鉴赏收藏,https://product.dangdang.com/12488521037.html
12492045297,伤心的试验张之路外国文学出版社,https://product.dangdang.com/12492045297.html
12492229467,民生中国焦长权党政读物东方出版中心新华书店正版,https://product.dangdang.com/12492229467.html
12492457797,益智游戏馆--脑筋急转弯精选1288葛忠雨主编化学工业出版社,https://product.dangdang.com/12492457797.html
12493392411,天文地理派糖童书编绘化学工业出版社,https://product.dangdang.com/12493392411.html
12495823741,书法篆刻工具书系列-常用篆书书法字典无湖北美术出版社,https://product.dangdang.com/12495823741.html
12496531017,管理学原理曾芳芳主编,https://product.dangdang.com/12496531017.html
12497048017,中国文学史北京联合出版公司林传甲【新华书店】,https://product.dangdang.com/12497048017.html
12497317457,入党教材张荣臣党政读物红旗出版社新华书店正版,https://product.dangdang.com/12497317457.html
12497317567,党员手册金钊党政读物红旗出版社新华书店正版,https://product.dangdang.com/12497317567.html
12497459007,中国文学史天地出版社钱穆讲述;叶龙记录整理【新华书店】,https://product.dangdang.com/12497459007.html
12497596037,市场营销中国财富出版社苏国锦，邵新主编【新华书店】,https://product.dangdang.com/12497596037.html
12498028547,市场营销西安交通大学出版社姜岚主编【新华书店】,https://product.dangdang.com/12498028547.html
12498371057,儿童绘本0----6岁注音版运动习惯宝宝好习惯故事书幼儿启蒙读物图画书早教书经典童话安徽美术出版社关胜莲【新华书店】,https://product.dangdang.com/12498371057.html
12499233787,交通运输北方妇女儿童出版社上尚印象【新华书店】,https://product.dangdang.com/12499233787.html
12499754947,沂蒙精神杨秋红党政读物人民日报出版社新华书店正版,https://product.dangdang.com/12499754947.html
12499899177,正版速发9787501968145瓷器鉴赏收藏手册姚江波著中国轻工业出版社,https://product.dangdang.com/12499899177.html
12500780817,心理学百科海穆特·班尼须（HellmuthBenesh）著广西人民出版社,https://product.dangdang.com/12500780817.html
12501497307,书法篆刻蔡慧蘋、张遴骏著上海人民美术出版社,https://product.dangdang.com/12501497307.html
12501538447,书法篆刻——高等师范院校美术专业教程朱建华编；王继安；王建源江苏美术出版社,https://product.dangdang.com/12501538447.html
12501660707,书法篆刻工具书:简明篆刻反字字典何崝著湖北美术出版社,https://product.dangdang.com/12501660707.html
12501854097,中国儿童文学大奖获奖作家书系-梅里鹰王沈溪石著云南出版集团公司晨光出版社,https://product.dangdang.com/12501854097.html
12502150167,"外国文学名家精选书系爱的教育亚米契斯,鲁晓喻三秦出版出版社",https://product.dangdang.com/12502150167.html
12502292367,儿科学速记王亮等主编中国医药科技出版社,https://product.dangdang.com/12502292367.html
12502615317,外科学李乃卿编上海科学技术出版社,https://product.dangdang.com/12502615317.html
12502902307,天文地理林伊编著万卷出版公司,https://product.dangdang.com/12502902307.html
12503395627,中国政治学年度评论:2012:2012肖滨主编格致出版社中国政治,https://product.dangdang.com/12503395627.html
12503522857,关外长镜戴占军著/摄影西苑出版社旅游随笔游记,https://product.dangdang.com/12503522857.html
12505597911,画禅室随笔正版书籍董其昌书法绘画文集国学经典书籍,https://product.dangdang.com/12505597911.html
12508503967,鉴赏收藏书籍全4册古典家俱古玉玺印篆刻陶瓷收藏入门图鉴陶器收藏与鉴赏古代瓷器古瓷陶瓷基础知识陶器瓷器古董古玩鉴赏鉴定研究,https://product.dangdang.com/12508503967.html
12517462431,新汉越词典祁广谋著文教其它语种工具书其它工具书正版图书籍广西教育出版社,https://product.dangdang.com/12517462431.html
12521298461,鉴赏收藏书籍全4册古典家具古玉玺印篆刻陶瓷收藏入门图鉴陶器收藏与鉴赏古代瓷器古瓷陶瓷基础知识陶器瓷器古董古玩鉴赏鉴定研究,https://product.dangdang.com/12521298461.html
12523520081,工程经济学佘金凤编大学教材大中专正版图书籍华东理工大学出版社,https://product.dangdang.com/12523520081.html
12523816941,交通运输上尚印象北方妇女儿童出版社,https://product.dangdang.com/12523816941.html
1253003250,中国文学史(魏晋南北朝隋唐五代卷修订本***高等学校特色专业建设教材),https://product.dangdang.com/1253003250.html
1260489269,儿童绘本宝宝爱绘本系列温馨儿歌0-3-6岁儿童睡前故事书幼儿园宝宝启蒙早教读物亲子共读绘本故事书大字注音版爸爸妈妈我爱你全10册,https://product.dangdang.com/1260489269.html
1286332006,艺术概论人民邮电出版社,https://product.dangdang.com/1286332006.html
1286659385,儿科学导论人民卫生出版社,https://product.dangdang.com/1286659385.html
1296104867,中国文学史,https://product.dangdang.com/1296104867.html
1317712047,艺术概论谢委主编,https://product.dangdang.com/1317712047.html
1319436606,妇产科学中国医药科技出版社,https://product.dangdang.com/1319436606.html
1330368606,艺术概论西安交通大学出版社,https://product.dangdang.com/1330368606.html
1330620977,艺术概论中国青年出版社,https://product.dangdang.com/1330620977.html
1330621377,艺术概论中国青年出版社,https://product.dangdang.com/1330621377.html
1332004567,妇产科学(供高等医药院校基础临床预防口腔医学类专业使用卫生部十二五规划教材精讲与同步练习),https://product.dangdang.com/1332004567.html
1366052947,艺术概论西南交通大学出版社,https://product.dangdang.com/1366052947.html
1399431587,儿科学,https://product.dangdang.com/1399431587.html
1415902103,益智游戏书漫界文化编著作,https://product.dangdang.com/1415902103.html
1417116402,书法篆刻工具书系列-常用鸟虫篆书法字典,https://product.dangdang.com/1417116402.html
1417116702,书法篆刻工具书系列-甲骨文书法字典,https://product.dangdang.com/1417116702.html
1420122947,儿科学/刘奉中国中医药出版社,https://product.dangdang.com/1420122947.html
1423621861,外科学基础(供中医专业用全国中医药行业中等职业教育十二五规划教材),https://product.dangdang.com/1423621861.html
1432041947,中国儿童文学名家名作(8册)小巴掌童话蓝鲸的眼睛稻草人中国儿童文学名作张秋生金波叶圣陶3-6-9-12岁儿童早教故事书籍儿童启蒙睡前亲子漫画书绘本,https://product.dangdang.com/1432041947.html
1442907864,书法篆刻工具书系列-甲骨文书法字典,https://product.dangdang.com/1442907864.html
1445825490,中国文学史(魏晋南北朝隋唐五代卷修订本*高等学校特色专业建设教材),https://product.dangdang.com/1445825490.html
1459731760,中国文学史,https://product.dangdang.com/1459731760.html
1459821130,成功励志书籍人人都能成功拿破仑?希尔拜访罗斯福福特洛克菲勒等告诉你不甘愿平庸的人是如何成功的成功学书lz,https://product.dangdang.com/1459821130.html
1462791741,书法篆刻工具书系列-甲骨文书法字典,https://product.dangdang.com/1462791741.html
1464272509,书法篆刻工具书系列-甲骨文书法字典,https://product.dangdang.com/1464272509.html
1464272909,书法篆刻工具书系列-常用鸟虫篆书法字典,https://product.dangdang.com/1464272909.html
1475831547,中国儿童文学名家名作(8册)北京教育出版社,https://product.dangdang.com/1475831547.html
1500071205,书法篆刻工具书系列-常用鸟虫篆书法字典,https://product.dangdang.com/1500071205.html
1500096507,书法篆刻工具书系列-常用鸟虫篆书法字典,https://product.dangdang.com/1500096507.html
1501375670,中国儿童文学谭元亨著著,https://product.dangdang.com/1501375670.html
1528942689,书法篆刻/长江文明之旅,https://product.dangdang.com/1528942689.html
1528942779,音乐舞蹈/长江文明之旅,https://product.dangdang.com/1528942779.html
1529209075,书法篆刻/长江文明之旅,https://product.dangdang.com/1529209075.html
1529209105,音乐舞蹈/长江文明之旅,https://product.dangdang.com/1529209105.html
1530648238,书法篆刻/长江文明之旅,https://product.dangdang.com/1530648238.html
1530648418,音乐舞蹈/长江文明之旅,https://product.dangdang.com/1530648418.html
1539980497,书法篆刻/长江文明之旅,https://product.dangdang.com/1539980497.html
1539980567,音乐舞蹈/长江文明之旅,https://product.dangdang.com/1539980567.html
1542094692,文学理论南京大学出版社,https://product.dangdang.com/1542094692.html
1542094712,文学理论南京大学出版社,https://product.dangdang.com/1542094712.html
1548324030,文学理论汪正龙等著,https://product.dangdang.com/1548324030.html
1549396202,小语种麦子广西师范大学出版社,https://product.dangdang.com/1549396202.html
1549396212,小语种麦子广西师范大学出版社,https://product.dangdang.com/1549396212.html
1551142940,小语种麦子毕淑敏著毛微微绘,https://product.dangdang.com/1551142940.html
1560041745,建筑与个性--对文化和技术变革的回应(原著第3版)/国外建筑理论译丛,https://product.dangdang.com/1560041745.html
1567466599,建筑与个性--对文化和技术变革的回应(原著第3版)/国外建筑理论译丛,https://product.dangdang.com/1567466599.html
1577311068,建筑与个性--对文化和技术变革的回应(原著第3版)/国外建筑理论译丛,https://product.dangdang.com/1577311068.html
1591759137,建筑与个性--对文化和技术变革的回应(原著第3版)/国外建筑理论译丛,https://product.dangdang.com/1591759137.html
1596383954,"当天发货正版军事理论教程梁泽林,盖建新北京师范大学出版社9787303150953中图文轩",https://product.dangdang.com/1596383954.html
1598480694,当天发货正版鳄鱼小顽皮爱洗澡/益智游戏2外面的世界南京大学出版有限公司制作;美国迪士尼南京大学出版社9787305119194中图文轩,https://product.dangdang.com/1598480694.html
1600567259,球类运动--排球(第三版)黄汉升高等教育出版社（正版旧书）9787040438369,https://product.dangdang.com/1600567259.html
1606375649,"书法篆刻——高等师范院校美术专业教程王继安,王建源,朱建华江苏美术出版社（正版旧书）9787534420634",https://product.dangdang.com/1606375649.html
1610130807,【出版社直供】室内设计思维创意方法与表达盖永成魏威盖文来家居家装家饰机械工业出版社正版,https://product.dangdang.com/1610130807.html
1614203466,中国儿童文学名家读本为你唱首歌陈伯吹作品读本陈伯吹9787533289102,https://product.dangdang.com/1614203466.html
1624195100,艺术概论,https://product.dangdang.com/1624195100.html
1626203456,美学是什么周宪北京大学出版社9787301258965,https://product.dangdang.com/1626203456.html
1628206122,美学散步宗白华著与李泽厚的美学三书同为美学爱好者读哲学经典美学书籍美学旨归作品著作的艺术,https://product.dangdang.com/1628206122.html
1646349813,成功励志书籍自我提升戒了吧拖延症升级版21天搞定拖延症/改变从戒开始铸就成功心理学与生活战胜拖延症别让拖延害了你源创新,https://product.dangdang.com/1646349813.html
1661306993,成功励志书籍5册别让直性子毁了你别让心态毁了你好人脉是处出来的人生哲学心理学畅销书排行榜激励书情绪掌控能力别跟自己过不去源创新,https://product.dangdang.com/1661306993.html
1661813701,成功励志书籍全套10册格局情商眼界逆商初心态度细节说服见识策略书正版打开人生困境的实用智慧书思维决定出路格局决定结局,https://product.dangdang.com/1661813701.html
1668704521,正版包邮书籍轻松入门学茶艺付洁烹饪/美食茶酒饮品中国铁道出版社9787113239886,https://product.dangdang.com/1668704521.html
1668718041,"【出版社直发】正版包邮书籍科技英文写作与讲演佩蒂杨,任胜利,王丹红科学与自然自然科学总论其他品牌科学出版社978703018224",https://product.dangdang.com/1668718041.html
1668757121,正版包邮书籍小户型装出大格局日式简约风格苏末家居家装家饰其他品牌江苏凤凰科学技术出版社9787553781747,https://product.dangdang.com/1668757121.html
1678129741,大学教材书籍同济大学数学系列教材高等数学习题全解下册内容经典紧扣考研习题全解步骤清晰正版,https://product.dangdang.com/1678129741.html
1678132831,大学教材教辅书籍陈国辉基础会计习题与案例第6版陈文铭东北财经大学出版社东财会计学教材练习册会计学原理会计案例书正版,https://product.dangdang.com/1678132831.html
1678164041,大学教材书籍同济大学数学系列教材概率论与数理统计增加章前导读及扩展阅读细化考研题目配套辅导教材同济大学数学系正版,https://product.dangdang.com/1678164041.html
1678165611,大学教材书籍化工原理王志魁第五版王志魁向阳王宇正版,https://product.dangdang.com/1678165611.html
1678182241,大学教材教辅书籍经济应用数学基础3概率论与数理统计人大修订版同步辅导及习题全解正版,https://product.dangdang.com/1678182241.html
1678202611,大学教材书籍材料力学翻译版原书第6版正版,https://product.dangdang.com/1678202611.html
1678227611,大学教材书籍统计学原理第2版宫春子刘卫东正版,https://product.dangdang.com/1678227611.html
1678517741,大学教材教辅书籍傅胜审计习题与案例第6版傅胜东北财经大学出版社东财会计学教材练习册会计学原理会计案例书正版,https://product.dangdang.com/1678517741.html
1705402467,金融基础正版,https://product.dangdang.com/1705402467.html
1825564455,美学原理商务印书馆,https://product.dangdang.com/1825564455.html
20130906,中医名家名师讲稿丛书（第一辑）·王洪图内经讲稿,https://product.dangdang.com/20130906.html
20131011,中医名家名师讲稿丛书（第一辑）·刘渡舟伤寒论讲稿,https://product.dangdang.com/20131011.html
20959147,A6管理学★,https://product.dangdang.com/20959147.html
22608354,摄影的艺术(黄明昊推荐原版35年畅销世界，被全球摄影师奉为圭皋的经典之作；世界各艺术院校摄影、设计等专业学生的美学参考书),https://product.dangdang.com/22608354.html
23323949,法社会学,https://product.dangdang.com/23323949.html
23415469,管理学基础,https://product.dangdang.com/23415469.html
23419674,艺术概论,https://product.dangdang.com/23419674.html
23425578,中国文学史--辽宋夏金元卷,https://product.dangdang.com/23425578.html
23480501,徐复观全集----中国文学论集,https://product.dangdang.com/23480501.html
23637435,趣味物理学,https://product.dangdang.com/23637435.html
23641379,爸爸去哪儿——综合益智游戏·宝岛新发现,https://product.dangdang.com/23641379.html
23648449,艺术概论,https://product.dangdang.com/23648449.html
23782036,D外科学,https://product.dangdang.com/23782036.html
24001420,中国儿童文学名家典藏系列:木偶的森林,https://product.dangdang.com/24001420.html
24022047,数码摄影,https://product.dangdang.com/24022047.html
24164380,中国儿童文学名家读本·听四季歌唱贺宜作品读本,https://product.dangdang.com/24164380.html
24224755,中国儿童文学年度佳作2016,https://product.dangdang.com/24224755.html
25080051,摄影的艺术——摄影的本质、观察与创意,https://product.dangdang.com/25080051.html
25227617,中医内科学---十二五规划(第九版),https://product.dangdang.com/25227617.html
25275544,中国儿童文学名家读本·张之路作品·成长的智慧,https://product.dangdang.com/25275544.html
25286565,中国儿童文学名家读本·周锐作品·挥着翅膀的马,https://product.dangdang.com/25286565.html
25295315,中国儿童文学名家读本·沈石溪作品·生命的姿态,https://product.dangdang.com/25295315.html
27876032,书法篆刻工具书系列-常用篆书书法字典,https://product.dangdang.com/27876032.html
27876033,书法篆刻工具书系列-常用字书法六体字典,https://product.dangdang.com/27876033.html
27876034,书法篆刻工具书系列-甲骨文书法字典,https://product.dangdang.com/27876034.html
27876062,书法篆刻工具书系列-常用鸟虫篆书法字典,https://product.dangdang.com/27876062.html
27882695,中国史纲,https://product.dangdang.com/27882695.html
27904696,社会学讲义（著名社会学家费孝通一生学术的结晶和强国富民的实践总结，社会学入门）,https://product.dangdang.com/27904696.html
27906973,简读中国史（张宏杰重磅新作）,https://product.dangdang.com/27906973.html
27909463,化学基础论入选中小学生阅读指导目录科学元典,https://product.dangdang.com/27909463.html
27924683,艺术概论,https://product.dangdang.com/27924683.html
27946361,社会学基础,https://product.dangdang.com/27946361.html
28512513,媒介社会学,https://product.dangdang.com/28512513.html
28513965,宠物大本营--名优宠物猫品种图鉴,https://product.dangdang.com/28513965.html
28513966,宠物大本营--名优宠物狗品种图鉴,https://product.dangdang.com/28513966.html
28530937,风险社会学（豆瓣评分9.3，为全球疫情下社会治理“风险”的反思提供一个独特的视角，社会学扛鼎之作，“社会学中的黑格尔”卢曼毕生著作的遗珠）,https://product.dangdang.com/28530937.html
28539075,美学散步,https://product.dangdang.com/28539075.html
29158929,历代中医名家传记选录释译,https://product.dangdang.com/29158929.html
29202860,简明逻辑学——逻辑论证与批判性思维,https://product.dangdang.com/29202860.html
29309290,宗教情感,https://product.dangdang.com/29309290.html
29309657,化学生物学（（美）戴维·范·弗兰肯（DavidVanVranken）,https://product.dangdang.com/29309657.html
29316461,摄影用光书,https://product.dangdang.com/29316461.html
29321233,成功励志畅销合集:套装6册（同人阁）,https://product.dangdang.com/29321233.html
29371076,华研外语备考2026高考英语语法与长难句全国通用版高中英语适用高一高二高三突破真题词汇阅读语法完型,https://product.dangdang.com/29371076.html
29391541,华研外语备考2026高考英语读后续写素材+构思+语言全国通用版高中英语适用高一高二高三词汇阅读真题系列,https://product.dangdang.com/29391541.html
29394580,书法篆刻工具书系列-常用汉印字典,https://product.dangdang.com/29394580.html
29409262,西方哲学史（影响世界的西方社会文化结晶，从早期的哲学萌芽到晚近的逻辑分析哲学，跟随罗素穿越西方哲学两千年）,https://product.dangdang.com/29409262.html
29431555,艺术概论（王宏建主编）（本书是全新修订版，是一本经得起时间和实践检验近30年的艺术理论教材。）,https://product.dangdang.com/29431555.html
29435049,中医名家名师讲稿丛书·郝万山伤寒论讲稿（增订本）,https://product.dangdang.com/29435049.html
29618470,逻辑学入门,https://product.dangdang.com/29618470.html
29645871,华研外语备考2026高考英语外刊阅读真题同源选材全国通用版高中英语适用高一高二高三语法词汇听力系列,https://product.dangdang.com/29645871.html
29659117,市场营销学,https://product.dangdang.com/29659117.html
29677881,化学笑着学笑着打好化学基础，从全新的角度解释中学化学,https://product.dangdang.com/29677881.html
29705969,金融通识课（升级自己的思维，看清世界的底牌。原耶鲁大学金融学终身教授陈志武写给大家的金融通识课）,https://product.dangdang.com/29705969.html
29715837,华研外语备考2026中考英语语法与长难句读懂真题阅读提分全国通用版适用初一初二初三七八九年级,https://product.dangdang.com/29715837.html
29719725,华研外语备考2026高考英语语法填空全国通用版高中英语适用高一高二高三突破真题词汇听力阅读难句作文,https://product.dangdang.com/29719725.html
29730725,中国哲学史,https://product.dangdang.com/29730725.html
29743043,数学星球（让孩子爱上数学的趣味知识书）,https://product.dangdang.com/29743043.html
29751390,摄影之眼,https://product.dangdang.com/29751390.html
29757397,产业经济学干春晖,https://product.dangdang.com/29757397.html
29768824,中国史纲--裸脊锁线中国新史学开山大匠、民国清华“文学院四才子”之一张荫麟传世之作。以说故事的方式讲述史事，真实再现商到东汉一千八百多年的历史,https://product.dangdang.com/29768824.html
29773262,小学语文知识大全学力检测小学1-6年级全国通用,https://product.dangdang.com/29773262.html
29773480,小学语文知识大全小学1-6年级基础知识集锦全国通用,https://product.dangdang.com/29773480.html
29773481,小学数学知识大全小学1-6年级基础知识集锦全国通用,https://product.dangdang.com/29773481.html
29783778,摄影的规则,https://product.dangdang.com/29783778.html
29801915,公共关系学,https://product.dangdang.com/29801915.html
29857688,不能没有（国际安徒生奖插画家奖得主蔡皋绘本，全国优秀儿童文学奖、央视年度好书等大奖作品）,https://product.dangdang.com/29857688.html
29898107,小学英语本,https://product.dangdang.com/29898107.html
29899622,2026一本初中英语语法全解专项训练中考英语语法知识点大全初一初二初三七八九年级英语完形阅读练习题语法书词汇辅导视频课总复习,https://product.dangdang.com/29899622.html
30052064,365语文大百科精装典藏版大语文通识百科小学生同步拓展阅读一二三四五六年级通用写作阅读小学生语文知识全集每日积累一本通,https://product.dangdang.com/30052064.html
330752,中医舌诊,https://product.dangdang.com/330752.html
410463054,外国儿童文学大奖书单5册时代广场的蟋蟀+毛毛+不老泉+弗朗兹的故事+火鞋与风鞋重点小学课外阅读推荐书目亲近母语书单,https://product.dangdang.com/410463054.html
590643059,成功励志书籍犹太人智慧全集书彩图典藏版犹太人的故事育儿经教子枕边书大全自我实现成功励志人生哲学经商之道创业书籍故事书,https://product.dangdang.com/590643059.html
591570939,家庭教育书籍父母心理学父母沟通孩子动作家教方法父母读本不打不骂教育孩子亲子教育类育儿书籍父母孩子沟通好妈妈胜过好老师怎么教育孩子和沟通的书,https://product.dangdang.com/591570939.html
616619603,管理学基础,https://product.dangdang.com/616619603.html
628309401,"中国儿童文学名家作品——曹文轩卷童年的笑与泪曹文轩著,方卫平明天出版社9787570805327",https://product.dangdang.com/628309401.html
678813493,文学理论,https://product.dangdang.com/678813493.html
693811682,益智游戏书籍谜语三百则彩图注音版儿童谜语300首猜谜语的书6-12岁亲子系列幼儿早教趣味故事书小学生阅读课外书籍1-2-3年级文学读物儿童脑筋急转弯,https://product.dangdang.com/693811682.html
7109332,西方美学史,https://product.dangdang.com/7109332.html
