source_site,source_item_id,source_query_category,source_category_path,product_name,barcode,category_name,unit,suggested_unit_price,status,source_url
新华书店网,110001504742712,家居/生活用品,家居/生活用品,祥锐 中国红超温变色三件套,XHSD110001504742712,家居/生活用品,个,238.00,onsale,https://item.xhsd.com/items/110001504742712
新华书店网,110001504742658,家居/生活用品,家居/生活用品,清砂壶影宜兴原矿天青泥古金钟紫砂壶礼盒装,XHSD110001504742658,家居/生活用品,个,569.00,onsale,https://item.xhsd.com/items/110001504742658
新华书店网,110001504747681,家居/生活用品,家居/生活用品,清砂壶影原矿百目紫泥富甲天下紫砂壶礼盒装,XHSD110001504747681,家居/生活用品,个,999.00,onsale,https://item.xhsd.com/items/110001504747681
新华书店网,110001504785242,家居/生活用品,家居/生活用品,宠物电动除毛吹风机,XHSD110001504785242,家居/生活用品,个,79.00,onsale,https://item.xhsd.com/items/110001504785242
新华书店网,110001504776985,家居/生活用品,家居/生活用品,杉杉 A类100S新疆长绒棉抗菌四件套,XHSD110001504776985,家居/生活用品,个,688.00,onsale,https://item.xhsd.com/items/110001504776985
新华书店网,110001504784849,家居/生活用品,家居/生活用品,磁石自发热热敷理疗护腰带,XHSD110001504784849,家居/生活用品,个,88.00,onsale,https://item.xhsd.com/items/110001504784849
新华书店网,110001504744978,家居/生活用品,家居/生活用品,可折叠腰靠人体工学矫正护腰坐垫YK07A,XHSD110001504744978,家居/生活用品,个,208.00,onsale,https://item.xhsd.com/items/110001504744978
新华书店网,110001504810484,家居/生活用品,家居/生活用品,芳恩 宿舍良品全棉六件套,XHSD110001504810484,家居/生活用品,个,815.00,onsale,https://item.xhsd.com/items/110001504810484
新华书店网,110001504801590,家居/生活用品,家居/生活用品,舒欣乐新式速烘便携干衣机XH-102,XHSD110001504801590,家居/生活用品,个,178.00,onsale,https://item.xhsd.com/items/110001504801590
新华书店网,110001504813161,家居/生活用品,家居/生活用品,玛丽餐具十件套BJS024/ML10,XHSD110001504813161,家居/生活用品,个,159.00,onsale,https://item.xhsd.com/items/110001504813161
新华书店网,110001504812214,家居/生活用品,家居/生活用品,哥窑鼎盛辉煌10入茶具GY2016-1,XHSD110001504812214,家居/生活用品,个,239.00,onsale,https://item.xhsd.com/items/110001504812214
新华书店网,110001504819063,家居/生活用品,家居/生活用品,哥窑和乐融融10入茶具GY2016-6-01,XHSD110001504819063,家居/生活用品,个,239.00,onsale,https://item.xhsd.com/items/110001504819063
新华书店网,110001504776795,家居/生活用品,家居/生活用品,佳奥坐靠一体垫坐垫,XHSD110001504776795,家居/生活用品,个,149.00,onsale,https://item.xhsd.com/items/110001504776795
新华书店网,110001504816052,家居/生活用品,家居/生活用品,康巴赫悦享系列轻咖保温杯500ml 医用级别316不锈钢...,XHSD110001504816052,家居/生活用品,个,105.00,offsale,https://item.xhsd.com/items/110001504816052
新华书店网,110001504749142,家居/生活用品,家居/生活用品,洁丽雅纯棉吸水洗脸巾2条装,XHSD110001504749142,家居/生活用品,个,27.00,onsale,https://item.xhsd.com/items/110001504749142
新华书店网,110001504748578,家居/生活用品,家居/生活用品,多喜爱毛巾礼盒套装纯棉 格调毛巾两件套,XHSD110001504748578,家居/生活用品,个,129.00,onsale,https://item.xhsd.com/items/110001504748578
新华书店网,110001504741725,家居/生活用品,家居/生活用品,笔下金榜题名钢笔礼盒,XHSD110001504741725,家居/生活用品,个,215.00,onsale,https://item.xhsd.com/items/110001504741725
新华书店网,110001504744969,家居/生活用品,家居/生活用品,新疆长绒棉棉花被,XHSD110001504744969,家居/生活用品,个,178.00,onsale,https://item.xhsd.com/items/110001504744969
新华书店网,110001504816558,家居/生活用品,家居/生活用品,章丘老式手工鱼鳞纹铁锅套装（六款可选）,XHSD110001504816558,家居/生活用品,个,209.00,onsale,https://item.xhsd.com/items/110001504816558
新华书店网,110001504819707,家居/生活用品,家居/生活用品,柏丽丝 白茶香氛洗护沐浴系列500ml,XHSD110001504819707,家居/生活用品,个,36.90,onsale,https://item.xhsd.com/items/110001504819707
新华书店网,110001504781915,家居/生活用品,家居/生活用品,双层收纳猫耳双杆落地衣帽架,XHSD110001504781915,家居/生活用品,个,168.00,onsale,https://item.xhsd.com/items/110001504781915
新华书店网,110001504797101,家居/生活用品,家居/生活用品,皇寝世家 蚕丝玻尿酸美容枕单只,XHSD110001504797101,家居/生活用品,个,155.00,onsale,https://item.xhsd.com/items/110001504797101
新华书店网,110001504781545,家居/生活用品,家居/生活用品,传统天然荞麦枕头,XHSD110001504781545,家居/生活用品,个,79.00,onsale,https://item.xhsd.com/items/110001504781545
新华书店网,110001504819259,家居/生活用品,家居/生活用品,佳萌可折叠式家用加厚泡浴桶65×80,XHSD110001504819259,家居/生活用品,个,158.00,onsale,https://item.xhsd.com/items/110001504819259
新华书店网,110001504833294,家居/生活用品,家居/生活用品,杉杉 100S长绒棉绣花四件套,XHSD110001504833294,家居/生活用品,个,888.00,onsale,https://item.xhsd.com/items/110001504833294
新华书店网,110001504787854,家居/生活用品,家居/生活用品,净力震动按摩热敷充气荞麦颈椎枕,XHSD110001504787854,家居/生活用品,个,138.00,onsale,https://item.xhsd.com/items/110001504787854
新华书店网,110001504742591,家居/生活用品,家居/生活用品,HONGDOU红豆慢回弹记忆枕,XHSD110001504742591,家居/生活用品,个,109.00,onsale,https://item.xhsd.com/items/110001504742591
新华书店网,110001504814821,家居/生活用品,家居/生活用品,智能眼部按摩仪C1,XHSD110001504814821,家居/生活用品,个,168.00,onsale,https://item.xhsd.com/items/110001504814821
新华书店网,110001504741641,家居/生活用品,家居/生活用品,最生活毛巾纯棉洗脸大面巾 大众系列家用柔软吸水男女洗澡巾...,XHSD110001504741641,家居/生活用品,个,26.90,onsale,https://item.xhsd.com/items/110001504741641
新华书店网,110001504838275,家居/生活用品,家居/生活用品,柏缇 果酸润体乳250ml,XHSD110001504838275,家居/生活用品,个,45.00,onsale,https://item.xhsd.com/items/110001504838275
新华书店网,110001504749117,家居/生活用品,家居/生活用品,好爸爸高端樱花洗衣液2.08kg,XHSD110001504749117,家居/生活用品,个,37.00,onsale,https://item.xhsd.com/items/110001504749117
新华书店网,110001504836532,家居/生活用品,家居/生活用品,杉杉 石墨烯乳胶枕【一对装】,XHSD110001504836532,家居/生活用品,个,138.00,onsale,https://item.xhsd.com/items/110001504836532
新华书店网,110001504741635,家居/生活用品,家居/生活用品,最生活春风浴巾新疆长绒棉成人纯棉洗澡家用吸水不易掉毛男女...,XHSD110001504741635,家居/生活用品,个,79.00,onsale,https://item.xhsd.com/items/110001504741635
新华书店网,110001504825976,家居/生活用品,家居/生活用品,仿生支撑交叉加压护腰带,XHSD110001504825976,家居/生活用品,个,98.00,onsale,https://item.xhsd.com/items/110001504825976
新华书店网,110001504842262,家居/生活用品,家居/生活用品,杉杉 江南苏绣蚕丝被,XHSD110001504842262,家居/生活用品,个,888.00,onsale,https://item.xhsd.com/items/110001504842262
新华书店网,110001504741775,家居/生活用品,家居/生活用品,协和紫草舒润凝胶50gXR-126,XHSD110001504741775,家居/生活用品,个,23.90,onsale,https://item.xhsd.com/items/110001504741775
新华书店网,110001504843607,家居/生活用品,家居/生活用品,迷你便携晴雨伞,XHSD110001504843607,家居/生活用品,个,45.00,onsale,https://item.xhsd.com/items/110001504843607
新华书店网,110001504845317,家居/生活用品,家居/生活用品,宜兴非遗手工原矿紫砂莲子壶,XHSD110001504845317,家居/生活用品,个,258.00,onsale,https://item.xhsd.com/items/110001504845317
新华书店网,110001504798845,家居/生活用品,家居/生活用品,皇寝世家 水洗棉大豆被200*230cm（2500g),XHSD110001504798845,家居/生活用品,个,185.00,onsale,https://item.xhsd.com/items/110001504798845
新华书店网,110001504785998,家居/生活用品,家居/生活用品,天然实木功夫茶具茶盘,XHSD110001504785998,家居/生活用品,个,238.00,onsale,https://item.xhsd.com/items/110001504785998
新华书店网,110001504836988,家居/生活用品,家居/生活用品,量贩装厨房强吸水抹布,XHSD110001504836988,家居/生活用品,个,28.00,onsale,https://item.xhsd.com/items/110001504836988
新华书店网,110001504818079,家居/生活用品,家居/生活用品,柏丽丝 胶原蛋白洗发沐浴组合,XHSD110001504818079,家居/生活用品,个,45.00,onsale,https://item.xhsd.com/items/110001504818079
新华书店网,110001504741640,家居/生活用品,家居/生活用品,最生活一次性洗脸巾加厚加大超柔洁面巾旅行装擦毛巾 珍珠纹...,XHSD110001504741640,家居/生活用品,个,50.00,offsale,https://item.xhsd.com/items/110001504741640
新华书店网,110001504686776,家居/生活用品,家居/生活用品,笔下咖啡钢笔,XHSD110001504686776,家居/生活用品,个,287.00,onsale,https://item.xhsd.com/items/110001504686776
新华书店网,110001504840541,家居/生活用品,家居/生活用品,趣游帮 单只运动护膝（B037) 单只装 浅灰色,XHSD110001504840541,家居/生活用品,个,79.00,offsale,https://item.xhsd.com/items/110001504840541
新华书店网,110001504846268,家居/生活用品,家居/生活用品,杉杉 抗菌水洗冰丝席三件套180*200cm,XHSD110001504846268,家居/生活用品,个,325.00,onsale,https://item.xhsd.com/items/110001504846268
新华书店网,110001504782480,家居/生活用品,家居/生活用品,皇寝世家 全棉新疆长绒棉花被2750g,XHSD110001504782480,家居/生活用品,个,298.00,onsale,https://item.xhsd.com/items/110001504782480
新华书店网,110001504859153,家居/生活用品,家居/生活用品,瑾礼 艾草养生席 JL-11077 （180*200cm...,XHSD110001504859153,家居/生活用品,个,159.00,onsale,https://item.xhsd.com/items/110001504859153
新华书店网,110001504854784,家居/生活用品,家居/生活用品,“学习强国”非遗宜兴主人杯系列-清雅幽居,XHSD110001504854784,家居/生活用品,个,89.00,onsale,https://item.xhsd.com/items/110001504854784
新华书店网,110001504716289,家居/生活用品,家居/生活用品,雨中砂宜兴朱泥六方雪华紫砂壶,XHSD110001504716289,家居/生活用品,个,149.00,onsale,https://item.xhsd.com/items/110001504716289
新华书店网,110001504777709,家居/生活用品,家居/生活用品,蕉下护眼角保暖口罩WD330,XHSD110001504777709,家居/生活用品,个,61.00,onsale,https://item.xhsd.com/items/110001504777709
新华书店网,110001504844746,家居/生活用品,家居/生活用品,杉杉 冰丝艾草驱蚊软席三件套230×250cm,XHSD110001504844746,家居/生活用品,个,168.00,onsale,https://item.xhsd.com/items/110001504844746
新华书店网,110001504648103,家居/生活用品,家居/生活用品,笔下手作皮艺笔记本,XHSD110001504648103,家居/生活用品,个,431.00,offsale,https://item.xhsd.com/items/110001504648103
新华书店网,110001504854173,家居/生活用品,家居/生活用品,瑾礼 艾草竹叶藤席枕 JL-15015,XHSD110001504854173,家居/生活用品,个,54.00,onsale,https://item.xhsd.com/items/110001504854173
新华书店网,110001504852148,家居/生活用品,家居/生活用品,瑾礼 天然乳胶枕 JL-15012,XHSD110001504852148,家居/生活用品,个,149.00,onsale,https://item.xhsd.com/items/110001504852148
新华书店网,110001504856540,家居/生活用品,家居/生活用品,金卫德 章丘铁锅蒸蒸日上JWD-004（木盖）,XHSD110001504856540,家居/生活用品,个,185.00,onsale,https://item.xhsd.com/items/110001504856540
新华书店网,110001504855520,家居/生活用品,家居/生活用品,杉杉 600D抑菌防螨凉感冰丝席三件套,XHSD110001504855520,家居/生活用品,个,275.00,onsale,https://item.xhsd.com/items/110001504855520
新华书店网,110001504730478,家居/生活用品,家居/生活用品,瓷站紫砂茶具兰花陶瓷办公杯含过滤内胆,XHSD110001504730478,家居/生活用品,个,59.00,onsale,https://item.xhsd.com/items/110001504730478
新华书店网,110001504747724,家居/生活用品,家居/生活用品,清砂壶影紫茄泥鱼化龙紫砂壶礼盒装,XHSD110001504747724,家居/生活用品,个,468.00,onsale,https://item.xhsd.com/items/110001504747724
新华书店网,110001504741734,家居/生活用品,家居/生活用品,和正遮光睡眠眼罩HZ-K2,XHSD110001504741734,家居/生活用品,个,57.00,onsale,https://item.xhsd.com/items/110001504741734
新华书店网,110001504745564,家居/生活用品,家居/生活用品,博洋家居舒享抗菌防螨高弹枕,XHSD110001504745564,家居/生活用品,个,169.00,onsale,https://item.xhsd.com/items/110001504745564
新华书店网,110001504742585,家居/生活用品,家居/生活用品,博洋（BEYOND）毛毯盖毯午睡毯子办公室空调毯珊瑚绒夏...,XHSD110001504742585,家居/生活用品,个,189.00,onsale,https://item.xhsd.com/items/110001504742585
新华书店网,110001504800207,家居/生活用品,家居/生活用品,轻薄羽绒深度睡眠护腰垫0302,XHSD110001504800207,家居/生活用品,个,119.00,onsale,https://item.xhsd.com/items/110001504800207
新华书店网,110001504745676,家居/生活用品,家居/生活用品,头部经络牛角大齿按摩梳礼盒装,XHSD110001504745676,家居/生活用品,个,138.00,offsale,https://item.xhsd.com/items/110001504745676
新华书店网,110001504744948,家居/生活用品,家居/生活用品,清砂壶影宜兴原矿乌金泥龙庭紫砂壶礼盒装,XHSD110001504744948,家居/生活用品,个,348.00,onsale,https://item.xhsd.com/items/110001504744948
新华书店网,110001504778665,家居/生活用品,家居/生活用品,BURNELL春和景明多用焖茶壶套装BNL-HT116,XHSD110001504778665,家居/生活用品,个,139.00,onsale,https://item.xhsd.com/items/110001504778665
新华书店网,110001504801552,家居/生活用品,家居/生活用品,杉杉 100S长绒棉抗菌被3000g,XHSD110001504801552,家居/生活用品,个,475.00,onsale,https://item.xhsd.com/items/110001504801552
新华书店网,110001504745576,家居/生活用品,家居/生活用品,最生活纯棉条纹洗脸毛巾 新疆长绒棉A类家用毛巾 柔软吸水...,XHSD110001504745576,家居/生活用品,个,33.00,onsale,https://item.xhsd.com/items/110001504745576
新华书店网,110001504800747,家居/生活用品,家居/生活用品,李氏砭法中医刮痧板,XHSD110001504800747,家居/生活用品,个,99.00,onsale,https://item.xhsd.com/items/110001504800747
新华书店网,110001504804705,家居/生活用品,家居/生活用品,红运当头不粘炒锅32cm（赠锅盖）,XHSD110001504804705,家居/生活用品,个,158.00,onsale,https://item.xhsd.com/items/110001504804705
新华书店网,110001504811479,家居/生活用品,家居/生活用品,兔毛加绒保暖护膝绑带防滑款一对装0021,XHSD110001504811479,家居/生活用品,个,59.00,onsale,https://item.xhsd.com/items/110001504811479
新华书店网,110001504778666,家居/生活用品,家居/生活用品,物生物星航旅行壶1200ML-月夜黑,XHSD110001504778666,家居/生活用品,个,78.00,onsale,https://item.xhsd.com/items/110001504778666
新华书店网,110001504817158,家居/生活用品,家居/生活用品,福运连连茶具套装(茶礼组合)BFL2023-28,XHSD110001504817158,家居/生活用品,个,369.00,onsale,https://item.xhsd.com/items/110001504817158
新华书店网,110001504813192,家居/生活用品,家居/生活用品,芳恩 精选优质全棉磨毛四件套,XHSD110001504813192,家居/生活用品,个,568.00,onsale,https://item.xhsd.com/items/110001504813192
新华书店网,110001504816499,家居/生活用品,家居/生活用品,EFFE-Set300A赏悦系列不粘锅三件套,XHSD110001504816499,家居/生活用品,个,398.00,onsale,https://item.xhsd.com/items/110001504816499
新华书店网,110001504796562,家居/生活用品,家居/生活用品,笔下一顺到底签字笔（马年礼盒）,XHSD110001504796562,家居/生活用品,个,215.00,offsale,https://item.xhsd.com/items/110001504796562
新华书店网,110001504813092,家居/生活用品,家居/生活用品,康巴赫悦享系列拎拎直身大容量保温壶1000ml 医用级别...,XHSD110001504813092,家居/生活用品,个,159.00,onsale,https://item.xhsd.com/items/110001504813092
新华书店网,110001504821104,家居/生活用品,家居/生活用品,芳恩 决明子健康枕,XHSD110001504821104,家居/生活用品,个,125.00,onsale,https://item.xhsd.com/items/110001504821104
新华书店网,110001504819708,家居/生活用品,家居/生活用品,元气蕲艾暖足宝,XHSD110001504819708,家居/生活用品,个,29.90,onsale,https://item.xhsd.com/items/110001504819708
新华书店网,110001504744956,家居/生活用品,家居/生活用品,迪士尼史迪奇叠叠杯200ml*4个,XHSD110001504744956,家居/生活用品,个,38.00,offsale,https://item.xhsd.com/items/110001504744956
新华书店网,110001504627099,家居/生活用品,家居/生活用品,传统手工锻打章丘铁锅厨房套装,XHSD110001504627099,家居/生活用品,个,398.00,onsale,https://item.xhsd.com/items/110001504627099
新华书店网,110001504745559,家居/生活用品,家居/生活用品,恒源祥夏凉被A类抗菌纤维被芯可机洗空调被被子200*23...,XHSD110001504745559,家居/生活用品,个,149.00,offsale,https://item.xhsd.com/items/110001504745559
新华书店网,110001504741774,家居/生活用品,家居/生活用品,杉杉 简约臻品四件套,XHSD110001504741774,家居/生活用品,个,258.00,onsale,https://item.xhsd.com/items/110001504741774
新华书店网,110001504796112,家居/生活用品,家居/生活用品,皇寝世家 时尚臻品四套件,XHSD110001504796112,家居/生活用品,个,188.00,onsale,https://item.xhsd.com/items/110001504796112
新华书店网,110001504677874,家居/生活用品,家居/生活用品,檀轩阁宜兴紫砂钛金保温杯,XHSD110001504677874,家居/生活用品,个,165.00,onsale,https://item.xhsd.com/items/110001504677874
新华书店网,110001504832361,家居/生活用品,家居/生活用品,都市太太DSZBX06 福运来炒锅32cm,XHSD110001504832361,家居/生活用品,个,139.00,onsale,https://item.xhsd.com/items/110001504832361
新华书店网,110001504743676,家居/生活用品,家居/生活用品,多功能分区收纳落地挂衣架,XHSD110001504743676,家居/生活用品,个,108.00,onsale,https://item.xhsd.com/items/110001504743676
新华书店网,110001504728195,家居/生活用品,家居/生活用品,人体工学折叠撑腰靠背坐姿椅,XHSD110001504728195,家居/生活用品,个,119.00,onsale,https://item.xhsd.com/items/110001504728195
新华书店网,110001504743587,家居/生活用品,家居/生活用品,立白酵素洗洁精455g*4,XHSD110001504743587,家居/生活用品,个,59.00,onsale,https://item.xhsd.com/items/110001504743587
新华书店网,110001504749049,家居/生活用品,家居/生活用品,舒客舒客万毛棉感净白牙刷孕产期月子牙龈敏感专用女士成人牙...,XHSD110001504749049,家居/生活用品,个,13.00,onsale,https://item.xhsd.com/items/110001504749049
新华书店网,110001504843628,家居/生活用品,家居/生活用品,蔬果园 高端家庭洗护三件套-SYGT-7001,XHSD110001504843628,家居/生活用品,个,95.00,onsale,https://item.xhsd.com/items/110001504843628
新华书店网,110001504808897,家居/生活用品,家居/生活用品,家用多功能珐琅锅,XHSD110001504808897,家居/生活用品,个,158.00,onsale,https://item.xhsd.com/items/110001504808897
新华书店网,110001504839714,家居/生活用品,家居/生活用品,防紫外线小巧便捷晴雨伞,XHSD110001504839714,家居/生活用品,个,45.00,onsale,https://item.xhsd.com/items/110001504839714
新华书店网,110001504839564,家居/生活用品,家居/生活用品,趣游帮 高端运动透气三明治网护腰（B036),XHSD110001504839564,家居/生活用品,个,139.00,offsale,https://item.xhsd.com/items/110001504839564
新华书店网,110001504837794,家居/生活用品,家居/生活用品,杉杉 传统纯棉老粗布三件套,XHSD110001504837794,家居/生活用品,个,168.00,onsale,https://item.xhsd.com/items/110001504837794
新华书店网,110001504743672,家居/生活用品,家居/生活用品,笔下小方钢笔焕新版,XHSD110001504743672,家居/生活用品,个,287.00,onsale,https://item.xhsd.com/items/110001504743672
新华书店网,110001504359307,学习用品,学习用品,笔下钢木解压钢笔-黑金纪念版,XHSD110001504359307,学习用品,个,503.00,onsale,https://item.xhsd.com/items/110001504359307
新华书店网,110001504280148,学习用品,学习用品,笔下钢木解压签字笔-黑檀木（镀金版）,XHSD110001504280148,学习用品,个,719.00,onsale,https://item.xhsd.com/items/110001504280148
新华书店网,110001504277217,学习用品,学习用品,笔下小方钢笔（青春版）,XHSD110001504277217,学习用品,个,215.00,onsale,https://item.xhsd.com/items/110001504277217
新华书店网,110001504288546,学习用品,学习用品,笔下花梨木笔盒套装,XHSD110001504288546,学习用品,个,503.00,onsale,https://item.xhsd.com/items/110001504288546
新华书店网,110001504277218,学习用品,学习用品,笔下钢木解压签字笔-小叶紫檀,XHSD110001504277218,学习用品,个,503.00,onsale,https://item.xhsd.com/items/110001504277218
新华书店网,110001504845110,学习用品,学习用品,A7侧翻线圈小本子（随机发货）,XHSD110001504845110,学习用品,个,10.00,onsale,https://item.xhsd.com/items/110001504845110
新华书店网,110001503966181,学习用品,学习用品,新时代学生专用铅笔三十支装,XHSD110001503966181,学习用品,个,15.90,onsale,https://item.xhsd.com/items/110001503966181
新华书店网,110001504778663,学习用品,学习用品,花畔里 时尚折叠充电台灯LP012,XHSD110001504778663,学习用品,个,129.00,onsale,https://item.xhsd.com/items/110001504778663
新华书店网,110001504279174,学习用品,学习用品,笔下钢木解压签字笔-黑檀木,XHSD110001504279174,学习用品,个,194.00,onsale,https://item.xhsd.com/items/110001504279174
新华书店网,110001504280149,学习用品,学习用品,笔下钢木解压钢笔-小叶紫檀,XHSD110001504280149,学习用品,个,862.00,onsale,https://item.xhsd.com/items/110001504280149
新华书店网,110001504777764,学习用品,学习用品,小松鼠led夜灯台灯LP-288,XHSD110001504777764,学习用品,个,118.00,onsale,https://item.xhsd.com/items/110001504777764
新华书店网,110001504843627,学习用品,学习用品,国风复古实木紫檀镇尺,XHSD110001504843627,学习用品,个,198.00,onsale,https://item.xhsd.com/items/110001504843627
新华书店网,110001504371133,学习用品,学习用品,笔下钢木解压签字笔-花梨木,XHSD110001504371133,学习用品,个,287.00,onsale,https://item.xhsd.com/items/110001504371133
新华书店网,110001504850209,学习用品,学习用品,中式天然原石歙砚,XHSD110001504850209,学习用品,个,158.00,onsale,https://item.xhsd.com/items/110001504850209
新华书店网,110001503299083,学习用品,学习用品,敦煌系列书签套装,XHSD110001503299083,学习用品,个,90.00,onsale,https://item.xhsd.com/items/110001503299083
新华书店网,110001504142059,学习用品,学习用品,敦煌系列永恒笔,XHSD110001504142059,学习用品,个,56.00,onsale,https://item.xhsd.com/items/110001504142059
新华书店网,110001504245986,学习用品,学习用品,大美国潮系列书签1枚 款式随机,XHSD110001504245986,学习用品,个,46.00,onsale,https://item.xhsd.com/items/110001504245986
新华书店网,110001504247539,学习用品,学习用品,紫禁文渊宝阁文具套装宫猫款,XHSD110001504247539,学习用品,个,268.00,onsale,https://item.xhsd.com/items/110001504247539
新华书店网,110001503964301,学习用品,学习用品,创意书签（随机发货）,XHSD110001503964301,学习用品,个,19.00,offsale,https://item.xhsd.com/items/110001503964301
新华书店网,110001504338038,学习用品,学习用品,英雄 祥龙纳福生肖纪念笔,XHSD110001504338038,学习用品,个,318.00,onsale,https://item.xhsd.com/items/110001504338038
新华书店网,110001503967133,学习用品,学习用品,国风金属书签国潮 款式随机发货,XHSD110001503967133,学习用品,个,29.00,onsale,https://item.xhsd.com/items/110001503967133
新华书店网,110001504263609,学习用品,学习用品,敦煌国潮系列笔记本套装,XHSD110001504263609,学习用品,个,160.00,onsale,https://item.xhsd.com/items/110001504263609
新华书店网,110001504646664,学习用品,学习用品,宫猫摸鱼鼠标垫,XHSD110001504646664,学习用品,个,59.00,onsale,https://item.xhsd.com/items/110001504646664
新华书店网,110001504642653,学习用品,学习用品,无框拼图-太和殿款,XHSD110001504642653,学习用品,个,120.00,onsale,https://item.xhsd.com/items/110001504642653
新华书店网,110001504409839,学习用品,学习用品,天色莫兰迪色索引贴大号60枚装,XHSD110001504409839,学习用品,个,15.90,onsale,https://item.xhsd.com/items/110001504409839
新华书店网,110001504250203,学习用品,学习用品,大话西游书签1枚 款式随机,XHSD110001504250203,学习用品,个,20.00,onsale,https://item.xhsd.com/items/110001504250203
新华书店网,110001504416786,学习用品,学习用品,故宫宫猫出游笔袋,XHSD110001504416786,学习用品,个,59.00,onsale,https://item.xhsd.com/items/110001504416786
新华书店网,110001503280002,学习用品,学习用品,故宫笔润山河钢笔套装,XHSD110001503280002,学习用品,个,398.00,onsale,https://item.xhsd.com/items/110001503280002
新华书店网,110001504386980,学习用品,学习用品,永生铱金美工钢笔商务礼盒装,XHSD110001504386980,学习用品,个,79.50,onsale,https://item.xhsd.com/items/110001504386980
新华书店网,110001504166209,学习用品,学习用品,中国国家博物馆纸胶带（随机1卷）,XHSD110001504166209,学习用品,个,56.00,onsale,https://item.xhsd.com/items/110001504166209
新华书店网,110001504659944,学习用品,学习用品,中国国家博物馆鱼跃龙门滑轨尺子,XHSD110001504659944,学习用品,个,78.00,onsale,https://item.xhsd.com/items/110001504659944
新华书店网,110001504291810,学习用品,学习用品,KACO锦鲤字母笔两套装,XHSD110001504291810,学习用品,个,50.00,onsale,https://item.xhsd.com/items/110001504291810
新华书店网,110001504619207,学习用品,学习用品,三体系列3D立体纸雕便签—倒计时,XHSD110001504619207,学习用品,个,90.00,onsale,https://item.xhsd.com/items/110001504619207
新华书店网,110001504614226,学习用品,学习用品,三体系列3D立体纸雕便签—红岸基地,XHSD110001504614226,学习用品,个,90.00,onsale,https://item.xhsd.com/items/110001504614226
新华书店网,110001504659947,学习用品,学习用品,中国国家博物馆剔红如意金属尺,XHSD110001504659947,学习用品,个,48.00,onsale,https://item.xhsd.com/items/110001504659947
新华书店网,110001504663932,学习用品,学习用品,中国国家博物馆花鸟流苏书签（花飞蝶舞+杏林春燕+海晏河清...,XHSD110001504663932,学习用品,个,117.00,onsale,https://item.xhsd.com/items/110001504663932
新华书店网,110001504223514,学习用品,学习用品,秦始皇诏文权文玩镇纸,XHSD110001504223514,学习用品,个,179.00,onsale,https://item.xhsd.com/items/110001504223514
新华书店网,110001504792184,学习用品,学习用品,[缤纷文创]海子系列黄铜书签,XHSD110001504792184,学习用品,个,29.00,onsale,https://item.xhsd.com/items/110001504792184
新华书店网,110001504795074,学习用品,学习用品,[缤纷文创]新青年系列·pu皮笔记本,XHSD110001504795074,学习用品,个,42.00,onsale,https://item.xhsd.com/items/110001504795074
新华书店网,110001504285790,学习用品,学习用品,KACO我爱中国字母笔套装,XHSD110001504285790,学习用品,个,34.90,onsale,https://item.xhsd.com/items/110001504285790
新华书店网,110001504792127,学习用品,学习用品,[缤纷文创]鲁迅系列 · 金句中性笔（单支）,XHSD110001504792127,学习用品,个,9.90,onsale,https://item.xhsd.com/items/110001504792127
新华书店网,110001503212001,学习用品,学习用品,熊猫系列永恒笔一支笔,XHSD110001503212001,学习用品,个,46.00,onsale,https://item.xhsd.com/items/110001503212001
新华书店网,110001504837656,学习用品,学习用品,塞尔兰斯智能扫描笔A3,XHSD110001504837656,学习用品,个,188.00,offsale,https://item.xhsd.com/items/110001504837656
新华书店网,110001504792080,学习用品,学习用品,[缤纷文创]鲁迅系列·初版封面pu皮笔记本,XHSD110001504792080,学习用品,个,35.00,onsale,https://item.xhsd.com/items/110001504792080
新华书店网,110001504281121,学习用品,学习用品,笔下钢木解压钢笔-酸枝木,XHSD110001504281121,学习用品,个,369.00,onsale,https://item.xhsd.com/items/110001504281121
新华书店网,110001504356292,学习用品,学习用品,笔下山·水毛笔-千里江山版礼盒套装,XHSD110001504356292,学习用品,个,899.00,onsale,https://item.xhsd.com/items/110001504356292
新华书店网,110001504748627,学习用品,学习用品,天色书签圆形扣耕读千里江山TS-5937,XHSD110001504748627,学习用品,个,15.90,onsale,https://item.xhsd.com/items/110001504748627
新华书店网,110001504411832,学习用品,学习用品,天色鲤鱼跃龙门书签,XHSD110001504411832,学习用品,个,15.90,onsale,https://item.xhsd.com/items/110001504411832
新华书店网,110001504423340,学习用品,学习用品,天色荷花黄铜书签,XHSD110001504423340,学习用品,个,15.90,onsale,https://item.xhsd.com/items/110001504423340
新华书店网,110001504611456,学习用品,学习用品,故宫金殿传胪2B铅笔套装,XHSD110001504611456,学习用品,个,48.00,onsale,https://item.xhsd.com/items/110001504611456
新华书店网,110001503295090,学习用品,学习用品,四季文具礼盒套装 四款可选,XHSD110001503295090,学习用品,个,389.00,onsale,https://item.xhsd.com/items/110001503295090
新华书店网,110001504356186,学习用品,学习用品,团购-强国联名 文房水写布套装（四件套装）,XHSD110001504356186,学习用品,个,156.00,onsale,https://item.xhsd.com/items/110001504356186
新华书店网,110001503706028,学习用品,学习用品,唐宫夜宴永恒笔 四色可选,XHSD110001503706028,学习用品,个,58.00,offsale,https://item.xhsd.com/items/110001503706028
新华书店网,110001504257551,学习用品,学习用品,丝路序言文艺金属书签1枚 款式随机,XHSD110001504257551,学习用品,个,23.00,onsale,https://item.xhsd.com/items/110001504257551
新华书店网,110001504038316,学习用品,学习用品,兰亭物语 紫檀实木镇尺,XHSD110001504038316,学习用品,个,359.00,onsale,https://item.xhsd.com/items/110001504038316
新华书店网,110001503294092,学习用品,学习用品,檀木小胖永恒笔,XHSD110001503294092,学习用品,个,88.00,onsale,https://item.xhsd.com/items/110001503294092
新华书店网,110001504282976,学习用品,学习用品,“宫猫知时节”手账套装（两款随机发货）,XHSD110001504282976,学习用品,个,136.00,onsale,https://item.xhsd.com/items/110001504282976
新华书店网,110001504403378,学习用品,学习用品,瓜瓞绵绵书签尺,XHSD110001504403378,学习用品,个,68.00,onsale,https://item.xhsd.com/items/110001504403378
新华书店网,110001504357153,学习用品,学习用品,新国风「麒开得胜」创意文具礼盒套装,XHSD110001504357153,学习用品,个,359.00,onsale,https://item.xhsd.com/items/110001504357153
新华书店网,110001504353146,学习用品,学习用品,章紫光硬笔钢笔散页字帖【随机一本】,XHSD110001504353146,学习用品,个,15.90,offsale,https://item.xhsd.com/items/110001504353146
新华书店网,110001504357152,学习用品,学习用品,麒麟尺笔套装,XHSD110001504357152,学习用品,个,159.00,onsale,https://item.xhsd.com/items/110001504357152
新华书店网,110001504661555,学习用品,学习用品,故宫奇趣儿童挎包,XHSD110001504661555,学习用品,个,98.00,onsale,https://item.xhsd.com/items/110001504661555
新华书店网,110001504365162,学习用品,学习用品,千里江山两用石墨笔头中性笔永恒笔套装,XHSD110001504365162,学习用品,个,78.00,onsale,https://item.xhsd.com/items/110001504365162
新华书店网,110001504630769,学习用品,学习用品,四合如意水桶包,XHSD110001504630769,学习用品,个,186.00,onsale,https://item.xhsd.com/items/110001504630769
新华书店网,110001504794019,学习用品,学习用品,[缤纷文创]鲁迅初版封面系列横线笔记本,XHSD110001504794019,学习用品,个,15.00,onsale,https://item.xhsd.com/items/110001504794019
新华书店网,110001504787980,学习用品,学习用品,[缤纷文创]三味书屋木制拼插书立,XHSD110001504787980,学习用品,个,168.00,onsale,https://item.xhsd.com/items/110001504787980
新华书店网,110001504786977,学习用品,学习用品,[缤纷文创]卡夫卡系列·口袋本杜邦纸书衣,XHSD110001504786977,学习用品,个,39.00,onsale,https://item.xhsd.com/items/110001504786977
新华书店网,110001504792049,学习用品,学习用品,[缤纷文创]魔戒系列 · 铭文水晶镇纸,XHSD110001504792049,学习用品,个,39.00,onsale,https://item.xhsd.com/items/110001504792049
新华书店网,110001504791273,学习用品,学习用品,[缤纷文创]鲁迅主题黄铜书签,XHSD110001504791273,学习用品,个,29.00,onsale,https://item.xhsd.com/items/110001504791273
新华书店网,110001504795028,学习用品,学习用品,[缤纷文创]鲁迅系列 · 金句贴纸（单张）,XHSD110001504795028,学习用品,个,9.90,onsale,https://item.xhsd.com/items/110001504795028
新华书店网,110001504791274,学习用品,学习用品,[缤纷文创]卡夫卡杜邦纸书衣A6,XHSD110001504791274,学习用品,个,39.00,onsale,https://item.xhsd.com/items/110001504791274
新华书店网,110001504788971,学习用品,学习用品,[缤纷文创]海子以梦为马黄铜书签,XHSD110001504788971,学习用品,个,29.00,onsale,https://item.xhsd.com/items/110001504788971
新华书店网,110001504278207,学习用品,学习用品,笔下X朱炳仁·铜套装（铜书签+钢笔）,XHSD110001504278207,学习用品,个,588.00,onsale,https://item.xhsd.com/items/110001504278207
新华书店网,110001504725932,学习用品,学习用品,新华书店 捷报笔帘,XHSD110001504725932,学习用品,个,99.00,onsale,https://item.xhsd.com/items/110001504725932
新华书店网,110001504676900,学习用品,学习用品,百鸟争鸣立体纸雕便签,XHSD110001504676900,学习用品,个,118.00,onsale,https://item.xhsd.com/items/110001504676900
新华书店网,110001504415610,学习用品,学习用品,天色100页资料册+外壳,XHSD110001504415610,学习用品,个,29.90,onsale,https://item.xhsd.com/items/110001504415610
新华书店网,110001504798315,学习用品,学习用品,[缤纷文创]巴黎圣母院金属书立,XHSD110001504798315,学习用品,个,39.00,onsale,https://item.xhsd.com/items/110001504798315
新华书店网,110001504798149,学习用品,学习用品,[缤纷文创]吴尔夫系列·一间自己的房间金属书签尺,XHSD110001504798149,学习用品,个,39.00,onsale,https://item.xhsd.com/items/110001504798149
新华书店网,110001504802311,学习用品,学习用品,[缤纷文创]朝内166系列 · 钢笔元素金属书签,XHSD110001504802311,学习用品,个,19.00,onsale,https://item.xhsd.com/items/110001504802311
新华书店网,110001504273312,学习用品,学习用品,笔下山·水毛笔（镀金版）,XHSD110001504273312,学习用品,个,299.00,onsale,https://item.xhsd.com/items/110001504273312
新华书店网,110001504649059,学习用品,学习用品,[新华特供]北京中轴线系列便签大礼包,XHSD110001504649059,学习用品,个,1035.00,onsale,https://item.xhsd.com/items/110001504649059
新华书店网,110001504381933,学习用品,学习用品,故宫文创3D立体纸雕笔记本手账本-乐游三大殿/乐游青山/...,XHSD110001504381933,学习用品,个,186.00,onsale,https://item.xhsd.com/items/110001504381933
新华书店网,110001504164178,学习用品,学习用品,中国国家博物馆登月帆布包（黑/白）,XHSD110001504164178,学习用品,个,66.00,onsale,https://item.xhsd.com/items/110001504164178
新华书店网,110001504611226,学习用品,学习用品,中国国家博物馆大驾卤薄图系列书签（红色和绿色）,XHSD110001504611226,学习用品,个,100.00,onsale,https://item.xhsd.com/items/110001504611226
新华书店网,110001504612215,学习用品,学习用品,中国国家博物馆系列3D立体纸雕笔记本-有凤来仪,XHSD110001504612215,学习用品,个,100.00,onsale,https://item.xhsd.com/items/110001504612215
新华书店网,110001504288858,学习用品,学习用品,中国国家博物馆KACO联名款【锦绣东方】【琉璃华夏】【瓷...,XHSD110001504288858,学习用品,个,75.00,onsale,https://item.xhsd.com/items/110001504288858
新华书店网,110001504714071,学习用品,学习用品,南航文创南航带你看世界笔记本,XHSD110001504714071,学习用品,个,39.00,onsale,https://item.xhsd.com/items/110001504714071
新华书店网,110001503961422,学习用品,学习用品,“学习强国”办公套装,XHSD110001503961422,学习用品,个,198.00,onsale,https://item.xhsd.com/items/110001503961422
新华书店网,110001504416400,学习用品,学习用品,天色叶脉书签,XHSD110001504416400,学习用品,个,15.90,onsale,https://item.xhsd.com/items/110001504416400
新华书店网,110001504282295,学习用品,学习用品,团购-强国联名 文房水写布套装,XHSD110001504282295,学习用品,个,39.00,onsale,https://item.xhsd.com/items/110001504282295
新华书店网,110001502110317,学习用品,学习用品,故宫紫禁昼夜双面笔记本,XHSD110001502110317,学习用品,个,72.00,onsale,https://item.xhsd.com/items/110001502110317
新华书店网,110001503812438,学习用品,学习用品,强国联名 文房水写布套装,XHSD110001503812438,学习用品,个,59.00,onsale,https://item.xhsd.com/items/110001503812438
新华书店网,110001503298083,学习用品,学习用品,敦煌系列永恒笔套装,XHSD110001503298083,学习用品,个,165.00,onsale,https://item.xhsd.com/items/110001503298083
新华书店网,110001504366139,学习用品,学习用品,笔下钢木签字笔-印迹方/圆花梨木,XHSD110001504366139,学习用品,个,299.00,onsale,https://item.xhsd.com/items/110001504366139
新华书店网,110001504431179,学习用品,学习用品,复古龙纹紫檀实木镇尺,XHSD110001504431179,学习用品,个,499.00,onsale,https://item.xhsd.com/items/110001504431179
新华书店网,110001504644461,学习用品,学习用品,英雄 乙巳蛇年生肖纪念笔,XHSD110001504644461,学习用品,个,399.00,onsale,https://item.xhsd.com/items/110001504644461
新华书店网,110001503729031,学习用品,学习用品,大画西游系列永恒笔,XHSD110001503729031,学习用品,个,45.00,onsale,https://item.xhsd.com/items/110001503729031
新华书店网,110001504789388,学习用品,学习用品,[缤纷文创]卡夫卡系列·K先生书立,XHSD110001504789388,学习用品,个,49.00,onsale,https://item.xhsd.com/items/110001504789388
新华书店网,110001504793061,学习用品,学习用品,[缤纷文创]人文之宝×混知鲁迅捕鸟黄铜书签,XHSD110001504793061,学习用品,个,29.00,onsale,https://item.xhsd.com/items/110001504793061
新华书店网,110001504384429,学习用品,学习用品,故宫印象手账本,XHSD110001504384429,学习用品,个,99.00,onsale,https://item.xhsd.com/items/110001504384429
新华书店网,110001504381110,学习用品,学习用品,祥龙赐福3D立体笔记本,XHSD110001504381110,学习用品,个,62.00,onsale,https://item.xhsd.com/items/110001504381110
新华书店网,110001504373147,学习用品,学习用品,紫禁华彩48色彩铅套装,XHSD110001504373147,学习用品,个,238.00,onsale,https://item.xhsd.com/items/110001504373147
新华书店网,110001503227059,学习用品,学习用品,故宫文具宫灯笔筒多功能置笔筐,XHSD110001503227059,学习用品,个,399.00,onsale,https://item.xhsd.com/items/110001503227059
新华书店网,110001504409992,学习用品,学习用品,仙鹤3D立体笔记本,XHSD110001504409992,学习用品,个,62.00,onsale,https://item.xhsd.com/items/110001504409992
新华书店网,110001504051264,学习用品,学习用品,江山千里望无垠笔记本套装,XHSD110001504051264,学习用品,个,279.00,onsale,https://item.xhsd.com/items/110001504051264
新华书店网,110001504258537,学习用品,学习用品,碳钢合金空灵鼓（7寸11音）,XHSD110001504258537,学习用品,个,120.00,onsale,https://item.xhsd.com/items/110001504258537
新华书店网,110001504370148,学习用品,学习用品,黄铜文昌塔,XHSD110001504370148,学习用品,个,65.00,onsale,https://item.xhsd.com/items/110001504370148
新华书店网,110001504742662,学习用品,学习用品,好视力学习台灯全光谱学生儿童卧室书桌读写阅读减蓝光led...,XHSD110001504742662,学习用品,个,245.00,onsale,https://item.xhsd.com/items/110001504742662
新华书店网,110001504140001,学习用品,学习用品,团购-“学习强国”办公套装,XHSD110001504140001,学习用品,个,168.00,onsale,https://item.xhsd.com/items/110001504140001
新华书店网,110001504379737,学习用品,学习用品,贝恩施儿童蓝牙版早教故事机S3,XHSD110001504379737,学习用品,个,142.00,onsale,https://item.xhsd.com/items/110001504379737
新华书店网,110001503964188,学习用品,学习用品,复古红檀木中性签字笔,XHSD110001503964188,学习用品,个,39.00,offsale,https://item.xhsd.com/items/110001503964188
新华书店网,110001504801143,学习用品,学习用品,[缤纷文创]吴尔夫系列-TN真皮手账本,XHSD110001504801143,学习用品,个,139.00,onsale,https://item.xhsd.com/items/110001504801143
新华书店网,110001504797159,学习用品,学习用品,[缤纷文创]吴尔夫系列自己的房间挂链款黄铜书签,XHSD110001504797159,学习用品,个,29.00,onsale,https://item.xhsd.com/items/110001504797159
新华书店网,110001504747544,学习用品,学习用品,“学习强国”无线快充鼠标垫,XHSD110001504747544,学习用品,个,76.00,onsale,https://item.xhsd.com/items/110001504747544
新华书店网,110001504630034,学习用品,学习用品,天屿20cm蔚蓝球面地球仪 IPA301-20D-4AR...,XHSD110001504630034,学习用品,个,64.00,onsale,https://item.xhsd.com/items/110001504630034
新华书店网,110001504705320,学习用品,学习用品,金榜题名文昌位摆放文房四宝套装TTZ00SF023086...,XHSD110001504705320,学习用品,个,87.00,onsale,https://item.xhsd.com/items/110001504705320
新华书店网,110001503252280,学习用品,学习用品,新华英雄 弄潮儿 学习礼盒,XHSD110001503252280,学习用品,个,188.00,onsale,https://item.xhsd.com/items/110001503252280
新华书店网,110001504346143,学习用品,学习用品,阿尔法蛋 智能科学实验室专业光学显微镜【显微镜P3】,XHSD110001504346143,学习用品,个,849.00,onsale,https://item.xhsd.com/items/110001504346143
新华书店网,110001504701627,学习用品,学习用品,文房四宝龙飞凤舞礼盒套装,XHSD110001504701627,学习用品,个,146.00,onsale,https://item.xhsd.com/items/110001504701627
新华书店网,110001504161215,学习用品,学习用品,中国国家博物馆钢笔礼盒套装,XHSD110001504161215,学习用品,个,159.00,onsale,https://item.xhsd.com/items/110001504161215
新华书店网,110001504158145,学习用品,学习用品,中国国家博物馆和kaco联名大宁钢笔礼盒（红色/黑色）,XHSD110001504158145,学习用品,个,360.00,onsale,https://item.xhsd.com/items/110001504158145
新华书店网,110001504619206,学习用品,学习用品,三体系列3D立体纸雕便签—三体星球,XHSD110001504619206,学习用品,个,90.00,onsale,https://item.xhsd.com/items/110001504619206
新华书店网,110001504617206,学习用品,学习用品,中国国家博物馆百花图卷繁花似锦系列书签（梨花和紫藤花）,XHSD110001504617206,学习用品,个,100.00,offsale,https://item.xhsd.com/items/110001504617206
新华书店网,110001504163182,学习用品,学习用品,中国国家博物馆镜里千秋艺术印章套装,XHSD110001504163182,学习用品,个,79.00,onsale,https://item.xhsd.com/items/110001504163182
新华书店网,110001504663933,学习用品,学习用品,中国国家博物馆鱼跃龙门透明漆金属书签,XHSD110001504663933,学习用品,个,49.00,onsale,https://item.xhsd.com/items/110001504663933
新华书店网,110001504376554,学习用品,学习用品,中国国家博物馆文创3D立体纸雕笔记本手账本,XHSD110001504376554,学习用品,个,75.00,onsale,https://item.xhsd.com/items/110001504376554
新华书店网,110001504612213,学习用品,学习用品,中国国家博物馆系列3D立体纸雕便签-有凤来仪,XHSD110001504612213,学习用品,个,130.00,onsale,https://item.xhsd.com/items/110001504612213
新华书店网,110001504148063,学习用品,学习用品,吉祥纹饰系列“菱花”中性笔,XHSD110001504148063,学习用品,个,108.00,offsale,https://item.xhsd.com/items/110001504148063
新华书店网,110001504618366,学习用品,学习用品,宫猫出游伸缩笔筒,XHSD110001504618366,学习用品,个,56.00,onsale,https://item.xhsd.com/items/110001504618366
新华书店网,110001504414459,学习用品,学习用品,天色A7绑带记事本TS-4029,XHSD110001504414459,学习用品,个,15.90,onsale,https://item.xhsd.com/items/110001504414459
新华书店网,110001504405316,学习用品,学习用品,笔下流浪集笔记本,XHSD110001504405316,学习用品,个,20.00,onsale,https://item.xhsd.com/items/110001504405316
新华书店网,110001504663934,学习用品,学习用品,中国国家博物馆铜镜展书签套装,XHSD110001504663934,学习用品,个,79.00,onsale,https://item.xhsd.com/items/110001504663934
新华书店网,110001503960439,学习用品,学习用品,团购-强国定制 学习英雄钢笔 两色可选,XHSD110001503960439,学习用品,个,139.00,onsale,https://item.xhsd.com/items/110001503960439
新华书店网,110001504283840,学习用品,学习用品,中国国家博物馆KACO联名款SKY百锋钢笔礼盒（雍容长青...,XHSD110001504283840,学习用品,个,78.00,onsale,https://item.xhsd.com/items/110001504283840
新华书店网,110001503540645,学习用品,学习用品,强国定制 学习英雄钢笔,XHSD110001503540645,学习用品,个,298.00,onsale,https://item.xhsd.com/items/110001503540645
新华书店网,110001504265305,学习用品,学习用品,新华·典藏 寿山石雕刻印章,XHSD110001504265305,学习用品,个,199.00,onsale,https://item.xhsd.com/items/110001504265305
新华书店网,110001504407913,学习用品,学习用品,天色金属中性笔礼盒随机发货,XHSD110001504407913,学习用品,个,15.90,onsale,https://item.xhsd.com/items/110001504407913
新华书店网,110001504224813,学习用品,学习用品,花繁锦色手账文具套装,XHSD110001504224813,学习用品,个,268.00,onsale,https://item.xhsd.com/items/110001504224813
新华书店网,110001503741012,学习用品,学习用品,故宫瑞兽呈祥系列背包,XHSD110001503741012,学习用品,个,198.00,onsale,https://item.xhsd.com/items/110001503741012
新华书店网,110001504776797,学习用品,学习用品,苏浦瑞兹 无线充小夜灯SWXC-15W01,XHSD110001504776797,学习用品,个,189.00,onsale,https://item.xhsd.com/items/110001504776797
新华书店网,110001504615231,学习用品,学习用品,三体系列3D立体纸雕便签—星环城,XHSD110001504615231,学习用品,个,90.00,onsale,https://item.xhsd.com/items/110001504615231
新华书店网,110001504786978,学习用品,学习用品,[缤纷文创]卡夫卡系列纪念pu皮笔记本,XHSD110001504786978,学习用品,个,35.00,discontinued,https://item.xhsd.com/items/110001504786978
新华书店网,110001502104283,学习用品,学习用品,千里江山图立体纸雕记事本,XHSD110001502104283,学习用品,个,118.00,onsale,https://item.xhsd.com/items/110001502104283
新华书店网,110001502107300,学习用品,学习用品,故宫角楼纸雕记事本,XHSD110001502107300,学习用品,个,118.00,offsale,https://item.xhsd.com/items/110001502107300
新华书店网,110001504252988,学习用品,学习用品,故宫三大殿3D立体便签本,XHSD110001504252988,学习用品,个,88.00,onsale,https://item.xhsd.com/items/110001504252988
新华书店网,110001503811366,学习用品,学习用品,暑期写作故宫文具爆品套装组合,XHSD110001503811366,学习用品,个,114.90,onsale,https://item.xhsd.com/items/110001503811366
新华书店网,110001504581677,学习用品,学习用品,故宫团扇笔,XHSD110001504581677,学习用品,个,50.00,onsale,https://item.xhsd.com/items/110001504581677
新华书店网,110001504623005,学习用品,学习用品,奇趣海错纸雕笔记本,XHSD110001504623005,学习用品,个,99.00,onsale,https://item.xhsd.com/items/110001504623005
新华书店网,110001504190683,学习用品,学习用品,海错图系列迷你练习本（款式随机）,XHSD110001504190683,学习用品,个,16.00,onsale,https://item.xhsd.com/items/110001504190683
新华书店网,110001504369965,学习用品,学习用品,文创烫金纸质国风书签随机一款,XHSD110001504369965,学习用品,个,15.90,onsale,https://item.xhsd.com/items/110001504369965
新华书店网,110001504339035,学习用品,学习用品,昔年文创古风诗人颂原装书签30张,XHSD110001504339035,学习用品,个,15.90,onsale,https://item.xhsd.com/items/110001504339035
新华书店网,110001504741492,学习用品,学习用品,宝昭中国风古典流苏实木书签笔礼盒套装,XHSD110001504741492,学习用品,个,60.00,onsale,https://item.xhsd.com/items/110001504741492
新华书店网,110001504114103,学习用品,学习用品,乐器文创金属书签一枚装（款式随机）,XHSD110001504114103,学习用品,个,20.00,onsale,https://item.xhsd.com/items/110001504114103
新华书店网,110001502108294,学习用品,学习用品,海错图橡皮套装,XHSD110001502108294,学习用品,个,78.00,offsale,https://item.xhsd.com/items/110001502108294
新华书店网,110001504247935,学习用品,学习用品,30分钟艺术家迷你绘画套装紫禁四季款+宫猫巡游款,XHSD110001504247935,学习用品,个,72.00,onsale,https://item.xhsd.com/items/110001504247935
新华书店网,110001504262278,学习用品,学习用品,30分钟艺术家珍宝套装（金瓯永固款+花鸟粉彩款）,XHSD110001504262278,学习用品,个,96.00,onsale,https://item.xhsd.com/items/110001504262278
新华书店网,110001502405192,学习用品,学习用品,故宫文具 纸雕便签记事本,XHSD110001502405192,学习用品,个,118.00,onsale,https://item.xhsd.com/items/110001502405192
新华书店网,110001504394239,学习用品,学习用品,直尺江山金属尺,XHSD110001504394239,学习用品,个,70.00,onsale,https://item.xhsd.com/items/110001504394239
新华书店网,110001504742661,学习用品,学习用品,猫太子坐姿矫正器带手肘托小学生写字姿势儿童近视纠正器写作...,XHSD110001504742661,学习用品,个,94.00,onsale,https://item.xhsd.com/items/110001504742661
新华书店网,110001504275156,学习用品,学习用品,沐染诗经字帖硬笔钢笔练字书法临摹活页本,XHSD110001504275156,学习用品,个,15.00,onsale,https://item.xhsd.com/items/110001504275156
新华书店网,110000103305199,学习用品,学习用品,故宫营造之道文具套装,XHSD110000103305199,学习用品,个,498.00,onsale,https://item.xhsd.com/items/110000103305199
新华书店网,110001502102281,学习用品,学习用品,海错图笔袋梅花鲨蓝绿色款,XHSD110001502102281,学习用品,个,76.00,onsale,https://item.xhsd.com/items/110001502102281
新华书店网,110001502107299,学习用品,学习用品,故宫牌匾橡皮套装,XHSD110001502107299,学习用品,个,96.80,onsale,https://item.xhsd.com/items/110001502107299
新华书店网,110001504243188,学习用品,学习用品,金榜题名学习套装,XHSD110001504243188,学习用品,个,100.00,onsale,https://item.xhsd.com/items/110001504243188
新华书店网,110001504268444,学习用品,学习用品,故宫文具3D立体笔记本,XHSD110001504268444,学习用品,个,62.00,onsale,https://item.xhsd.com/items/110001504268444
新华书店网,110001504277374,学习用品,学习用品,故宫文具立体便签,XHSD110001504277374,学习用品,个,120.00,onsale,https://item.xhsd.com/items/110001504277374
新华书店网,110001503814360,学习用品,学习用品,我爱学习故宫文具套装组合（笔袋款式随机）,XHSD110001503814360,学习用品,个,113.80,onsale,https://item.xhsd.com/items/110001503814360
新华书店网,110001503131892,学习用品,学习用品,新华定制 钢笔宝珠笔两用 新华英雄笔,XHSD110001503131892,学习用品,个,168.00,onsale,https://item.xhsd.com/items/110001503131892
新华书店网,110001504744879,学习用品,学习用品,天色情景书签清明上河图·牧歌TS-5947,XHSD110001504744879,学习用品,个,48.00,onsale,https://item.xhsd.com/items/110001504744879
新华书店网,110001504745648,学习用品,学习用品,好视力国AA护眼台灯儿童学生卧室宿舍书桌工作阅读学习LE...,XHSD110001504745648,学习用品,个,314.00,onsale,https://item.xhsd.com/items/110001504745648
新华书店网,110001504266874,学习用品,学习用品,诗人集序书签李白杜甫苏轼王维（随机两盒装）,XHSD110001504266874,学习用品,个,15.90,onsale,https://item.xhsd.com/items/110001504266874
新华书店网,110001504357157,学习用品,学习用品,文创古典中国古风名画纸质书签1份【随机发货】,XHSD110001504357157,学习用品,个,15.90,onsale,https://item.xhsd.com/items/110001504357157
新华书店网,110001504380484,学习用品,学习用品,文创文具流苏古风书签诗词卡,XHSD110001504380484,学习用品,个,15.90,onsale,https://item.xhsd.com/items/110001504380484
新华书店网,110001504415159,学习用品,学习用品,天色13格布质风琴包,XHSD110001504415159,学习用品,个,32.00,onsale,https://item.xhsd.com/items/110001504415159
新华书店网,110001504181969,学习用品,学习用品,UNISUN蚂蚁象时间管理器（二代）,XHSD110001504181969,学习用品,个,89.00,onsale,https://item.xhsd.com/items/110001504181969
新华书店网,110001504787765,3C数码,3C数码,挥麦·K歌麦克风无线手持娱乐唱歌DSP降噪（TH-M01...,XHSD110001504787765,3C数码,个,899.00,onsale,https://item.xhsd.com/items/110001504787765
新华书店网,110001504747743,3C数码,3C数码,3C认证超级快充可登机充电宝,XHSD110001504747743,3C数码,个,118.00,onsale,https://item.xhsd.com/items/110001504747743
新华书店网,110001504799308,3C数码,3C数码,20000mA大容量3c认证超级快充充电宝,XHSD110001504799308,3C数码,个,88.00,onsale,https://item.xhsd.com/items/110001504799308
新华书店网,110001504745699,3C数码,3C数码,教材同步学生通用点读笔,XHSD110001504745699,3C数码,个,169.00,onsale,https://item.xhsd.com/items/110001504745699
新华书店网,110001504850137,3C数码,3C数码,便携超级快充充电宝10000毫安3C认证 HT-DX27...,XHSD110001504850137,3C数码,个,98.00,onsale,https://item.xhsd.com/items/110001504850137
新华书店网,110001504745680,3C数码,3C数码,德国巴赫智能手环黑色M7,XHSD110001504745680,3C数码,个,45.00,onsale,https://item.xhsd.com/items/110001504745680
新华书店网,110001504832325,3C数码,3C数码,3C认证快充大容量充电宝,XHSD110001504832325,3C数码,个,88.00,onsale,https://item.xhsd.com/items/110001504832325
新华书店网,110001504817747,3C数码,3C数码,3C认证可登机20000mA充电宝,XHSD110001504817747,3C数码,个,95.00,onsale,https://item.xhsd.com/items/110001504817747
新华书店网,110001504417403,3C数码,3C数码,多功能15W智能快充迷你车载充电器,XHSD110001504417403,3C数码,个,46.00,onsale,https://item.xhsd.com/items/110001504417403
新华书店网,110001504271003,3C数码,3C数码,Only&Home硅胶运动智能手环,XHSD110001504271003,3C数码,个,299.00,onsale,https://item.xhsd.com/items/110001504271003
新华书店网,110001504259638,3C数码,3C数码,沃品黑胶唱片创意充电宝10000毫安,XHSD110001504259638,3C数码,个,159.00,onsale,https://item.xhsd.com/items/110001504259638
新华书店网,110001504243738,3C数码,3C数码,浩酷铂品2.4G商务无线鼠标GM14,XHSD110001504243738,3C数码,个,48.00,onsale,https://item.xhsd.com/items/110001504243738
新华书店网,110001504616613,3C数码,3C数码,华强北五代蓝牙耳机爆款A9pro,XHSD110001504616613,3C数码,个,89.90,onsale,https://item.xhsd.com/items/110001504616613
新华书店网,110001504371606,3C数码,3C数码,青果青橙智能数显桌面加热鼠标垫,XHSD110001504371606,3C数码,个,68.20,onsale,https://item.xhsd.com/items/110001504371606
新华书店网,110001504182842,3C数码,3C数码,“学习强国”充电宝,XHSD110001504182842,3C数码,个,128.00,onsale,https://item.xhsd.com/items/110001504182842
新华书店网,110001504658214,3C数码,3C数码,KIVEE无线键盘鼠标套装,XHSD110001504658214,3C数码,个,99.00,onsale,https://item.xhsd.com/items/110001504658214
新华书店网,110001504372593,3C数码,3C数码,XO多功能充电数据线,XHSD110001504372593,3C数码,个,69.00,onsale,https://item.xhsd.com/items/110001504372593
新华书店网,110001504690519,3C数码,3C数码,学习强国 自带可拆四线充电宝,XHSD110001504690519,3C数码,个,88.00,onsale,https://item.xhsd.com/items/110001504690519
新华书店网,110001504857539,3C数码,3C数码,多功能mini胶囊形便携充电宝,XHSD110001504857539,3C数码,个,109.00,onsale,https://item.xhsd.com/items/110001504857539
新华书店网,110001504300007,3C数码,3C数码,德力西插座转换器夜灯多功能插线板,XHSD110001504300007,3C数码,个,40.90,onsale,https://item.xhsd.com/items/110001504300007
新华书店网,110001504360167,3C数码,3C数码,SMEBERT舒曼伯特CL09 移动电源,XHSD110001504360167,3C数码,个,109.00,onsale,https://item.xhsd.com/items/110001504360167
新华书店网,110001504372134,3C数码,3C数码,忆捷无线蓝牙三模鼠标YS20,XHSD110001504372134,3C数码,个,89.00,onsale,https://item.xhsd.com/items/110001504372134
新华书店网,110001504617155,3C数码,3C数码,挥麦 麦克风,XHSD110001504617155,3C数码,个,1299.00,onsale,https://item.xhsd.com/items/110001504617155
新华书店网,110001504390034,3C数码,3C数码,小鹿奔奔磁吸折叠车载手机支架,XHSD110001504390034,3C数码,个,56.00,onsale,https://item.xhsd.com/items/110001504390034
新华书店网,110001504286326,3C数码,3C数码,沃品（WOPOW）双向伸缩快充66W一拖三数据线LC01...,XHSD110001504286326,3C数码,个,49.00,onsale,https://item.xhsd.com/items/110001504286326
新华书店网,110001504227712,3C数码,3C数码,团购-“学习强国”充电宝,XHSD110001504227712,3C数码,个,99.00,onsale,https://item.xhsd.com/items/110001504227712
新华书店网,110001504256567,3C数码,3C数码,科大讯飞智能鼠标M110,XHSD110001504256567,3C数码,个,129.00,onsale,https://item.xhsd.com/items/110001504256567
新华书店网,110001504157209,3C数码,3C数码,中国国家博物馆如意金属U盘-16G（金色/银色）,XHSD110001504157209,3C数码,个,199.00,onsale,https://item.xhsd.com/items/110001504157209
新华书店网,110001504396660,3C数码,3C数码,XAYVG多功能一拖三超级快充车载充电器,XHSD110001504396660,3C数码,个,66.00,onsale,https://item.xhsd.com/items/110001504396660
新华书店网,110001504796740,3C数码,3C数码,小椅子手机支架*2把（颜色随机发）,XHSD110001504796740,3C数码,个,18.90,onsale,https://item.xhsd.com/items/110001504796740
新华书店网,110001504618600,3C数码,3C数码,纽曼便携式蓝牙音箱BT85,XHSD110001504618600,3C数码,个,99.00,onsale,https://item.xhsd.com/items/110001504618600
新华书店网,110001504628632,3C数码,3C数码,勒菲特运动心率血压计步健康智能手环 Fit8,XHSD110001504628632,3C数码,个,310.00,onsale,https://item.xhsd.com/items/110001504628632
新华书店网,110001504376038,3C数码,3C数码,戈尔斯诺商务伴侣屏显移动电源暖手宝,XHSD110001504376038,3C数码,个,149.00,onsale,https://item.xhsd.com/items/110001504376038
新华书店网,110001504415770,3C数码,3C数码,COGU盾牌石英腕表带三角形C059,XHSD110001504415770,3C数码,个,621.00,onsale,https://item.xhsd.com/items/110001504415770
新华书店网,110001504859568,3C数码,3C数码,磁吸20000mA充电宝可登机,XHSD110001504859568,3C数码,个,138.00,onsale,https://item.xhsd.com/items/110001504859568
新华书店网,110001504857816,3C数码,3C数码,熊猫计划-胡胡手机背夹痛带,XHSD110001504857816,3C数码,个,31.50,offsale,https://item.xhsd.com/items/110001504857816
新华书店网,110001504004272,3C数码,3C数码,创意椅子桌面手机支架4只装,XHSD110001504004272,3C数码,个,19.90,onsale,https://item.xhsd.com/items/110001504004272
新华书店网,110001504367801,3C数码,3C数码,沃品 暖手宝充电宝小巧便携WH09 黄色,XHSD110001504367801,3C数码,个,89.00,onsale,https://item.xhsd.com/items/110001504367801
新华书店网,110001504379495,3C数码,3C数码,VR眼镜虚拟现实3D智能眼镜耳机款,XHSD110001504379495,3C数码,个,147.00,onsale,https://item.xhsd.com/items/110001504379495
新华书店网,110001504678050,3C数码,3C数码,固定支撑重力车载支架M16,XHSD110001504678050,3C数码,个,54.00,onsale,https://item.xhsd.com/items/110001504678050
新华书店网,110001504369146,3C数码,3C数码,恩谷一拖三数据线EG-918,XHSD110001504369146,3C数码,个,59.00,onsale,https://item.xhsd.com/items/110001504369146
新华书店网,110001504277515,3C数码,3C数码,摩集客/MOGCO 1.2M一拖三充电线颜色随机,XHSD110001504277515,3C数码,个,15.00,onsale,https://item.xhsd.com/items/110001504277515
新华书店网,110001504745634,3C数码,3C数码,塞尔兰斯三合一伸缩数据线TM01,XHSD110001504745634,3C数码,个,65.00,onsale,https://item.xhsd.com/items/110001504745634
新华书店网,110001504362136,3C数码,3C数码,engue恩谷 智能健康心率血压运动手环 EG-T5...,XHSD110001504362136,3C数码,个,259.00,onsale,https://item.xhsd.com/items/110001504362136
新华书店网,110001504372130,3C数码,3C数码,恩谷 温度显示暖手宝+移动电源（绿色）,XHSD110001504372130,3C数码,个,199.00,onsale,https://item.xhsd.com/items/110001504372130
新华书店网,110001504800033,3C数码,3C数码,SKG运动健康手表V7 2代标准款,XHSD110001504800033,3C数码,个,329.00,onsale,https://item.xhsd.com/items/110001504800033
新华书店网,110001504677827,3C数码,3C数码,盲人数字化智能点显阅读/英语/教学机,XHSD110001504677827,3C数码,个,39800.00,onsale,https://item.xhsd.com/items/110001504677827
新华书店网,110001504285789,3C数码,3C数码,沃品自带线22.5W超级快充移动电源 SQ23,XHSD110001504285789,3C数码,个,149.00,onsale,https://item.xhsd.com/items/110001504285789
新华书店网,110001504385879,3C数码,3C数码,勒菲特运动测量心率血氧智能通话手环,XHSD110001504385879,3C数码,个,191.00,onsale,https://item.xhsd.com/items/110001504385879
新华书店网,110001504412545,3C数码,3C数码,恩谷 全触屏智能心率血压手表EG-TL02S,XHSD110001504412545,3C数码,个,429.00,onsale,https://item.xhsd.com/items/110001504412545
新华书店网,110001504618371,3C数码,3C数码,易驹防震电动车手机支架YJ-A1347,XHSD110001504618371,3C数码,个,47.00,onsale,https://item.xhsd.com/items/110001504618371
新华书店网,110001504426200,3C数码,3C数码,乐熙多功能智能体温手环T4,XHSD110001504426200,3C数码,个,221.00,onsale,https://item.xhsd.com/items/110001504426200
新华书店网,110001504359134,3C数码,3C数码,engue恩谷 全触智能商务通话手表 EG-T12B ...,XHSD110001504359134,3C数码,个,559.00,onsale,https://item.xhsd.com/items/110001504359134
新华书店网,110001503344192,3C数码,3C数码,强国定制 国潮三合一充电线,XHSD110001503344192,3C数码,个,79.00,offsale,https://item.xhsd.com/items/110001503344192
新华书店网,110001504655416,3C数码,3C数码,engue恩谷出风口重力感应车载支架EG-C02,XHSD110001504655416,3C数码,个,169.00,onsale,https://item.xhsd.com/items/110001504655416
新华书店网,110001504619594,3C数码,3C数码,电动车小头盔遮阳防雨手机支架,XHSD110001504619594,3C数码,个,56.00,onsale,https://item.xhsd.com/items/110001504619594
新华书店网,110001504357131,3C数码,3C数码,engue恩谷 全触屏金属智能运手表EG-TL03S通...,XHSD110001504357131,3C数码,个,399.00,onsale,https://item.xhsd.com/items/110001504357131
新华书店网,110001504374129,3C数码,3C数码,恩谷15W极简式无线充电器EG-W7白色,XHSD110001504374129,3C数码,个,99.00,onsale,https://item.xhsd.com/items/110001504374129
新华书店网,110001504656470,3C数码,3C数码,恩谷锂聚合物带线数显移动电源EG-LP18（颜色随机）,XHSD110001504656470,3C数码,个,199.00,onsale,https://item.xhsd.com/items/110001504656470
新华书店网,110001504656469,3C数码,3C数码,engue恩谷智能心率手环EG-T3s,XHSD110001504656469,3C数码,个,179.00,onsale,https://item.xhsd.com/items/110001504656469
新华书店网,110001504264521,3C数码,3C数码,有个宫匠千里江山图富春山居图鼠标垫桌垫,XHSD110001504264521,3C数码,个,59.00,onsale,https://item.xhsd.com/items/110001504264521
新华书店网,110001504360168,3C数码,3C数码,忆捷F60U盘256G,XHSD110001504360168,3C数码,个,159.00,onsale,https://item.xhsd.com/items/110001504360168
新华书店网,110001504653176,3C数码,3C数码,酷开AI智能鼠标,XHSD110001504653176,3C数码,个,249.00,onsale,https://item.xhsd.com/items/110001504653176
新华书店网,110001504263782,3C数码,3C数码,敦煌系列充电宝套装,XHSD110001504263782,3C数码,个,199.00,onsale,https://item.xhsd.com/items/110001504263782
新华书店网,110001504384430,3C数码,3C数码,巴赫约翰多功能运动健康监测智能手环GL08,XHSD110001504384430,3C数码,个,248.00,offsale,https://item.xhsd.com/items/110001504384430
新华书店网,110000103815299,礼品卡,礼品卡,新享卡-通用卡（电子卡无实体）,XHSD110000103815299,礼品卡,本,50.00,onsale,https://item.xhsd.com/items/110000103815299
新华书店网,110000103810325,礼品卡,礼品卡,新享卡-图书卡（电子卡无实体）,XHSD110000103810325,礼品卡,本,50.00,onsale,https://item.xhsd.com/items/110000103810325
新华书店网,110000103816305,礼品卡,礼品卡,新享卡-礼遇卡（电子卡无实体）,XHSD110000103816305,礼品卡,本,50.00,onsale,https://item.xhsd.com/items/110000103816305
新华书店网,110001504411409,家居/生活用品,家居/生活用品,杉杉 太空舱乳胶护颈枕单只48*74cm,XHSD110001504411409,家居/生活用品,个,99.00,onsale,https://item.xhsd.com/items/110001504411409
新华书店网,110001504786000,家居/生活用品,家居/生活用品,皇寝世家 全棉加厚磨毛四件套,XHSD110001504786000,家居/生活用品,个,375.00,onsale,https://item.xhsd.com/items/110001504786000
新华书店网,110001504748681,家居/生活用品,家居/生活用品,清砂壶影宜兴原矿紫泥龙韵紫砂壶礼盒装,XHSD110001504748681,家居/生活用品,个,699.00,onsale,https://item.xhsd.com/items/110001504748681
新华书店网,110001504745659,家居/生活用品,家居/生活用品,清砂壶影宜兴翡翠绿泥心如止水汉瓦紫砂壶,XHSD110001504745659,家居/生活用品,个,588.00,onsale,https://item.xhsd.com/items/110001504745659
新华书店网,110001504780593,家居/生活用品,家居/生活用品,半遇绿茶果醋除腥洗洁精500g,XHSD110001504780593,家居/生活用品,个,15.00,onsale,https://item.xhsd.com/items/110001504780593
新华书店网,110001504777765,家居/生活用品,家居/生活用品,EVERYTHINK 脑洞分子U型枕 充气颈枕 EQ2,XHSD110001504777765,家居/生活用品,个,87.90,onsale,https://item.xhsd.com/items/110001504777765
新华书店网,110001504749118,家居/生活用品,家居/生活用品,半遇厨房重油污净500g,XHSD110001504749118,家居/生活用品,个,9.90,onsale,https://item.xhsd.com/items/110001504749118
新华书店网,110001504775893,家居/生活用品,家居/生活用品,WISHLAND威诗兰 致敬奋斗者坐垫单 (黄包款）WL...,XHSD110001504775893,家居/生活用品,个,129.00,onsale,https://item.xhsd.com/items/110001504775893
新华书店网,110001504798873,家居/生活用品,家居/生活用品,恒源祥羊毛混纺毛圈护膝,XHSD110001504798873,家居/生活用品,个,42.00,onsale,https://item.xhsd.com/items/110001504798873
新华书店网,110001504777810,家居/生活用品,家居/生活用品,清砂壶影 龙腾四海浮雕紫砂壶礼盒装,XHSD110001504777810,家居/生活用品,个,399.00,onsale,https://item.xhsd.com/items/110001504777810
新华书店网,110001504748718,家居/生活用品,家居/生活用品,清砂壶影 宜兴原矿石黄金堂周盘紫砂壶礼盒装,XHSD110001504748718,家居/生活用品,个,448.00,offsale,https://item.xhsd.com/items/110001504748718
新华书店网,110001504773971,家居/生活用品,家居/生活用品,祥锐 阖家欢不粘锅三件套,XHSD110001504773971,家居/生活用品,个,198.00,onsale,https://item.xhsd.com/items/110001504773971
新华书店网,110001504743717,家居/生活用品,家居/生活用品,又见美物云氧绒双层抗菌多用毯,XHSD110001504743717,家居/生活用品,个,73.00,onsale,https://item.xhsd.com/items/110001504743717
新华书店网,110001504379365,家居/生活用品,家居/生活用品,诗梦姿全棉大豆蛋白枕护颈椎枕头芯48*74,XHSD110001504379365,家居/生活用品,个,78.00,onsale,https://item.xhsd.com/items/110001504379365
新华书店网,110001504774805,家居/生活用品,家居/生活用品,杉杉 全棉水洗棉四件套,XHSD110001504774805,家居/生活用品,个,498.00,onsale,https://item.xhsd.com/items/110001504774805
新华书店网,110001504681510,家居/生活用品,家居/生活用品,艾康美防寒艾草发热护膝T-ACHX,XHSD110001504681510,家居/生活用品,个,49.00,onsale,https://item.xhsd.com/items/110001504681510
新华书店网,110001504774901,家居/生活用品,家居/生活用品,UKA POT点动气压保温壶2.2L-白色,XHSD110001504774901,家居/生活用品,个,227.00,onsale,https://item.xhsd.com/items/110001504774901
新华书店网,110001504816138,家居/生活用品,家居/生活用品,玛丽餐具六件套BJS025/ML6,XHSD110001504816138,家居/生活用品,个,129.00,onsale,https://item.xhsd.com/items/110001504816138
新华书店网,110001504421175,家居/生活用品,家居/生活用品,万代传章丘手工锻打老式镜面 有耳铁锅32cm＋锅盖32c...,XHSD110001504421175,家居/生活用品,个,155.00,onsale,https://item.xhsd.com/items/110001504421175
新华书店网,110001504812213,家居/生活用品,家居/生活用品,步步高升10入茶具BFL2023-19,XHSD110001504812213,家居/生活用品,个,299.00,onsale,https://item.xhsd.com/items/110001504812213
新华书店网,110001504818713,家居/生活用品,家居/生活用品,芳恩 A级安心睡眠枕单只,XHSD110001504818713,家居/生活用品,个,88.00,onsale,https://item.xhsd.com/items/110001504818713
新华书店网,110001504392003,家居/生活用品,家居/生活用品,清砂壶影原矿紫泥知足常乐紫砂壶礼盒装,XHSD110001504392003,家居/生活用品,个,208.00,onsale,https://item.xhsd.com/items/110001504392003
新华书店网,110001504806681,家居/生活用品,家居/生活用品,好事莲莲简易干泡台茶盘,XHSD110001504806681,家居/生活用品,个,99.00,onsale,https://item.xhsd.com/items/110001504806681
新华书店网,110001504806682,家居/生活用品,家居/生活用品,家用多功能涮烤一体电烤盘,XHSD110001504806682,家居/生活用品,个,99.00,onsale,https://item.xhsd.com/items/110001504806682
新华书店网,110001504626083,家居/生活用品,家居/生活用品,笔下x字在名不虚传百家姓签字笔礼盒,XHSD110001504626083,家居/生活用品,个,287.00,onsale,https://item.xhsd.com/items/110001504626083
新华书店网,110001504327133,家居/生活用品,家居/生活用品,清砂壶影原矿海棠西施紫砂壶礼盒装,XHSD110001504327133,家居/生活用品,个,185.00,onsale,https://item.xhsd.com/items/110001504327133
新华书店网,110001504820234,家居/生活用品,家居/生活用品,元气小艾神蕲艾暖腰带,XHSD110001504820234,家居/生活用品,个,39.90,onsale,https://item.xhsd.com/items/110001504820234
新华书店网,110001504819895,家居/生活用品,家居/生活用品,搏导狼无线便捷式电动自动搅拌杯,XHSD110001504819895,家居/生活用品,个,68.00,onsale,https://item.xhsd.com/items/110001504819895
新华书店网,110001504745707,家居/生活用品,家居/生活用品,老式铁锅炒锅32cm,XHSD110001504745707,家居/生活用品,个,89.00,onsale,https://item.xhsd.com/items/110001504745707
新华书店网,110001504743584,家居/生活用品,家居/生活用品,HONGDOU红豆磁布U型护颈枕,XHSD110001504743584,家居/生活用品,个,109.00,onsale,https://item.xhsd.com/items/110001504743584
新华书店网,110001504791191,家居/生活用品,家居/生活用品,皇寝世家 抗菌防螨大豆枕(一对装),XHSD110001504791191,家居/生活用品,个,125.00,onsale,https://item.xhsd.com/items/110001504791191
新华书店网,110001504745696,家居/生活用品,家居/生活用品,诗梦姿高弹柔软A类胶韵诗乳胶枕芯48×74cm,XHSD110001504745696,家居/生活用品,个,89.00,onsale,https://item.xhsd.com/items/110001504745696
新华书店网,110001504730178,家居/生活用品,家居/生活用品,天然牛角梳三件套礼盒套装,XHSD110001504730178,家居/生活用品,个,179.00,onsale,https://item.xhsd.com/items/110001504730178
新华书店网,110001504812910,家居/生活用品,家居/生活用品,芳恩 长绒棉简素面巾组合装,XHSD110001504812910,家居/生活用品,个,58.00,onsale,https://item.xhsd.com/items/110001504812910
新华书店网,110001504843813,家居/生活用品,家居/生活用品,杉杉 丝滑凉感夏凉被,XHSD110001504843813,家居/生活用品,个,238.00,onsale,https://item.xhsd.com/items/110001504843813
新华书店网,110001504787560,家居/生活用品,家居/生活用品,杉杉 中国风刺绣磨绒棉四件套,XHSD110001504787560,家居/生活用品,个,368.00,onsale,https://item.xhsd.com/items/110001504787560
新华书店网,110001504780817,家居/生活用品,家居/生活用品,非遗手工锻打章丘铁锅大肚锅（赠锅盖）,XHSD110001504780817,家居/生活用品,个,108.00,onsale,https://item.xhsd.com/items/110001504780817
新华书店网,110001504847295,家居/生活用品,家居/生活用品,杉杉 时尚全棉夏凉被,XHSD110001504847295,家居/生活用品,个,238.00,offsale,https://item.xhsd.com/items/110001504847295
新华书店网,110001504858242,家居/生活用品,家居/生活用品,金卫德 非遗手工章钛铁锅32cm,XHSD110001504858242,家居/生活用品,个,225.00,onsale,https://item.xhsd.com/items/110001504858242
新华书店网,110001504852147,家居/生活用品,家居/生活用品,瑾礼 慢回弹0压力枕 JL-15006,XHSD110001504852147,家居/生活用品,个,89.00,onsale,https://item.xhsd.com/items/110001504852147
新华书店网,110001504356282,家居/生活用品,家居/生活用品,清砂壶影原矿紫泥荷香景舟石瓢,XHSD110001504356282,家居/生活用品,个,183.00,onsale,https://item.xhsd.com/items/110001504356282
新华书店网,110001504341042,家居/生活用品,家居/生活用品,杉杉 新疆棉纯棉冬被6斤(200*230cm),XHSD110001504341042,家居/生活用品,个,298.00,onsale,https://item.xhsd.com/items/110001504341042
新华书店网,110001504853144,家居/生活用品,家居/生活用品,X05手持冰敷小风扇,XHSD110001504853144,家居/生活用品,个,53.80,onsale,https://item.xhsd.com/items/110001504853144
新华书店网,110001504859152,家居/生活用品,家居/生活用品,七彩绣（TEM FERE）凉感丝夏被,XHSD110001504859152,家居/生活用品,个,89.00,onsale,https://item.xhsd.com/items/110001504859152
新华书店网,110001504859197,家居/生活用品,家居/生活用品,X688手持小风扇,XHSD110001504859197,家居/生活用品,个,23.80,onsale,https://item.xhsd.com/items/110001504859197
新华书店网,110001504729524,家居/生活用品,家居/生活用品,多功能便携式牙刷收纳盒一个装 （随机发货）,XHSD110001504729524,家居/生活用品,个,15.00,onsale,https://item.xhsd.com/items/110001504729524
新华书店网,110001504857219,家居/生活用品,家居/生活用品,七彩绣（TEM FERE）藤席冰藤席单面席,XHSD110001504857219,家居/生活用品,个,149.00,onsale,https://item.xhsd.com/items/110001504857219
新华书店网,110001504802542,家居/生活用品,家居/生活用品,全自动便捷家用绞肉机,XHSD110001504802542,家居/生活用品,个,78.00,onsale,https://item.xhsd.com/items/110001504802542
新华书店网,110001504747613,家居/生活用品,家居/生活用品,红豆薄荷驱蚊被150*200cm*1,XHSD110001504747613,家居/生活用品,个,125.00,onsale,https://item.xhsd.com/items/110001504747613
新华书店网,110001504828548,家居/生活用品,家居/生活用品,经典大号商务黑雨伞,XHSD110001504828548,家居/生活用品,个,55.00,offsale,https://item.xhsd.com/items/110001504828548
新华书店网,110001504742592,家居/生活用品,家居/生活用品,红豆亲肤夏被-小时代150*200cm*1,XHSD110001504742592,家居/生活用品,个,125.00,onsale,https://item.xhsd.com/items/110001504742592
新华书店网,110001504839578,家居/生活用品,家居/生活用品,柏缇 花茶香氛系列护手霜,XHSD110001504839578,家居/生活用品,个,19.90,onsale,https://item.xhsd.com/items/110001504839578
新华书店网,110001504837587,家居/生活用品,家居/生活用品,杉杉 冰岛竹语蚕丝被,XHSD110001504837587,家居/生活用品,个,325.00,onsale,https://item.xhsd.com/items/110001504837587
新华书店网,110001504836615,家居/生活用品,家居/生活用品,塞尔兰斯无线桌面折叠风扇X30MAX,XHSD110001504836615,家居/生活用品,个,89.00,onsale,https://item.xhsd.com/items/110001504836615
新华书店网,110001504841553,家居/生活用品,家居/生活用品,鳄鱼纹牛皮自动扣商务休闲皮带,XHSD110001504841553,家居/生活用品,个,95.00,onsale,https://item.xhsd.com/items/110001504841553
新华书店网,110001504819064,家居/生活用品,家居/生活用品,慢舞人生8入茶具 BFL2022-4,XHSD110001504819064,家居/生活用品,个,239.00,onsale,https://item.xhsd.com/items/110001504819064
新华书店网,110001504786761,家居/生活用品,家居/生活用品,分区收纳加粗加厚万向轮晾衣架,XHSD110001504786761,家居/生活用品,个,215.00,offsale,https://item.xhsd.com/items/110001504786761
新华书店网,110001504798788,家居/生活用品,家居/生活用品,家庭涮烤一体电火锅烤盘,XHSD110001504798788,家居/生活用品,个,138.00,onsale,https://item.xhsd.com/items/110001504798788
新华书店网,110001504813519,家居/生活用品,家居/生活用品,晴雨两用大号折叠伞,XHSD110001504813519,家居/生活用品,个,55.00,onsale,https://item.xhsd.com/items/110001504813519
新华书店网,110001504853451,家居/生活用品,家居/生活用品,笔下小方熊猫钢笔,XHSD110001504853451,家居/生活用品,个,287.00,onsale,https://item.xhsd.com/items/110001504853451
新华书店网,110001504858168,家居/生活用品,家居/生活用品,瑾礼 熊猫竹节被 JL-12246（200*230cm）...,XHSD110001504858168,家居/生活用品,个,119.00,onsale,https://item.xhsd.com/items/110001504858168
新华书店网,110001504855152,家居/生活用品,家居/生活用品,瑾礼 冰淇淋凉感夏被,XHSD110001504855152,家居/生活用品,个,79.00,onsale,https://item.xhsd.com/items/110001504855152
新华书店网,110001504849189,家居/生活用品,家居/生活用品,丽特斐静音充电台式桌面循环扇Z05,XHSD110001504849189,家居/生活用品,个,99.00,onsale,https://item.xhsd.com/items/110001504849189
新华书店网,110001504799001,家居/生活用品,家居/生活用品,诗梦姿冬季加厚A类原棉大豆被芯1.8×2.2米,XHSD110001504799001,家居/生活用品,个,178.00,onsale,https://item.xhsd.com/items/110001504799001
新华书店网,110001504745691,家居/生活用品,家居/生活用品,LARGE洗衣机槽泡腾片15g*12块,XHSD110001504745691,家居/生活用品,个,15.90,onsale,https://item.xhsd.com/items/110001504745691
新华书店网,110001504849614,家居/生活用品,家居/生活用品,鸭小梨多功能按摩靠枕,XHSD110001504849614,家居/生活用品,个,195.00,onsale,https://item.xhsd.com/items/110001504849614
新华书店网,110001504787082,家居/生活用品,家居/生活用品,雨中砂原矿龙血砂西施紫砂壶礼盒装,XHSD110001504787082,家居/生活用品,个,288.00,onsale,https://item.xhsd.com/items/110001504787082
新华书店网,110001504687760,家居/生活用品,家居/生活用品,笔下咖啡签字笔,XHSD110001504687760,家居/生活用品,个,215.00,onsale,https://item.xhsd.com/items/110001504687760
新华书店网,110001504859155,家居/生活用品,家居/生活用品,缤纷水果色女士自动晴雨伞,XHSD110001504859155,家居/生活用品,个,45.00,onsale,https://item.xhsd.com/items/110001504859155
新华书店网,110001504856150,家居/生活用品,家居/生活用品,双镜片小熊头盔,XHSD110001504856150,家居/生活用品,个,68.00,onsale,https://item.xhsd.com/items/110001504856150
新华书店网,110001504271320,家居/生活用品,家居/生活用品,优质木整料制作 传统按摩捶 随机发货,XHSD110001504271320,家居/生活用品,个,28.00,onsale,https://item.xhsd.com/items/110001504271320
新华书店网,110001503722001,家居/生活用品,家居/生活用品,美人鱼系列加厚搓背拉条颜色随机,XHSD110001503722001,家居/生活用品,个,18.00,onsale,https://item.xhsd.com/items/110001503722001
新华书店网,110001504282586,家居/生活用品,家居/生活用品,和正电池款电动指甲剪,XHSD110001504282586,家居/生活用品,个,135.00,onsale,https://item.xhsd.com/items/110001504282586
新华书店网,110001503673493,家居/生活用品,家居/生活用品,双枪 无漆无蜡节节高升竹筷子30双装,XHSD110001503673493,家居/生活用品,个,39.00,onsale,https://item.xhsd.com/items/110001503673493
新华书店网,110001503709019,家居/生活用品,家居/生活用品,蓝月亮 衣物消毒液1kg*3瓶,XHSD110001503709019,家居/生活用品,个,87.00,onsale,https://item.xhsd.com/items/110001503709019
新华书店网,110001504412865,家居/生活用品,家居/生活用品,阿芙（AFU）LESS天竺葵精油芳香暖颈贴,XHSD110001504412865,家居/生活用品,个,69.00,onsale,https://item.xhsd.com/items/110001504412865
新华书店网,110001504269305,家居/生活用品,家居/生活用品,户外便携折叠水壶15L,XHSD110001504269305,家居/生活用品,个,89.00,onsale,https://item.xhsd.com/items/110001504269305
新华书店网,110001504422486,家居/生活用品,家居/生活用品,多功能眼部雾化蒸汽护眼仪,XHSD110001504422486,家居/生活用品,个,237.00,onsale,https://item.xhsd.com/items/110001504422486
新华书店网,110001504588087,家居/生活用品,家居/生活用品,康佳便捷式电热水壶0.8L,XHSD110001504588087,家居/生活用品,个,190.00,onsale,https://item.xhsd.com/items/110001504588087
新华书店网,110001504183296,家居/生活用品,家居/生活用品,蕉下口袋系列五折伞（口袋A）,XHSD110001504183296,家居/生活用品,个,169.00,onsale,https://item.xhsd.com/items/110001504183296
新华书店网,110001504049095,家居/生活用品,家居/生活用品,美人鱼搓澡巾颜色随机,XHSD110001504049095,家居/生活用品,个,16.00,onsale,https://item.xhsd.com/items/110001504049095
新华书店网,110001504358329,家居/生活用品,家居/生活用品,凯速艾草自发热点阵护膝两双装KP03,XHSD110001504358329,家居/生活用品,个,49.00,onsale,https://item.xhsd.com/items/110001504358329
新华书店网,110001504375138,家居/生活用品,家居/生活用品,卡屋KT075桶装水电动抽水器,XHSD110001504375138,家居/生活用品,个,88.00,onsale,https://item.xhsd.com/items/110001504375138
新华书店网,110001504263323,家居/生活用品,家居/生活用品,奶酪3D海绵枕,XHSD110001504263323,家居/生活用品,个,236.00,onsale,https://item.xhsd.com/items/110001504263323
新华书店网,110001504264209,家居/生活用品,家居/生活用品,TPU弹力布充气枕,XHSD110001504264209,家居/生活用品,个,79.00,onsale,https://item.xhsd.com/items/110001504264209
新华书店网,110001504253058,家居/生活用品,家居/生活用品,炊大皇不粘锅家用炒锅30cm旗舰款带锅盖,XHSD110001504253058,家居/生活用品,个,135.00,onsale,https://item.xhsd.com/items/110001504253058
新华书店网,110001504258956,家居/生活用品,家居/生活用品,吉狮行乐 羊脂玉瓷主人杯,XHSD110001504258956,家居/生活用品,个,299.00,offsale,https://item.xhsd.com/items/110001504258956
新华书店网,110001504265379,家居/生活用品,家居/生活用品,黄白格大号野餐垫,XHSD110001504265379,家居/生活用品,个,149.00,onsale,https://item.xhsd.com/items/110001504265379
新华书店网,110001504225500,家居/生活用品,家居/生活用品,洁丽雅助眠荞麦枕,XHSD110001504225500,家居/生活用品,个,165.00,onsale,https://item.xhsd.com/items/110001504225500
新华书店网,110001504259302,家居/生活用品,家居/生活用品,嘉赫斯沁凉凉感丝印花夏凉被清新南瓜200*230cm,XHSD110001504259302,家居/生活用品,个,399.00,onsale,https://item.xhsd.com/items/110001504259302
新华书店网,110001504235245,家居/生活用品,家居/生活用品,驿客防水野餐垫 小飞叶,XHSD110001504235245,家居/生活用品,个,128.00,onsale,https://item.xhsd.com/items/110001504235245
新华书店网,110001504384647,家居/生活用品,家居/生活用品,炊大皇304不锈钢奶锅无涂层锅16cm,XHSD110001504384647,家居/生活用品,个,132.20,onsale,https://item.xhsd.com/items/110001504384647
新华书店网,110001504385127,家居/生活用品,家居/生活用品,三联装平口保鲜袋3卷共220只,XHSD110001504385127,家居/生活用品,个,39.90,onsale,https://item.xhsd.com/items/110001504385127
新华书店网,110001504358330,家居/生活用品,家居/生活用品,悠梦嘉居獭兔绒精华被套毯200x230cm,XHSD110001504358330,家居/生活用品,个,159.00,offsale,https://item.xhsd.com/items/110001504358330
新华书店网,110001504384285,家居/生活用品,家居/生活用品,AKS 陶瓷涂层 海豚办公保温杯,XHSD110001504384285,家居/生活用品,个,129.00,onsale,https://item.xhsd.com/items/110001504384285
新华书店网,110001504221213,家居/生活用品,家居/生活用品,相见欢 汝釉圆包茶道套装,XHSD110001504221213,家居/生活用品,个,499.00,onsale,https://item.xhsd.com/items/110001504221213
新华书店网,110001504253641,家居/生活用品,家居/生活用品,敦煌国潮系列双面抱枕,XHSD110001504253641,家居/生活用品,个,79.00,onsale,https://item.xhsd.com/items/110001504253641
新华书店网,110001504376759,家居/生活用品,家居/生活用品,树可香薰束小众创意摆件,XHSD110001504376759,家居/生活用品,个,43.50,onsale,https://item.xhsd.com/items/110001504376759
新华书店网,110001504179962,家居/生活用品,家居/生活用品,红蜻蜓格韵蚕丝润肤冬被,XHSD110001504179962,家居/生活用品,个,1498.00,onsale,https://item.xhsd.com/items/110001504179962
新华书店网,110001504235248,家居/生活用品,家居/生活用品,惠寻日式弯柄翘头马桶刷加粘钩,XHSD110001504235248,家居/生活用品,个,25.90,onsale,https://item.xhsd.com/items/110001504235248
新华书店网,110001504677031,家居/生活用品,家居/生活用品,笔下2025年一顺到底新春礼盒套装,XHSD110001504677031,家居/生活用品,个,399.00,onsale,https://item.xhsd.com/items/110001504677031
新华书店网,110001504616181,家居/生活用品,家居/生活用品,檀轩阁紫砂内胆木纹奋进杯,XHSD110001504616181,家居/生活用品,个,129.00,onsale,https://item.xhsd.com/items/110001504616181
新华书店网,110001504368307,家居/生活用品,家居/生活用品,原矿大红袍双龙石瓢紫砂壶,XHSD110001504368307,家居/生活用品,个,159.00,onsale,https://item.xhsd.com/items/110001504368307
新华书店网,110001504413201,家居/生活用品,家居/生活用品,非遗 龙凤呈祥珐琅彩鎏银对杯,XHSD110001504413201,家居/生活用品,个,499.00,onsale,https://item.xhsd.com/items/110001504413201
新华书店网,110001504387379,家居/生活用品,家居/生活用品,桃白德化便携式一壶三杯旅行茶具,XHSD110001504387379,家居/生活用品,个,71.00,onsale,https://item.xhsd.com/items/110001504387379
新华书店网,110001504366568,家居/生活用品,家居/生活用品,龙腾四海生肖抱枕,XHSD110001504366568,家居/生活用品,个,69.00,onsale,https://item.xhsd.com/items/110001504366568
新华书店网,110001504377389,家居/生活用品,家居/生活用品,杉杉 蓝灰条纹太空被200*230cm,XHSD110001504377389,家居/生活用品,个,796.00,onsale,https://item.xhsd.com/items/110001504377389
新华书店网,110001504375597,家居/生活用品,家居/生活用品,原矿陈腐老紫双龙戏珠泥提梁紫砂壶,XHSD110001504375597,家居/生活用品,个,199.00,onsale,https://item.xhsd.com/items/110001504375597
新华书店网,110001504368599,家居/生活用品,家居/生活用品,皮尔卡丹 男士针扣皮带,XHSD110001504368599,家居/生活用品,个,458.00,onsale,https://item.xhsd.com/items/110001504368599
新华书店网,110001504379364,家居/生活用品,家居/生活用品,海绵打孔透气立体防低头累护颈,XHSD110001504379364,家居/生活用品,个,52.00,onsale,https://item.xhsd.com/items/110001504379364
新华书店网,110001504407020,家居/生活用品,家居/生活用品,纳米清洁球钢丝球,XHSD110001504407020,家居/生活用品,个,15.90,onsale,https://item.xhsd.com/items/110001504407020
新华书店网,110001504419488,家居/生活用品,家居/生活用品,南乔便携指环手柄五折黑胶太阳伞,XHSD110001504419488,家居/生活用品,个,63.00,onsale,https://item.xhsd.com/items/110001504419488
新华书店网,110001503963469,家居/生活用品,家居/生活用品,团购-强国定制 众里寻她旅行茶具,XHSD110001503963469,家居/生活用品,个,115.00,onsale,https://item.xhsd.com/items/110001503963469
新华书店网,110001504425262,家居/生活用品,家居/生活用品,悟空 羊脂玉瓷主人杯,XHSD110001504425262,家居/生活用品,个,398.00,onsale,https://item.xhsd.com/items/110001504425262
新华书店网,110001504395575,家居/生活用品,家居/生活用品,清砂壶影原紫泥珐琅彩西施紫砂壶礼盒装,XHSD110001504395575,家居/生活用品,个,219.50,onsale,https://item.xhsd.com/items/110001504395575
新华书店网,110001504289573,家居/生活用品,家居/生活用品,南乔黑胶防紫外线五折六骨口袋伞,XHSD110001504289573,家居/生活用品,个,79.90,onsale,https://item.xhsd.com/items/110001504289573
新华书店网,110001504403300,家居/生活用品,家居/生活用品,悠梦嘉居深睡眠亲肤空调被,XHSD110001504403300,家居/生活用品,个,89.00,onsale,https://item.xhsd.com/items/110001504403300
新华书店网,110001504363127,家居/生活用品,家居/生活用品,杉杉 轻奢千鸟格提花冬被200*230cm,XHSD110001504363127,家居/生活用品,个,1160.00,offsale,https://item.xhsd.com/items/110001504363127
新华书店网,110001504344172,家居/生活用品,家居/生活用品,舒蕾倍爽净肤沐浴露430ml,XHSD110001504344172,家居/生活用品,个,49.00,onsale,https://item.xhsd.com/items/110001504344172
新华书店网,110001504397458,家居/生活用品,家居/生活用品,艾贝丽 简易多功能电热饭盒,XHSD110001504397458,家居/生活用品,个,699.00,onsale,https://item.xhsd.com/items/110001504397458
新华书店网,110001504405680,家居/生活用品,家居/生活用品,清砂壶影古秦权大红袍紫砂壶礼盒装,XHSD110001504405680,家居/生活用品,个,256.00,onsale,https://item.xhsd.com/items/110001504405680
新华书店网,110001504703668,家居/生活用品,家居/生活用品,小豚鼠亚朵深睡慢回弹记忆棉42*70*6cm,XHSD110001504703668,家居/生活用品,个,191.00,onsale,https://item.xhsd.com/items/110001504703668
新华书店网,110001504701626,家居/生活用品,家居/生活用品,檀轩阁宜兴大展宏图紫砂保温杯,XHSD110001504701626,家居/生活用品,个,142.00,offsale,https://item.xhsd.com/items/110001504701626
新华书店网,110001504414593,家居/生活用品,家居/生活用品,非遗 汝瓷办公杯,XHSD110001504414593,家居/生活用品,个,299.00,onsale,https://item.xhsd.com/items/110001504414593
新华书店网,110001504656210,家居/生活用品,家居/生活用品,凯速绑带艾草自发热点阵护膝灰色,XHSD110001504656210,家居/生活用品,个,49.90,onsale,https://item.xhsd.com/items/110001504656210
新华书店网,110001504611174,家居/生活用品,家居/生活用品,宜兴名家手工原矿红降坡南瓜壶,XHSD110001504611174,家居/生活用品,个,666.00,onsale,https://item.xhsd.com/items/110001504611174
新华书店网,110001504385116,家居/生活用品,家居/生活用品,清砂壶影原矿大红袍如意仿古茶壶,XHSD110001504385116,家居/生活用品,个,220.00,onsale,https://item.xhsd.com/items/110001504385116
新华书店网,110001504604042,家居/生活用品,家居/生活用品,笔下芳华钢笔礼盒,XHSD110001504604042,家居/生活用品,个,599.00,onsale,https://item.xhsd.com/items/110001504604042
新华书店网,110001504628489,家居/生活用品,家居/生活用品,龙泉青瓷仿古中式龙凤对杯礼盒装,XHSD110001504628489,家居/生活用品,个,124.00,onsale,https://item.xhsd.com/items/110001504628489
新华书店网,110001504373528,家居/生活用品,家居/生活用品,百福齐聚古法工艺鎏金筷,XHSD110001504373528,家居/生活用品,个,690.00,onsale,https://item.xhsd.com/items/110001504373528
新华书店网,110001504421247,家居/生活用品,家居/生活用品,波斯顿牙膏男士专用去黄去口臭牙膏,XHSD110001504421247,家居/生活用品,个,33.10,onsale,https://item.xhsd.com/items/110001504421247
新华书店网,110001504420236,家居/生活用品,家居/生活用品,悠梦嘉居水洗天丝夏被四件套,XHSD110001504420236,家居/生活用品,个,365.00,onsale,https://item.xhsd.com/items/110001504420236
新华书店网,110001504608382,家居/生活用品,家居/生活用品,POE痔疮记忆棉坐垫,XHSD110001504608382,家居/生活用品,个,61.00,onsale,https://item.xhsd.com/items/110001504608382
新华书店网,110001503349656,家居/生活用品,家居/生活用品,强国定制 众里寻她旅行茶具,XHSD110001503349656,家居/生活用品,个,199.00,onsale,https://item.xhsd.com/items/110001503349656
新华书店网,110001504607146,家居/生活用品,家居/生活用品,宜兴手工原矿紫泥龙蛋壶,XHSD110001504607146,家居/生活用品,个,468.00,onsale,https://item.xhsd.com/items/110001504607146
新华书店网,110001504426201,家居/生活用品,家居/生活用品,章丘铁锅老式手工鱼鳞锅,XHSD110001504426201,家居/生活用品,个,109.00,onsale,https://item.xhsd.com/items/110001504426201
新华书店网,110001504380474,家居/生活用品,家居/生活用品,景德镇陶瓷碗碟套装16件套,XHSD110001504380474,家居/生活用品,个,80.00,onsale,https://item.xhsd.com/items/110001504380474
新华书店网,110001504622910,家居/生活用品,家居/生活用品,宝丽姿多功能智能温控电热暖身毯YZL15090,XHSD110001504622910,家居/生活用品,个,106.00,onsale,https://item.xhsd.com/items/110001504622910
新华书店网,110001504614481,家居/生活用品,家居/生活用品,宜兴名家手工原矿天青泥掇只壶,XHSD110001504614481,家居/生活用品,个,666.00,onsale,https://item.xhsd.com/items/110001504614481
新华书店网,110001504393607,家居/生活用品,家居/生活用品,日硕去老茧无线电动磨脚器HH-368,XHSD110001504393607,家居/生活用品,个,69.50,onsale,https://item.xhsd.com/items/110001504393607
新华书店网,110001504721273,家居/生活用品,家居/生活用品,清砂壶影宜矿紫泥竹段提梁壶礼盒装,XHSD110001504721273,家居/生活用品,个,160.00,offsale,https://item.xhsd.com/items/110001504721273
