product_id,translator_id
1526,2068
3501,2108
8147,2115
8264,2080
12481,475
12481,1020
12481,2008
12490,820
12497,2471
12497,2161
12506,1748
12506,711
12507,2221
12507,710
12509,66
12509,2221
12516,242
12550,2193
12562,1572
12568,2314
12568,2286
12569,856
12569,115
12569,2439
12569,1140
12572,2595
12586,668
12605,321
12605,2191
12605,1661
12613,613
12613,99
12614,1946
12615,1028
12619,1011
12631,473
12631,1023
12635,319
12648,633
12649,632
12654,1762
12670,953
12673,703
12675,1708
12693,21
12693,22
12693,25
12693,2032
12693,518
12694,439
12696,1850
12698,882
12698,2000
12703,1560
12705,496
12705,470
12716,402
12751,628
12751,462
12753,295
12753,890
12772,264
12772,1933
12772,2353
12774,1961
12779,330
12779,1154
12779,2461
12779,337
12779,76
12780,501
12784,2261
12790,510
12792,1310
12792,1793
12794,943
12800,469
12800,1147
12800,95
12807,330
12807,2690
12807,528
12832,2038
12833,2038
12834,2038
12835,902
12836,902
12843,970
12843,796
12844,324
12844,364
12845,2156
12845,1420
12854,1796
12867,810
12872,1409
12874,2466
12876,668
12883,1914
12883,1137
12883,2519
12899,2108
12904,100
12904,88
12904,729
12915,2399
12915,802
12920,2465
12931,1834
12938,632
12947,49
12959,2502
12959,535
12962,264
12962,36
12962,161
12966,49
12968,662
12969,1540
12976,1885
12983,2482
12983,501
12984,741
12985,67
12991,259
12991,213
12995,1945
12997,264
12997,2477
12997,740
13000,237
13015,1443
13023,1222
13026,1215
13026,2341
13032,2200
13033,632
13045,2206
13046,330
13046,303
13046,1700
13047,2512
13049,31
13050,199
13054,1857
13055,1857
13057,900
13057,172
13058,428
13077,1789
13077,1458
13078,1789
13089,2221
13089,710
13092,660
13092,2161
13098,2384
13100,42
13100,293
13100,2257
13101,1928
13101,896
13101,434
13112,796
13112,1399
13113,397
13128,2178
13131,1563
13133,266
13143,929
13147,1598
13147,2223
13148,58
13149,49
13150,49
13166,1796
13166,781
13169,685
19309,2105
19826,2102
29974,2106
30300,2068
31261,427
31262,2525
31263,564
31264,476
31265,254
31268,561
31269,561
31322,2265
31329,1739
31335,468
31339,1070
31341,151
31343,151
31344,1361
31346,1361
31347,2540
31349,2540
31350,323
31353,1044
31370,2461
31371,2629
31374,1208
31405,1188
31424,2169
31433,2339
31463,87
31472,2340
31482,1901
31496,1226
31508,2429
31509,1111
31511,2108
31526,465
31527,2506
31538,2114
31539,698
31540,1913
31559,340
31577,1123
31578,1123
31579,2139
31580,2258
31581,683
31585,601
31587,75
31588,913
31589,1103
31605,2489
31609,1779
31614,1335
31615,829
31617,49
31618,2501
31628,2290
31634,7
31636,1438
31637,1469
31638,609
31639,1851
31640,2244
31642,2108
31643,2108
31644,2108
31646,2655
31656,1521
31667,973
31674,250
31683,903
31684,2476
31685,2476
31688,261
31689,382
31694,387
31696,1533
31698,1981
31700,687
31705,228
31706,840
31707,1161
31708,1246
31709,1195
31712,314
31713,1756
31715,769
31716,769
31745,1354
31746,124
31750,2168
31754,160
31756,2392
31757,769
31760,489
31762,2609
31774,864
31781,2154
31787,109
31794,1427
31795,610
31797,859
31798,743
31801,211
31803,704
31805,579
31813,2352
31814,2352
31850,1114
31851,941
31858,1118
31864,1426
31867,1328
31868,1328
31869,449
31870,1655
31872,1177
31874,2299
31875,715
31877,291
31880,721
31881,921
31882,1973
31883,2398
31885,1767
31886,1870
31887,1870
31888,769
31890,1115
31891,2517
31906,2012
31908,1278
31927,2119
31928,2119
31994,1067
32025,1336
32055,551
32064,806
32067,1983
32082,252
32083,1340
32104,1230
32126,2167
32252,794
32288,24
32328,1110
32351,1257
32402,889
32422,1203
32425,356
32478,507
32482,536
32538,1507
32658,1769
32698,1404
32702,2172
32711,1074
32773,1778
32774,1778
32779,1150
32780,377
32782,1693
32783,917
32785,1561
32787,1814
32791,2390
32792,2391
32793,2274
32794,2497
32795,2498
32796,1750
32797,1390
32798,1390
32799,92
32803,654
32805,265
32806,1019
32807,1019
32813,1229
32814,960
32815,960
32816,960
32817,863
32818,2639
32822,1631
32823,984
32824,1304
32826,315
32827,1555
32828,2266
32834,1821
32846,1745
32869,227
32873,2016
32875,2279
32877,2058
32892,351
32908,1486
32909,234
32916,82
32917,82
32918,197
32919,1258
32920,1002
32921,795
32922,1808
32923,1808
32945,925
32948,1007
32949,1339
32950,1123
32953,286
32957,2559
32959,622
32964,235
32966,1851
32967,2297
32968,1169
32970,760
32972,1787
32973,1316
32974,2295
32975,1316
32976,53
32988,982
32989,2664
32990,431
32991,1731
32993,2660
32994,923
32995,1189
32997,2689
33001,1875
33002,1875
33003,659
33004,659
33005,659
33006,659
33020,1291
33021,2585
33022,2454
33023,1105
33024,2344
33025,1061
33026,2059
33028,759
33030,1053
33031,1034
33032,901
33033,639
33034,2507
33035,1472
33036,825
33037,2248
33044,128
33045,191
33046,191
33047,191
33050,1353
33051,1955
33055,2528
33056,2528
33057,2448
33059,1725
33060,424
33061,424
33063,1463
33065,1876
33076,2492
33078,1761
33081,1220
33084,2195
33085,2059
33086,49
33087,49
33088,1308
33089,769
33090,936
33093,868
33094,1736
33095,2470
33096,1611
33097,604
33098,1131
33099,1482
33100,514
33102,2584
33107,2048
33109,870
33110,1172
33111,2287
33112,1349
33113,2005
33115,2376
33116,2376
33117,393
33118,191
33119,191
33120,2532
33121,2447
33123,867
33124,893
33125,1525
33126,883
33127,191
33128,1498
33129,1498
33130,1299
33131,2586
33134,2300
33135,280
33138,588
33140,569
33141,617
33142,2501
33145,2515
33146,2515
33147,2588
33160,769
33161,1149
33173,769
33174,769
33175,769
33178,2240
33183,962
33187,746
33189,646
33190,2282
33203,1978
33204,1621
33210,1456
33223,2592
33224,833
33225,1669
33227,2002
33228,2014
33230,2437
33233,2368
33234,2368
33235,418
33236,2433
33237,720
33242,552
33243,552
33246,1371
33247,1995
33248,2594
33250,842
33251,1436
33254,392
33255,392
33257,1225
33258,1774
33259,1522
33260,2591
33261,1692
33262,1517
33263,2079
33264,276
33266,178
33267,1979
33268,2344
33269,1694
33270,2007
33271,1368
33272,1370
33273,2130
33274,438
33275,437
33276,436
33277,869
33278,2460
33279,914
33288,301
33289,2324
33291,912
33292,1937
33293,9
33294,2141
33295,2141
33298,1479
33302,1251
33303,1517
33304,1603
33305,1603
33306,1667
33307,90
33308,334
33309,964
33310,1644
33312,6
33313,1134
33314,351
33321,188
33322,1737
33328,877
33329,307
33330,307
33331,44
33334,2147
33335,1893
33336,978
33337,2147
33338,2393
33339,2393
33340,1605
33341,1605
33342,159
33343,159
33344,1375
33345,101
33346,2420
33347,729
33348,71
33349,2691
33350,1779
33351,466
33352,1259
33353,2127
33354,2127
33356,2404
33358,1910
33359,1494
33360,1494
33361,873
33362,1496
33363,2548
33364,1495
33365,1613
33366,1826
33367,1494
33368,1075
33375,2431
33378,860
33379,860
33387,541
33398,665
33399,665
33401,1169
33402,2313
33403,2313
33408,125
33410,1762
33411,1512
33412,1785
33413,1785
33414,1992
33416,2216
33417,1788
33424,1333
33427,2603
33429,276
33430,612
33441,1816
33442,871
33443,872
33444,871
33445,312
33446,774
33447,693
33448,2152
33451,930
33453,2462
33454,755
33455,278
33459,1822
33460,624
33461,624
33462,624
33463,2549
33464,11
33478,2422
33490,278
33491,2100
33492,2219
33495,1233
33498,2535
33499,1242
33500,956
33503,951
33504,2249
33507,574
33511,2252
33516,223
33522,1232
33524,1483
33527,1720
33529,919
33530,1217
33531,807
33532,2170
33533,844
33534,2499
33553,1907
33554,1907
33556,1921
33557,684
33558,1109
33559,1501
33560,888
33561,1967
33562,845
33563,273
33587,2017
33588,2435
33589,1103
33609,2598
33610,1367
33611,1378
33617,1517
33618,49
33619,49
33620,555
33621,49
33622,1253
33623,904
33624,1517
33625,1142
33626,1142
33643,2294
33646,2208
33653,2455
33655,2455
33660,357
33662,2648
33663,1935
33668,1698
33669,2266
33671,103
33672,1288
33679,1627
33680,1627
33683,1343
33684,2651
33688,2647
33689,156
33690,2543
33691,2270
33692,1577
33693,2270
33700,2018
33701,1668
33705,790
33706,790
33707,1847
33708,817
33718,968
33719,769
33720,769
33721,1879
33722,2469
33724,1063
33725,341
33731,2022
33732,2022
33739,2020
33741,69
33742,159
33746,1201
33747,2236
33748,2236
33753,2582
33754,2582
33763,405
33764,2575
33766,186
33768,843
33769,1746
33782,2083
33784,1813
33786,1578
33787,1578
33788,1578
33793,1160
33800,769
33801,769
33802,208
33805,1701
33807,1327
33808,1398
33809,19
33810,2433
33811,1520
33812,644
33813,113
33814,2014
33815,2014
33816,1266
33826,1331
33830,2291
33835,2247
33837,770
33841,317
33848,2338
33849,979
33850,979
33851,979
33854,2072
33861,649
33863,1765
33864,447
33865,298
33866,258
33867,1647
33868,708
33872,726
33877,578
33879,522
33880,1173
33881,1173
33882,565
33887,669
33888,2509
33889,2122
33890,1930
33891,1996
33892,2419
33893,2419
33896,967
33898,2680
33899,2681
33900,2680
33901,1040
33902,1040
33904,278
33908,2124
33909,1939
33910,828
33917,728
33918,39
33919,39
33920,39
33921,1344
33923,1211
33925,134
33927,2283
33928,2687
33929,1300
33930,520
33933,62
33934,1976
33935,2673
33936,233
33937,963
33942,994
33960,1810
33961,582
33962,2440
33963,1180
33964,1991
33965,2500
33966,2485
33967,1460
33968,515
33970,1434
33971,1088
33972,1059
33972,1906
33975,1223
33976,1863
33977,1995
33979,914
33981,1008
33982,1663
33983,1663
33986,1917
33987,2669
33989,420
33990,420
33991,2031
33992,581
33993,2417
33994,2419
33995,2419
33996,1586
33998,1898
33999,2478
34000,1760
34001,2263
34005,1841
34011,2301
34066,2631
34077,1387
34078,290
34095,1606
34097,1500
34098,1932
34101,122
34104,1686
34106,1730
34107,1730
34109,1870
34110,1762
34111,493
34112,2539
34113,2539
34114,2539
34115,2539
34116,2539
34117,2539
34118,1250
34119,494
34120,2267
34121,2436
34122,2436
34124,495
34125,2354
34128,1405
34133,2046
34134,534
34136,2349
34141,150
34146,1812
34148,250
34149,1187
34150,1998
34162,1265
34163,1872
34164,2179
34169,1674
34170,2505
34172,1194
34188,2360
34244,2551
34246,1830
34248,2230
34252,1301
34254,2087
34255,2212
34256,1511
34257,1548
34258,1603
34259,1517
34260,819
34261,819
34262,927
34263,844
34264,2187
34265,2273
34266,1767
34267,1767
34271,1965
34272,568
34275,1123
34276,1123
34280,2621
34283,616
34284,2283
34285,1771
34286,72
34288,1425
34289,709
34291,664
34292,664
34299,2253
34301,664
34304,2616
34305,1869
34306,664
34308,1989
34315,1244
34319,2363
34321,572
34322,572
34323,452
34328,165
34340,1060
34341,2425
34342,2425
34345,82
34347,1321
34349,54
34351,789
34354,2617
34355,2127
34356,485
34357,485
34358,879
34384,477
34386,1461
34387,603
34389,10
34390,1007
34391,209
34394,49
34395,504
34401,1314
34402,844
34403,1291
34404,193
34413,2442
34414,2442
34415,2292
34417,1835
34418,2002
34419,1541
34422,1175
34423,1743
34424,2137
34427,1285
34428,1285
34429,688
34431,1254
34435,1332
34435,1667
34436,1332
34437,155
34438,1323
34439,1231
34440,1616
34441,1950
34442,1942
34443,1929
34446,1143
34462,995
34463,995
34467,1009
34469,2167
34471,358
34474,1689
34476,2297
34479,2298
34484,2304
34496,1480
34497,1480
34498,1224
34499,445
34500,1381
34503,2656
34504,2656
34505,769
34506,1200
34507,1807
34508,1200
34509,998
34518,666
34519,192
34525,170
34527,760
34528,1346
34529,1346
34534,2108
34539,2108
34541,2451
34543,2541
34548,2035
34549,2120
34550,2120
34551,1436
34552,1436
34554,1240
34555,1240
34556,800
34557,1601
34560,2424
34563,1927
34577,183
34581,1522
34582,1522
34593,2600
34598,2458
34599,2458
34600,1829
34604,2066
34605,1852
34613,839
34622,1171
34625,777
34639,132
34640,132
34641,131
34642,132
34644,278
34645,1003
34648,739
34649,739
34651,1918
34668,705
34669,2160
34670,705
34675,1481
34676,519
34677,140
34678,2108
34679,596
34687,1273
34688,178
34689,1615
34690,1275
34691,1275
34698,336
34699,1654
34700,2350
34708,1347
34719,1517
34720,1532
34721,1532
34722,1532
34723,1314
34727,664
34728,1588
34732,999
34733,401
34734,1835
34735,2345
34737,373
34738,373
34739,1455
34760,1118
34762,2085
34765,2108
34766,2108
34767,2108
34769,2112
34780,844
34782,1298
34783,2416
34784,2416
34785,33
34786,33
34788,583
34794,1368
34795,1368
34798,844
34801,1058
34802,197
34804,1706
34806,1022
34807,1022
34808,1846
34809,2415
34810,2415
34813,50
34814,733
34815,1470
34817,2393
34818,2344
34819,159
34820,771
34821,2392
34822,1861
34823,1861
34824,2148
34825,2148
34826,2148
34827,2148
34828,1124
34829,2665
34830,546
34831,546
34835,1112
34837,1010
34838,1864
34839,2052
34842,1166
34843,2520
34844,2393
34845,2393
34846,2393
34847,2009
34848,2009
34849,2009
34850,588
34851,588
34852,1497
34853,2520
34855,1694
34856,1694
34857,82
34858,2150
34864,2289
34865,1515
34872,2084
34886,1203
34894,2326
34895,1449
34913,2330
34923,141
34960,574
34963,2561
34964,2561
34965,1007
34967,1574
34969,2174
34970,81
34971,900
34987,166
35005,37
35007,160
35009,440
35047,375
35049,2578
35051,2607
35056,1467
35057,1467
35058,1467
35059,1248
35060,1248
35064,1883
35065,2295
35066,2295
35067,2295
35073,2039
35074,2039
35075,2295
35076,2295
35077,1962
35078,815
35079,859
35080,1794
35084,1141
35087,2325
35089,2579
35097,1356
35106,2385
35107,573
35108,573
35112,2262
35115,1431
35117,1202
35118,727
35119,29
35120,29
35125,367
35131,2365
35139,1940
35140,1940
35141,362
35142,942
35143,1685
35144,2047
35146,1509
35151,1519
35152,1519
35156,2366
35159,1441
35160,2344
35162,2684
35163,2684
35164,1264
35165,699
35166,699
35167,769
35168,1373
35172,2053
35174,937
35177,2301
35178,1033
35179,816
35180,422
35181,27
35185,884
35187,2504
35188,588
35191,278
35192,524
35193,525
35195,2371
35197,316
35198,316
35201,1274
35202,1274
35205,2516
35206,286
35209,1584
35210,526
35211,2606
35213,2682
35214,370
35223,32
35225,206
35226,1779
35227,2441
35229,1407
35230,1118
35232,1280
35233,601
35234,1947
35235,1947
35237,1792
35238,1351
35241,2211
35242,2211
35243,1312
35268,2389
35269,2389
35272,2321
35274,506
35276,1144
35284,2531
35287,623
35291,2464
35292,1133
35301,1435
35302,1118
35314,641
35317,2572
35318,2640
35322,857
35323,1696
35324,1947
35325,1947
35326,1132
35327,456
35329,825
35331,1775
35333,190
35334,391
35335,1574
35336,1574
35337,2647
35339,1742
35340,2108
35345,1535
35347,1994
35359,169
35364,1240
35367,1619
35368,1619
35369,326
35373,2074
35377,2284
35379,1311
35380,1311
35385,1923
35416,2099
35424,634
35427,435
35428,1118
35429,2135
35430,203
35435,2019
35436,2370
35440,1776
35441,2385
35442,749
35443,1802
35445,105
35448,2442
35449,224
35450,2295
35451,1995
35452,673
35453,1995
35454,1995
35455,1887
35456,39
35457,675
35458,1887
35459,877
35469,614
35470,1089
35471,274
35472,1393
35473,1393
35474,399
35477,2132
35480,2250
35486,736
35489,2004
35508,2396
35511,278
35512,35
35513,219
35514,1517
35515,1517
35520,1576
35521,104
35522,104
35523,2104
35524,2104
35525,2104
35526,2104
35527,2104
35528,2104
35529,2104
35530,2104
35532,1228
35535,2163
35536,2559
35539,2204
35540,214
35541,2154
35548,356
35549,1136
35550,1831
35554,769
35555,769
35556,420
35561,2400
35562,63
35563,2327
35567,1926
35568,938
35569,938
35571,2344
35573,671
35577,650
35578,1476
35581,1639
35582,2642
35585,1573
35586,2421
35587,2438
35589,1768
35590,300
35591,1886
35593,1582
35594,1980
35595,1727
35596,1432
35598,892
35602,1080
35603,1992
35604,394
35605,394
35608,1296
35610,680
35613,2285
35614,2285
35615,2285
35616,2285
35617,1925
35623,1769
35624,1270
35632,236
35633,1291
35634,773
35640,378
35656,2395
35657,2394
35658,2394
35659,1055
35661,2644
35662,952
35670,2110
35684,2053
35685,2053
35686,2053
35687,2053
35688,2053
35689,2054
35691,844
35694,461
35699,2562
35703,197
35704,562
35708,1903
35709,750
35717,762
35725,2237
35729,1057
35734,1214
35740,326
35741,1791
35745,1977
35749,2084
35773,1562
35783,1630
35786,1240
35787,2633
35788,916
35789,1481
35793,577
35794,1510
35795,17
35796,1603
35797,1016
35798,529
35799,677
35802,1196
35804,2654
35806,2602
35808,1824
35809,1164
35811,1164
35812,1164
35836,1306
35837,1342
35838,424
35839,2522
35840,2522
35841,2522
35842,424
35843,2306
35849,601
35850,1018
35851,1018
35853,2495
35856,1916
35857,46
35868,2131
35871,2420
35872,415
35874,1543
35875,1543
35876,559
35881,792
35882,2108
35883,2108
35884,243
35887,996
35890,1396
35891,588
35892,446
35893,446
35931,674
35932,1377
35933,2514
35934,720
35937,1508
35947,168
35948,2233
35949,1728
35950,353
35952,1102
35960,352
35961,164
35965,859
35966,862
35970,664
35971,815
35974,1974
35975,2158
35985,2266
35990,1549
35992,511
35993,511
35994,2147
35995,2147
35996,2147
35998,1761
35999,1291
36000,1291
36003,61
36006,847
36007,296
36008,934
36009,2614
36010,2614
36011,1732
36012,2433
36015,642
36016,2167
36017,730
36018,730
36019,730
36020,730
36021,1791
36024,949
36025,588
36027,855
36028,1085
36029,594
36030,588
36031,588
36032,2309
36033,590
36034,588
36035,2174
36036,592
36039,2266
36040,1178
36042,694
36043,694
36044,694
36047,390
36048,49
36050,2494
36051,1123
36056,2108
36057,2108
36063,1609
36066,658
36067,289
36071,2364
36073,1095
36077,854
36078,1000
36081,1732
36086,2527
36087,195
36088,195
36089,2527
36090,1240
36091,2527
36092,1589
36093,2344
36094,1678
36095,2418
36096,2060
36097,1096
36099,1747
36100,2029
36101,1680
36104,2266
36105,1523
36106,2300
36107,436
36108,232
36109,2355
36110,574
36114,1800
36117,1573
36120,248
36121,283
36123,1071
36124,1071
36127,2376
36128,1581
36129,1217
36130,769
36131,30
36132,2281
36134,278
36135,1383
36136,1615
36138,345
36139,345
36142,2040
36144,1464
36145,1464
36147,701
36148,1357
36149,320
36155,59
36156,2557
36157,918
36158,2463
36163,2486
36166,1015
36167,634
36168,2056
36169,1421
36170,2453
36171,1752
36173,178
36175,2108
36178,207
36179,997
36183,411
36188,575
36195,1732
36196,1050
36197,278
36199,2455
36203,1704
36204,1650
36210,2192
36217,91
36218,657
36219,1271
36220,486
36221,2622
36223,825
36224,2333
36225,1085
36226,1517
36227,1017
36228,1624
36229,1624
36234,2312
36237,2657
36238,2247
36239,1194
36243,1197
36250,1176
36254,349
36255,2264
36256,1941
36257,2116
36258,1424
36267,1912
36273,2688
36274,2468
36275,64
36276,1007
36277,1007
36278,1389
36279,1731
36281,2650
36282,2108
36302,2591
36303,2591
36330,2274
36332,347
36335,591
36338,398
36342,2659
36343,196
36344,815
36345,157
36352,2426
36353,420
36354,2157
36355,1624
36356,1624
36357,1454
36358,1412
36361,1854
36365,954
36367,2239
36368,381
36369,2559
36370,926
36371,131
36372,436
36373,1042
36375,1035
36376,1315
36377,1411
36381,2073
36383,1573
36384,1573
36394,48
36397,1282
36401,881
36402,1394
36406,1394
36410,877
36412,2495
36413,706
36417,799
36418,798
36419,1633
36420,1703
36421,1724
36429,2637
36430,897
36431,82
36432,1137
36433,325
36436,664
36438,880
36439,2357
36440,880
36441,636
36442,2596
36458,1905
36463,98
36464,1335
36465,1335
36466,1190
36469,775
36477,744
36479,2610
36480,2323
36481,2323
36483,1757
36484,1757
36486,936
36487,1345
36488,2645
36489,2645
36490,672
36491,1212
36495,667
36496,2150
36497,914
36502,1557
36505,480
36506,480
36507,1123
36508,1123
36509,480
36514,2570
36516,1117
36517,588
36518,588
36524,1268
36525,689
36526,513
36527,2580
36528,1764
36531,504
36532,2356
36536,1731
36537,1731
36542,2280
36544,82
36548,1992
36549,1363
36551,516
36552,2434
36554,270
36561,1525
36563,1526
36564,159
36565,2612
36566,433
36568,1971
36569,947
36570,947
36571,1326
36572,2251
36573,2300
36574,645
36575,1573
36576,1295
36577,1291
36581,590
36582,588
36583,588
36584,588
36585,1523
36587,2608
36589,2634
36591,2245
36592,222
36594,2150
36597,104
36598,104
36599,1524
36600,735
36601,1566
36602,1805
36603,1612
36605,2100
36609,1079
36610,1165
36612,432
36616,2515
36617,2393
36618,2393
36619,1503
36620,1503
36621,1386
36623,1888
36625,365
36630,175
36631,175
36632,323
36650,2554
36655,1292
36656,754
36657,2128
36658,1155
36659,2427
36668,1765
36669,922
36671,1865
36672,350
36673,146
36674,769
36675,769
36676,769
36677,625
36678,1513
36680,2301
36681,1007
36682,1795
36683,229
36684,1335
36686,1795
36687,2220
36689,48
36690,1489
36695,149
36697,811
36699,1574
36700,1860
36701,990
36702,990
36703,1320
36704,2331
36705,2331
36710,601
36712,2520
36716,602
36718,2351
36721,2151
36725,629
36727,1334
36729,1969
36730,205
36731,1969
36732,1969
36734,1643
36735,1642
36736,1777
36741,1718
36742,479
36743,2177
36744,1279
36753,700
36758,1087
36759,1506
36760,1506
36761,1291
36765,1216
36768,1517
36769,1025
36772,1163
36773,1388
36774,2610
36776,920
36777,920
36781,718
36782,70
36783,2402
36784,2402
36785,1490
36785,23
36786,1170
36787,119
36789,841
36792,474
36800,1300
36801,1841
36802,1243
36803,451
36805,1656
36810,450
36811,1664
36813,530
36815,2092
36819,2583
36823,467
36824,2334
36828,1531
36831,989
36835,1371
36836,1371
36837,1371
36840,1711
36843,1204
36846,1606
36848,1466
36850,1784
36851,1784
36852,1784
36853,1784
36854,1156
36855,1428
36856,1428
36857,1045
36859,2524
36860,1430
36861,420
36862,420
36863,1428
36865,1895
36866,1283
36867,1517
36868,1517
36869,102
36870,716
36871,1687
36872,1853
36874,2381
36875,1614
36876,1123
36877,2302
36878,2203
36879,2210
36880,1890
36881,2295
36883,1995
36884,104
36885,120
36886,120
36887,2469
36888,2469
36889,2367
36890,306
36891,1286
36892,185
36893,1897
36894,1897
36897,2412
36905,136
36907,599
36912,302
36913,619
36917,1213
36918,795
36920,217
36921,1126
36923,1001
36924,914
36925,1666
36929,513
36931,1920
36936,697
36941,260
36943,2343
36947,1078
36948,671
36949,2268
36953,1882
36963,1317
36964,1318
36969,2520
36973,992
36974,992
36977,827
36978,827
36985,537
36987,1595
36988,2036
36992,1669
36996,1448
36999,492
37000,1217
37001,119
37030,1559
37031,580
37032,1568
37033,1568
37039,139
37040,1982
37050,830
37051,2527
37052,1592
37060,407
37061,1640
37062,1758
37064,1459
37067,769
37068,769
37071,333
37072,333
37082,2604
37083,2604
37084,159
37090,1099
37091,1099
37093,935
37100,1517
37101,1025
37102,1517
37106,456
37108,2692
37109,1494
37110,2529
37111,2147
37112,1721
37113,1513
37114,210
37115,1972
37124,1224
37125,1224
37144,1302
37145,784
37148,354
37179,2401
37180,2683
37192,104
37194,74
37195,2051
37196,2051
37197,866
37284,73
37320,769
37324,277
37328,1348
37329,1025
37330,1666
37331,2376
37348,2620
37349,2620
37353,173
37354,54
37367,1862
37381,2585
37382,446
37383,1702
37384,2361
37385,138
37386,756
37389,1192
37390,2487
37391,757
37392,2126
37402,2126
37403,1081
37405,1768
37406,877
37409,2344
37411,2060
37414,769
37420,910
37424,2352
37426,1289
37428,230
37429,2228
37430,2228
37433,1576
37434,1547
37437,230
37438,1157
37442,2362
37443,256
37444,2503
37448,305
37449,305
37454,2305
37456,1835
37461,327
37464,1537
37465,1536
37467,257
37468,1518
37469,1518
37470,1518
37483,205
37484,205
37485,205
37489,618
37492,198
37503,414
37504,595
37505,1401
37506,769
37507,1634
37512,491
37514,1715
37521,2084
37527,2332
37560,1688
37563,499
37572,365
37590,224
37595,1720
37596,1722
37597,1720
37598,1720
37599,1720
37600,1720
37601,1720
37602,1720
37603,1437
37604,624
37605,278
37606,278
37607,2042
37608,2042
37611,1245
37612,1245
37613,1569
37614,1164
37625,1511
37626,45
37627,45
37628,2593
37630,783
37631,363
37639,1291
37640,17
37643,1636
37646,2042
37647,1517
37648,400
37649,400
37652,922
37653,2379
37654,895
37656,1128
37660,1738
37661,1738
37663,1223
37664,1119
37668,102
37674,1960
37675,2260
37678,1995
37679,1995
37681,2419
37682,1775
37683,299
37684,1646
37686,1713
37691,1840
37692,184
37693,77
37694,8
37696,1590
37697,2632
37698,1442
37700,1502
37701,1502
37705,2559
37706,1108
37707,1108
37708,1596
37711,1031
37722,2075
37737,1293
37738,550
37740,1322
37744,247
37745,147
37746,1532
37749,605
37750,588
37752,339
37754,408
37755,180
37756,424
37759,2090
37762,2295
37763,673
37764,1058
37765,1122
37777,98
37778,98
37782,271
37783,2506
37790,2217
37791,1045
37792,1045
37793,836
37795,2643
37797,1499
37798,1790
37799,2044
37801,472
37802,588
37803,588
37806,2079
37807,517
37808,1045
37812,2414
37814,1436
37815,1603
37816,1603
37817,1603
37818,1025
37820,2317
37822,588
37823,437
37826,1151
37827,2623
37828,2296
37829,785
37830,2530
37831,2530
37832,218
37833,1566
37834,218
37835,2547
37836,5
37837,1151
37849,2194
37853,762
37854,1100
37861,1288
37904,1066
37906,553
37907,553
37916,1517
37920,1565
37922,1767
37923,1839
37924,2093
37927,2079
37928,1077
37930,1571
37931,130
37932,2269
37933,1240
37934,1037
37935,1707
37936,1571
37937,640
37938,1471
37939,1261
37940,1262
37941,2276
37942,892
37943,1260
37944,1261
37945,787
37946,1852
37950,1618
37971,648
37972,1148
37973,1374
37974,1675
37975,178
37988,1359
37998,2266
38002,832
38003,2577
38004,2686
38005,832
38006,521
38007,1873
38008,497
38009,2558
38010,1348
38011,2558
38012,1348
38013,2678
38017,2587
38018,55
38019,57
38020,56
38021,1174
38023,1600
38024,1600
38025,2166
38026,647
38027,985
38028,1894
38029,1894
38035,1819
38041,584
38053,2619
38054,1827
38055,1681
38056,460
38057,460
38058,1041
38061,1690
38062,1690
38063,2159
38064,564
38067,1239
38068,1239
38069,891
38079,780
38081,643
38082,1291
38085,1851
38090,2175
38091,753
38092,753
38093,753
38094,753
38096,33
38097,33
38098,33
38099,1138
38100,2407
38102,2028
38104,2275
38105,1360
38107,220
38109,1587
38111,2532
38124,239
38129,2522
38132,1825
38133,1849
38135,412
38181,1986
38182,2134
38183,2526
38187,2142
38195,304
38200,1594
38205,378
38208,1667
38211,425
38215,2457
38228,969
38229,969
38234,1719
38265,969
38266,969
38269,487
38297,2081
38302,1575
38303,2311
38304,2679
38305,1570
38306,2255
38380,772
38427,714
38553,51
38596,1874
38696,663
38704,365
38711,150
38716,331
38717,1341
38718,986
38721,1714
38722,945
38724,1705
38732,2653
38733,697
38734,1991
38739,878
38741,1418
38742,1472
38745,1440
38746,1962
38747,1962
38749,2538
38750,2538
38751,2041
38753,1709
38756,1938
38757,2497
38758,38
38759,38
38761,127
38762,2442
38763,386
38764,2266
38765,2266
38769,2232
38770,2232
38771,344
38772,767
38773,2533
38774,292
38775,292
38776,1767
38777,1767
38778,821
38779,821
38780,2667
38781,2667
38782,1493
38783,1493
38784,2272
38785,2272
38786,546
38790,175
38791,1462
38792,1462
38793,1462
38795,874
38798,1043
38800,333
38801,1249
38802,2537
38803,543
38804,85
38805,85
38807,1842
38808,747
38809,2459
38811,650
38812,556
38813,912
38814,1305
38815,2338
38816,152
38817,1384
38819,2444
38820,38
38821,1859
38822,38
38823,2440
38825,221
38826,444
38828,2231
38831,2209
38846,2500
38847,878
38849,135
38850,2568
38851,2576
38852,2576
38853,635
38854,2270
38855,1833
38856,1818
38857,822
38861,1909
38862,1909
38865,2626
38867,1682
38869,1744
38874,1944
38875,1356
38878,2624
38879,2624
38880,965
38881,965
38882,1632
38885,285
38886,285
38887,2248
38900,557
38901,557
38902,1465
38908,661
38909,1909
38910,1909
38928,1002
38929,1002
38930,2100
38932,1403
38933,1403
38935,1741
38938,512
38939,2398
38940,814
38941,814
38942,814
38945,2392
38946,1963
38947,1368
38948,1368
38949,2053
38954,1103
38955,875
38957,2322
38959,1811
38961,1773
38963,2271
38966,2043
38967,1517
38968,20
38969,2042
38970,2636
38971,2636
38978,1880
38980,381
38981,504
38982,1812
38997,2009
38998,2300
39002,2140
39003,1291
39008,2067
39011,2006
39012,1712
39022,2266
39023,2506
39029,809
39032,589
39033,588
39034,588
39035,593
39036,596
39037,588
39038,588
39039,2394
39040,89
39041,1402
39042,588
39043,1055
39044,1624
39045,1624
39046,2176
39047,826
39048,1401
39049,588
39050,1545
39051,825
39052,588
39053,12
39054,808
39055,588
39056,1635
39057,597
39058,1556
39059,588
39060,2408
39061,1445
39063,191
39065,2661
39066,1781
39067,1291
39069,1297
39071,1509
39072,1126
39073,215
39074,1382
39075,1461
39076,1235
39077,2380
39078,1554
39079,1510
39080,2235
39081,2433
39082,43
39101,2668
39102,678
39104,2513
39112,2084
39164,305
39171,20
39176,877
39179,2028
39193,598
39194,598
39200,1167
39210,588
39211,2508
39212,950
39213,2238
39214,1838
39216,1681
39243,797
39244,1835
39247,94
39250,1788
39251,1047
39252,420
39255,406
39256,111
39261,512
39262,512
39263,769
39264,43
39265,1288
39266,527
39268,463
39273,114
39274,454
39275,639
39276,1280
39277,1051
39280,1221
39283,2559
39284,1658
39285,1007
39286,940
39287,2063
39288,2064
39289,2065
39290,769
39291,1223
39292,972
39293,2062
39295,28
39296,1123
39297,1123
39299,2266
39301,1653
39302,2001
39303,342
39304,1098
39305,1097
39306,2634
39309,656
39310,1284
39313,249
39314,1146
39316,1117
39317,1191
39318,2605
39319,2605
39320,2605
39321,1090
39322,2428
39324,2556
39325,1488
39326,1488
39327,1145
39328,1146
39329,764
39332,2205
39334,818
39335,1697
39336,630
39338,1219
39339,1828
39340,2432
39341,41
39342,41
39345,769
39346,769
39347,1062
39348,2649
39350,762
39352,971
39353,971
39356,284
39357,1656
39358,852
39360,1223
39361,769
39362,1269
39363,2150
39364,484
39365,483
39367,1904
39368,464
39369,2494
39370,1291
39372,158
39373,585
39374,417
39375,1868
39379,2307
39380,1911
39381,644
39382,644
39383,1564
39384,2553
39385,2662
39386,176
39389,588
39390,1439
39391,2153
39395,604
39396,684
39397,684
39398,2589
39399,769
39400,1762
39401,2534
39402,326
39403,2198
39404,2198
39406,1408
39424,1957
39425,2060
39426,601
39428,742
39429,742
39435,1433
39437,560
39452,544
39457,2243
39491,1036
39503,1183
39504,2259
39505,1544
39506,2067
39507,1634
39508,346
39509,2387
39510,2387
39511,769
39552,556
39559,769
39560,769
39561,976
39563,2419
39564,282
39565,1622
39566,457
39567,281
39568,1749
39570,551
39571,551
39584,1900
39585,1485
39590,12
39591,724
39594,1855
39595,1516
39596,159
39597,159
39598,159
39601,1691
39602,1835
39603,1835
39604,164
39613,977
39619,513
39621,966
39622,2060
39624,2310
39625,2310
39626,1517
39627,2310
39628,2310
39629,543
39630,543
39632,2467
39633,1046
39635,1263
39636,1263
39637,838
39638,533
39643,2
39644,2109
39645,2109
39646,2111
39647,2111
39648,2111
39649,2111
39650,2070
39651,1856
39652,1856
39654,1203
39655,2108
39658,2419
39659,644
39660,39
39662,2642
39663,2642
39664,1637
39665,2642
39668,49
39679,2374
39680,1162
39681,1162
39682,1567
39683,588
39684,588
39685,532
39699,2187
39700,1007
39701,1007
39710,2413
39712,769
39713,545
39714,769
39716,2674
39719,2154
39722,876
39723,876
39726,758
39728,2015
39730,1012
39731,1012
39737,2121
39740,1649
39743,1922
39750,696
39753,2518
39786,275
39805,576
39814,686
39815,1237
39817,2185
39821,2066
39830,1324
39836,1803
39837,812
39838,1252
39839,1988
39858,688
39859,688
39860,688
39861,179
39862,2672
39876,1543
39877,1543
39878,2319
39882,2638
39883,626
39884,761
39885,588
39888,2147
39889,1262
39890,1558
39892,255
39893,2567
39895,2329
39896,2329
39902,1313
39903,2180
39910,143
39911,2213
39912,2213
39913,1596
39915,2045
39917,1629
39918,1004
39926,608
39933,2162
39934,1461
39935,1461
39940,906
39942,1516
39943,1628
39945,2133
39946,2133
39950,1842
39951,2572
39952,881
39955,1628
39962,1123
39964,82
39965,1123
39966,82
39967,1123
39968,1123
39971,2542
39972,1553
39973,909
39975,2372
39977,1089
39978,1735
39979,1772
39982,144
39983,144
39984,2569
39985,2510
39986,376
39987,376
39988,1014
39990,1759
39991,118
39993,2243
39995,905
39996,1406
39997,2523
39998,546
39999,546
40000,2241
40001,2433
40004,1014
40007,886
40009,2536
40011,933
40012,1734
40013,961
40014,961
40015,615
40016,2488
40017,1194
40019,1413
40020,1413
40021,1414
40022,1413
40023,1413
40024,1513
40025,1947
40026,1947
40027,1877
40028,1413
40029,1413
40030,2150
40033,2266
40034,1669
40035,330
40036,330
40037,1274
40038,244
40040,1788
40044,1068
40045,664
40048,2303
40049,1050
40050,1050
40051,2419
40052,1193
40058,2550
40061,1580
40062,2184
40064,1299
40069,911
40070,2356
40071,2625
40072,1223
40073,1223
40074,769
40075,719
40076,769
40077,1223
40080,120
40082,2628
40085,78
40086,78
40087,769
40089,824
40093,1656
40095,1223
40097,2627
40098,2625
40099,2625
40100,769
40101,769
40106,712
40107,1123
40109,1294
40110,803
40111,478
40112,1355
40117,1530
40120,240
40124,2049
40126,2288
40130,638
40131,1800
40132,1662
40133,1662
40136,620
40138,1949
40141,262
40143,1477
40148,1878
40154,1360
40155,2611
40157,563
40158,1024
40159,2164
40170,2301
40172,2082
40177,1884
40181,1720
40182,374
40183,1754
40184,1754
40185,924
40186,2108
40187,787
40189,1546
40191,2344
40192,1690
40193,1690
40194,720
40195,720
40196,2013
40197,2013
40199,1291
40200,2270
40202,1256
40203,1620
40204,43
40205,1550
40206,2630
40208,453
40210,2201
40225,463
40231,2491
40234,421
40242,2663
40243,983
40249,2528
40251,1731
40253,1626
40258,1902
40259,272
40264,1325
40265,1325
40271,2610
40272,2610
40273,348
40281,2149
40282,2149
40283,2149
40284,946
40286,851
40318,368
40326,2246
40327,1130
40328,1130
40329,1181
40331,1858
40343,2544
40344,178
40345,1453
40347,1124
40348,1990
40349,2520
40350,1699
40351,2520
40352,2118
40353,1995
40356,1291
40357,2559
40358,1231
40390,1069
40392,1049
40393,1052
40394,1051
40395,1280
40396,2144
40402,114
40403,114
40404,627
40405,355
40409,523
40410,523
40411,1881
40412,644
40413,1447
40414,1832
40416,1953
40417,1952
40418,1952
40420,1182
40423,1038
40424,2476
40425,1039
40426,1710
40427,142
40428,142
40429,1054
40431,644
40432,644
40434,644
40435,39
40437,1411
40439,396
40441,2170
40442,1048
40443,1048
40444,1610
40446,1343
40447,759
40448,725
40449,752
40453,551
40457,177
40459,162
40462,2392
40465,1227
40467,1836
40468,1836
40471,987
40472,1794
40473,2196
40474,2196
40476,2419
40479,2236
40481,2342
40483,343
40486,782
40488,2521
40489,2521
40490,2521
40491,2521
40492,2521
40493,763
40494,763
40495,309
40496,2393
40496,26
40498,2559
40501,79
40505,2559
40506,1118
40509,1287
40510,1287
40511,126
40512,153
40515,2552
40516,791
40518,611
40523,928
40524,887
40525,385
40527,1058
40529,1392
40530,1392
40531,189
40532,2266
40535,917
40537,83
40538,992
40539,2150
40540,409
40541,84
40542,2545
40544,1892
40545,915
40546,2392
40547,958
40548,178
40549,2053
40552,994
40553,994
40554,776
40556,853
40557,2127
40558,2127
40559,1198
40560,1198
40561,1198
40562,1198
40563,1198
40564,2100
40566,2574
40567,2641
40568,2641
40572,2226
40573,994
40574,994
40575,1573
40576,571
40577,2053
40578,391
40579,391
40581,328
40584,601
40585,601
40587,313
40588,1924
40589,2613
40590,1607
40591,1093
40592,1107
40596,1943
40600,751
40605,1667
40606,1045
40607,97
40611,690
40612,2331
40614,34
40619,2388
40620,1106
40621,1106
40622,932
40623,554
40624,1740
40625,1740
40626,1740
40627,1623
40628,1474
40631,2592
40632,2592
40633,3
40634,1025
40635,1025
40636,1025
40637,1025
40638,1025
40639,1164
40640,1164
40641,1164
40642,2300
40643,1602
40646,2229
40648,2181
40655,1492
40656,2010
40657,2415
40661,2346
40662,433
40663,2189
40667,2387
40668,1982
40675,463
40693,1681
40696,1056
40703,967
40704,1372
40705,440
40710,899
40711,2187
40712,558
40717,1509
40718,1073
40719,1679
40720,707
40724,1210
40726,1309
40727,1780
40728,748
40729,1281
40731,1823
40732,1823
40733,1823
40734,1823
40739,2452
40740,395
40741,2278
40742,1005
40743,107
40744,106
40747,1135
40755,1291
40764,1168
40765,2256
40766,1223
40767,1729
40770,2463
40771,1659
40773,1896
40776,1625
40778,1152
40779,2190
40781,16
40784,1240
40785,1762
40786,215
40787,1139
40788,2030
40789,335
40790,769
40792,1867
40793,2397
40794,2209
40797,2475
40798,1379
40800,1223
40801,2187
40802,2187
40803,2187
40804,2377
40805,2403
40806,1845
40807,1684
40808,2209
40809,2456
40810,2456
40811,2675
40812,2675
40813,538
40814,1755
40815,2647
40816,2123
40817,2657
40818,1837
40819,150
40820,413
40821,1267
40822,769
40824,212
40826,137
40827,1908
40829,225
40833,644
40834,1045
40836,2618
40837,1411
40838,1411
40839,1579
40844,731
40845,731
40847,745
40848,745
40849,2197
40852,1911
40853,1719
40854,555
40855,1123
40856,1348
40857,1123
40858,426
40859,159
40860,993
40861,2335
40862,804
40863,755
40864,848
40865,755
40866,755
40867,755
40868,755
40869,823
40870,980
40871,755
40872,1959
40873,981
40875,2421
40876,2601
40880,1446
40882,1113
40886,204
40890,588
40892,2598
40897,1670
40899,178
40901,1391
40905,2254
40906,2254
40909,651
40910,1551
40912,1999
40913,2658
40916,1871
40917,1871
40921,1783
40928,443
40931,1364
40942,2202
40943,1517
40945,1774
40948,933
40949,607
40950,1104
40951,2670
40952,1899
40953,2474
40954,1835
40955,1835
40956,503
40959,1786
40960,1786
40961,1786
40962,1786
40964,542
40965,108
40966,108
40968,423
40969,2021
40980,1199
40981,1514
40982,1395
40983,216
40984,1563
40985,795
40986,1542
40990,231
40991,659
40992,2496
40993,1726
40995,1199
40996,1397
40997,1397
41024,2146
41032,167
41035,907
41036,268
41038,246
41039,2088
41041,2026
41046,931
41048,2565
41052,1866
41057,971
41058,278
41059,1291
41061,2266
41067,1991
41068,1991
41072,336
41074,1543
41075,1931
41076,354
41079,957
41080,588
41083,2060
41084,1307
41085,1951
41086,2060
41087,140
41088,1007
41089,18
41091,1238
41093,1993
41095,2266
41096,1767
41097,1352
41098,238
41099,238
41100,2376
41102,1417
41103,1416
41104,1415
41105,2378
41106,1415
41107,1415
41108,1413
41109,1415
41110,1413
41111,1417
41112,1415
41113,2053
41114,1681
41115,1291
41119,1007
41121,389
41122,388
41123,388
41127,1517
41128,1517
41135,2685
41138,2581
41139,498
41140,498
41141,1683
41143,1954
41147,2328
41149,229
41152,482
41155,1362
41156,1362
41158,351
41159,1782
41172,586
41173,203
41174,2693
41175,959
41176,318
41179,2055
41180,2055
41182,380
41183,1423
41184,2011
41196,2069
41198,1436
41199,1410
41201,2642
41202,2642
41203,933
41210,47
41216,488
41217,1507
41221,855
41222,208
41223,1657
41225,738
41226,1885
41227,1885
41228,1241
41230,2187
41231,1121
41234,1528
41235,1528
41236,1261
41237,2375
41238,2348
41239,1272
41243,1094
41246,297
41247,836
41251,2666
41255,1593
41260,338
41262,1082
41264,1103
41270,1603
41276,2344
41277,1276
41281,602
41285,697
41291,697
41292,384
41295,732
41296,732
41318,1046
41325,84
41326,84
41327,2545
41328,2545
41329,1956
41330,1956
41340,849
41348,682
41349,769
41351,769
41353,769
41354,769
41362,1303
41363,1303
41367,801
41382,788
41385,2027
41388,2188
41389,2100
41390,2100
41391,52
41392,52
41393,52
41394,1205
41395,1205
41396,1205
41403,1597
41404,1597
41405,1597
41406,1597
41414,2081
41415,1240
41416,1240
41417,1240
41418,2222
41422,245
41429,1716
41432,448
41435,184
41436,184
41443,191
41444,2254
41445,2254
41446,1770
41447,1638
41449,2182
41451,1948
41455,502
41458,566
41459,566
41460,567
41461,567
41462,567
41466,1656
41467,1656
41471,1733
41473,2671
41474,2671
41475,2671
41476,2252
41477,1538
41478,2252
41479,1223
41480,1654
41481,414
41492,1614
41493,123
41494,1992
41497,181
41498,2071
41500,547
41502,1843
41503,1665
41504,1665
41506,1720
41507,471
41508,1064
41509,1720
41511,1413
41512,1123
41513,768
41514,2176
41516,549
41517,82
41518,2216
41519,1617
41520,1889
41521,403
41522,170
41524,961
41525,961
41527,509
41528,1444
41529,1444
41530,471
41531,790
41532,1457
41533,1126
41534,184
41536,332
41537,332
41538,1413
41539,1413
41540,1376
41541,2187
41542,404
41543,1970
41544,2646
41545,790
41546,1045
41547,2014
41548,1505
41549,903
41550,2024
41551,1118
41552,1029
41554,837
41556,1006
41557,1006
41558,722
41559,224
41560,991
41561,974
41562,681
41563,681
41564,2571
41565,2571
41567,390
41568,1645
41569,793
41570,479
41571,1677
41572,861
41573,861
41574,1264
41575,1264
41576,885
41577,885
41578,2053
41579,885
41580,1159
41581,1751
41582,2155
41583,2155
41584,1603
41585,1365
41586,1413
41587,1413
41588,205
41589,2677
41590,294
41591,1413
41593,2337
41594,1958
41595,1958
41597,1789
41598,1123
41599,1695
41600,1731
41601,1731
41603,1475
41604,365
41605,512
41606,1969
41607,1969
41608,1969
41609,915
41610,1032
41611,2051
41612,2051
41613,2051
41614,2254
41615,1671
41616,2557
41617,961
41620,2108
41627,2581
41628,549
41629,1123
41630,1123
41633,1686
41634,1086
41635,1086
41636,39
41637,1048
41638,1116
41642,2174
41643,924
41644,1194
41645,588
41646,786
41647,2242
41648,673
41650,831
41651,1207
41656,2350
41658,1827
41659,1827
41665,2563
41681,1487
41683,1753
41688,512
41691,336
41692,2316
41698,2369
41699,948
41707,2225
41709,2227
41711,1936
41712,1101
41726,2207
41727,1527
41729,1529
41730,1494
41731,1494
41732,2450
41733,1129
41734,1494
41735,329
41736,1185
41737,1468
41740,2209
41752,1511
41764,86
41766,2386
41782,2430
41783,194
41784,194
41787,1815
41788,1815
41792,1186
41793,1186
41794,1763
41795,1763
41798,4
41800,695
41801,1473
41802,2165
41803,1798
41804,1799
41805,1797
41806,2050
41807,691
41808,691
41809,1539
41810,379
41813,1209
41840,2277
41845,2215
41847,834
41848,116
41849,834
41850,267
41851,269
41858,2293
41859,1511
41861,1013
41863,1591
41864,1184
41865,539
41866,540
41868,1084
41869,1084
41870,1002
41872,834
41875,2183
41878,2318
41879,2023
41880,2359
41885,1002
41887,975
41889,13
41891,2564
41894,2320
41895,2320
41902,2028
41906,276
41907,1964
41911,1672
41925,2301
41926,2484
41932,1603
41936,2037
41940,2326
41941,2199
41943,1599
41944,2358
41947,2590
41949,546
41953,2409
41954,2469
41955,2469
41956,39
41957,287
41967,369
41968,2373
41969,881
41970,881
41971,1583
41972,144
41974,1125
41975,1400
41976,2469
41977,1236
41978,2336
41979,982
41980,982
41982,1651
41983,1652
41984,1371
41985,419
41986,644
41987,881
41988,881
41989,112
41990,2003
41994,652
41995,401
41996,1605
41997,1605
41998,129
42010,1502
42011,1504
42012,1508
42013,1508
42014,1508
42015,1947
42016,1603
42017,311
42018,1947
42019,779
42020,1717
42021,2657
42023,2419
42024,728
42025,1130
42026,2138
42028,2473
42029,805
42031,96
42032,2433
42033,40
42034,454
42035,454
42036,2224
42037,2224
42038,2483
42040,723
42041,673
42042,1419
42043,1419
42045,2138
42046,2472
42048,39
42049,1966
42052,778
42055,2382
42056,2382
42059,1452
42060,2490
42061,2490
42071,2422
42077,1218
42091,2171
42095,637
42102,1290
42103,2443
42109,936
42111,1234
42116,955
42145,1968
42150,631
42152,588
42154,1820
42157,898
42159,1380
42171,891
42189,500
42191,1
42192,1429
42193,2449
42194,1350
42196,171
42197,1240
42198,2410
42199,2445
42200,737
42201,1164
42204,2645
42208,2511
42219,410
42220,1329
42224,1656
42238,769
42239,769
42240,769
42241,769
42246,2480
42248,877
42249,2635
42253,766
42254,765
42256,1167
42260,455
42262,1712
42264,850
42268,1291
42270,174
42272,33
42279,2308
42280,481
42282,201
42283,2615
42285,1738
42290,93
42292,1153
42300,865
42303,2143
42304,1472
42307,1534
42308,1543
42309,508
42310,1934
42311,713
42312,713
42313,2145
42314,1731
42315,1731
42316,1247
42317,1247
42318,2280
42319,2057
42321,159
42322,159
42323,990
42324,990
42335,1848
42337,990
42338,1016
42340,529
42341,1985
42342,1984
42343,159
42344,1553
42347,1172
42348,813
42349,813
42350,2136
42351,14
42352,548
42356,2403
42357,2403
42358,110
42360,2555
42362,676
42370,1915
42373,2091
42375,2085
42379,1352
42381,2383
42383,588
42384,515
42385,588
42388,240
42389,240
42391,587
42393,365
42394,1641
42395,365
42396,372
42397,1291
42398,2406
42399,2405
42400,2405
42401,94
42402,366
42403,1366
42405,1389
42409,133
42412,49
42417,1623
42421,1083
42422,1891
42423,1076
42424,769
42427,2025
42429,2481
42430,1179
42434,1809
42435,148
42436,499
42441,131
42443,1451
42444,1450
42444,939
42444,835
42448,769
42453,1385
42454,2423
42455,1806
42458,1975
42459,2421
42466,2667
42472,2086
42482,458
42484,1608
42486,1987
42503,692
42511,2493
42512,1604
42528,655
42529,430
42531,1926
42554,1291
42555,1291
42556,1120
42557,1676
42560,2125
42562,2283
42564,2573
42566,2557
42568,2347
42570,1517
42571,1517
42573,1330
42574,1422
42575,1844
42576,361
42577,383
42578,1027
42579,359
42580,360
42581,2173
42582,1026
42585,846
42590,182
42591,182
42592,308
42593,1358
42594,2033
42636,984
42646,187
42650,2652
42651,348
42652,1997
42653,908
42654,988
42663,858
42669,1817
42670,679
42671,1294
42672,2034
42674,253
42676,145
42677,490
42678,2061
42681,98
42682,531
42683,505
42684,570
42685,1065
42686,2599
42687,531
42689,2479
42690,15
42691,279
42692,1804
42693,2234
42694,2214
42696,1801
42697,1206
42698,531
42701,790
42702,2276
42703,2276
42704,600
42709,60
42710,1127
42713,2218
42715,310
42716,310
42721,702
42723,2408
42725,442
42726,441
42726,202
42727,1648
42730,1552
42733,232
42734,232
42737,1919
42739,717
42740,1068
42742,1072
42758,80
42759,1091
42763,1277
42764,2040
42767,2566
42768,2566
42769,1092
42772,670
42773,670
42774,670
42782,459
42787,2129
42788,1369
42789,1368
42791,1255
42792,1158
42793,2422
42795,644
42810,163
42814,2315
42816,200
42823,1947
42824,2186
42826,371
42827,2295
42828,121
42829,2248
42834,288
42835,1319
42838,154
42839,154
42840,1723
42844,117
42846,203
42848,1660
42849,990
42851,1053
42853,2446
42854,1875
42855,2476
42856,369
42859,336
42861,2560
42863,322
42864,606
42866,2546
42869,251
42886,68
42887,68
42895,621
42914,429
42915,1766
42930,2597
42931,1673
42935,1337
42936,1338
42937,1291
42939,240
42941,1021
42952,416
42955,241
42956,653
42957,1118
42958,226
42959,263
42960,1478
42961,65
42967,1030
42978,2411
42979,2676
42980,957
42981,2675
42982,1585
42983,734
42984,1375
42985,1484
42986,786
42989,2147
42991,944
42996,2559
42997,2559
43002,1178
43014,1939
43808,2068
44560,2068
44647,2068
45224,2101
45255,2113
46066,2103
49555,2107
51197,2068
52465,2113
52466,2113
52467,2113
52563,2095
52585,2098
52862,2096
52910,2094
52978,2113
52979,2113
52980,2113
52981,2113
53494,2068
53534,2117
53761,2068
53868,894
57653,2108
57690,2108
61399,2108
61747,2108
67198,2068
74095,1491
81708,2107
82251,2097
84629,2089
86117,2107
86172,2107
88586,2107
89252,2076
89253,2076
89254,2077
89255,2077
89256,2078
89257,2078
