customer_id,member_no,level,points,join_date
1,M20250001,gold,1200,2025-10-02
2,M20250002,silver,450,2025-10-04
2001,M2001,bronze,100,2026-02-01
2002,M2002,bronze,117,2026-02-02
2003,M2003,bronze,134,2026-02-03
2004,M2004,bronze,151,2026-02-04
2005,M2005,bronze,168,2026-02-05
2006,M2006,bronze,185,2026-02-06
2007,M2007,bronze,202,2026-02-07
2008,M2008,bronze,219,2026-02-08
2009,M2009,bronze,236,2026-02-09
2010,M2010,bronze,253,2026-02-10
2011,M2011,bronze,270,2026-02-11
2012,M2012,bronze,287,2026-02-12
2013,M2013,bronze,304,2026-02-13
2014,M2014,bronze,321,2026-02-14
2015,M2015,bronze,338,2026-02-15
2016,M2016,bronze,355,2026-02-16
2017,M2017,bronze,372,2026-02-17
2018,M2018,bronze,389,2026-02-18
2019,M2019,bronze,406,2026-02-19
2020,M2020,bronze,423,2026-02-20
2021,M2021,bronze,440,2026-02-21
2022,M2022,bronze,457,2026-02-22
2023,M2023,bronze,474,2026-02-23
2024,M2024,bronze,491,2026-02-24
2025,M2025,bronze,508,2026-02-25
2026,M2026,bronze,525,2026-02-26
2027,M2027,bronze,542,2026-02-27
2028,M2028,bronze,559,2026-02-28
2029,M2029,bronze,576,2026-02-01
2030,M2030,bronze,593,2026-02-02
2031,M2031,bronze,610,2026-02-03
2032,M2032,bronze,627,2026-02-04
2033,M2033,bronze,644,2026-02-05
2034,M2034,bronze,661,2026-02-06
2035,M2035,bronze,678,2026-02-07
2036,M2036,bronze,695,2026-02-08
2037,M2037,bronze,712,2026-02-09
2038,M2038,bronze,729,2026-02-10
2039,M2039,bronze,746,2026-02-11
2040,M2040,bronze,763,2026-02-12
2041,M2041,bronze,780,2026-02-13
2042,M2042,bronze,797,2026-02-14
2043,M2043,bronze,814,2026-02-15
2044,M2044,bronze,831,2026-02-16
2045,M2045,bronze,848,2026-02-17
2046,M2046,bronze,865,2026-02-18
2047,M2047,bronze,882,2026-02-19
2048,M2048,bronze,899,2026-02-20
2049,M2049,bronze,916,2026-02-21
2050,M2050,bronze,933,2026-02-22
2051,M2051,bronze,950,2026-02-23
2052,M2052,bronze,967,2026-02-24
2053,M2053,bronze,984,2026-02-25
2054,M2054,bronze,1001,2026-02-26
2055,M2055,bronze,1018,2026-02-27
2056,M2056,bronze,1035,2026-02-28
2057,M2057,bronze,1052,2026-02-01
2058,M2058,bronze,1069,2026-02-02
2059,M2059,bronze,1086,2026-02-03
2060,M2060,bronze,1103,2026-02-04
2061,M2061,bronze,1120,2026-02-05
2062,M2062,bronze,1137,2026-02-06
2063,M2063,bronze,1154,2026-02-07
2064,M2064,bronze,1171,2026-02-08
2065,M2065,bronze,1188,2026-02-09
2066,M2066,bronze,1205,2026-02-10
2067,M2067,bronze,1222,2026-02-11
2068,M2068,bronze,1239,2026-02-12
2069,M2069,bronze,1256,2026-02-13
2070,M2070,bronze,1273,2026-02-14
2071,M2071,bronze,1290,2026-02-15
2072,M2072,bronze,1307,2026-02-16
2073,M2073,bronze,1324,2026-02-17
2074,M2074,bronze,1341,2026-02-18
2075,M2075,bronze,1358,2026-02-19
2076,M2076,bronze,1375,2026-02-20
2077,M2077,bronze,1392,2026-02-21
2078,M2078,bronze,1409,2026-02-22
2079,M2079,bronze,1426,2026-02-23
2080,M2080,bronze,1443,2026-02-24
2081,M2081,bronze,1460,2026-02-25
2082,M2082,bronze,1477,2026-02-26
2083,M2083,bronze,1494,2026-02-27
2084,M2084,bronze,1511,2026-02-28
2085,M2085,bronze,1528,2026-02-01
2086,M2086,bronze,1545,2026-02-02
2087,M2087,bronze,1562,2026-02-03
2088,M2088,bronze,1579,2026-02-04
2089,M2089,bronze,1596,2026-02-05
2090,M2090,bronze,1613,2026-02-06
2091,M2091,bronze,1630,2026-02-07
2092,M2092,bronze,1647,2026-02-08
2093,M2093,bronze,1664,2026-02-09
2094,M2094,bronze,1681,2026-02-10
2095,M2095,bronze,1698,2026-02-11
2096,M2096,bronze,1715,2026-02-12
2097,M2097,bronze,1732,2026-02-13
2098,M2098,bronze,1749,2026-02-14
2099,M2099,bronze,1766,2026-02-15
2100,M2100,bronze,1783,2026-02-16
2101,M2101,bronze,1800,2026-02-17
2102,M2102,bronze,1817,2026-02-18
2103,M2103,bronze,1834,2026-02-19
2104,M2104,bronze,1851,2026-02-20
2105,M2105,bronze,1868,2026-02-21
2106,M2106,bronze,1885,2026-02-22
2107,M2107,bronze,1902,2026-02-23
2108,M2108,bronze,1919,2026-02-24
2109,M2109,bronze,1936,2026-02-25
2110,M2110,bronze,1953,2026-02-26
2111,M2111,bronze,1970,2026-02-27
2112,M2112,bronze,1987,2026-02-28
2113,M2113,bronze,2004,2026-02-01
2114,M2114,bronze,2021,2026-02-02
2115,M2115,bronze,2038,2026-02-03
2116,M2116,bronze,2055,2026-02-04
2117,M2117,bronze,2072,2026-02-05
2118,M2118,bronze,2089,2026-02-06
2119,M2119,bronze,2106,2026-02-07
2120,M2120,bronze,2123,2026-02-08
2121,M2121,bronze,2140,2026-02-09
2122,M2122,bronze,2157,2026-02-10
2123,M2123,bronze,2174,2026-02-11
2124,M2124,bronze,2191,2026-02-12
2125,M2125,bronze,2208,2026-02-13
2126,M2126,bronze,2225,2026-02-14
2127,M2127,bronze,2242,2026-02-15
2128,M2128,bronze,2259,2026-02-16
2129,M2129,bronze,2276,2026-02-17
2130,M2130,bronze,2293,2026-02-18
2131,M2131,bronze,2310,2026-02-19
2132,M2132,bronze,2327,2026-02-20
2133,M2133,bronze,2344,2026-02-21
2134,M2134,bronze,2361,2026-02-22
2135,M2135,bronze,2378,2026-02-23
2136,M2136,bronze,2395,2026-02-24
2137,M2137,bronze,2412,2026-02-25
2138,M2138,bronze,2429,2026-02-26
2139,M2139,bronze,2446,2026-02-27
2140,M2140,bronze,2463,2026-02-28
2141,M2141,bronze,2480,2026-02-01
2142,M2142,bronze,2497,2026-02-02
2143,M2143,bronze,2514,2026-02-03
2144,M2144,bronze,2531,2026-02-04
2145,M2145,bronze,2548,2026-02-05
2146,M2146,bronze,2565,2026-02-06
2147,M2147,bronze,2582,2026-02-07
2148,M2148,bronze,2599,2026-02-08
2149,M2149,bronze,2616,2026-02-09
2150,M2150,bronze,2633,2026-02-10
2151,M2151,bronze,2650,2026-02-11
2152,M2152,bronze,2667,2026-02-12
2153,M2153,bronze,2684,2026-02-13
2154,M2154,bronze,2701,2026-02-14
2155,M2155,bronze,2718,2026-02-15
2156,M2156,bronze,2735,2026-02-16
2157,M2157,bronze,2752,2026-02-17
2158,M2158,bronze,2769,2026-02-18
2159,M2159,bronze,2786,2026-02-19
2160,M2160,bronze,2803,2026-02-20
2161,M2161,bronze,2820,2026-02-21
2162,M2162,bronze,2837,2026-02-22
2163,M2163,bronze,2854,2026-02-23
2164,M2164,bronze,2871,2026-02-24
2165,M2165,bronze,2888,2026-02-25
2166,M2166,bronze,2905,2026-02-26
2167,M2167,bronze,2922,2026-02-27
2168,M2168,bronze,2939,2026-02-28
2169,M2169,bronze,2956,2026-02-01
2170,M2170,bronze,2973,2026-02-02
2171,M2171,bronze,2990,2026-02-03
2172,M2172,bronze,3007,2026-02-04
2173,M2173,bronze,3024,2026-02-05
2174,M2174,bronze,3041,2026-02-06
2175,M2175,bronze,3058,2026-02-07
2176,M2176,bronze,3075,2026-02-08
2177,M2177,bronze,3092,2026-02-09
2178,M2178,bronze,3109,2026-02-10
2179,M2179,bronze,3126,2026-02-11
2180,M2180,bronze,3143,2026-02-12
2181,M2181,bronze,3160,2026-02-13
2182,M2182,bronze,3177,2026-02-14
2183,M2183,bronze,3194,2026-02-15
2184,M2184,bronze,3211,2026-02-16
2185,M2185,bronze,3228,2026-02-17
2186,M2186,bronze,3245,2026-02-18
2187,M2187,bronze,3262,2026-02-19
2188,M2188,bronze,3279,2026-02-20
2189,M2189,bronze,3296,2026-02-21
2190,M2190,bronze,3313,2026-02-22
2191,M2191,bronze,3330,2026-02-23
2192,M2192,bronze,3347,2026-02-24
2193,M2193,bronze,3364,2026-02-25
2194,M2194,bronze,3381,2026-02-26
2195,M2195,bronze,3398,2026-02-27
2196,M2196,bronze,3415,2026-02-28
2197,M2197,bronze,3432,2026-02-01
2198,M2198,bronze,3449,2026-02-02
2199,M2199,bronze,3466,2026-02-03
2200,M2200,bronze,3483,2026-02-04
2201,M2201,bronze,3500,2026-02-05
2202,M2202,bronze,3517,2026-02-06
2203,M2203,bronze,3534,2026-02-07
2204,M2204,bronze,3551,2026-02-08
2205,M2205,bronze,3568,2026-02-09
2206,M2206,bronze,3585,2026-02-10
2207,M2207,bronze,3602,2026-02-11
2208,M2208,bronze,3619,2026-02-12
2209,M2209,bronze,3636,2026-02-13
2210,M2210,bronze,3653,2026-02-14
2211,M2211,bronze,3670,2026-02-15
2212,M2212,bronze,3687,2026-02-16
2213,M2213,bronze,3704,2026-02-17
2214,M2214,bronze,3721,2026-02-18
2215,M2215,bronze,3738,2026-02-19
2216,M2216,bronze,3755,2026-02-20
2217,M2217,bronze,3772,2026-02-21
2218,M2218,bronze,3789,2026-02-22
2219,M2219,bronze,3806,2026-02-23
2220,M2220,bronze,3823,2026-02-24
2221,M2221,bronze,3840,2026-02-25
2222,M2222,bronze,3857,2026-02-26
2223,M2223,bronze,3874,2026-02-27
2224,M2224,bronze,3891,2026-02-28
2225,M2225,bronze,3908,2026-02-01
2226,M2226,bronze,3925,2026-02-02
2227,M2227,bronze,3942,2026-02-03
2228,M2228,bronze,3959,2026-02-04
2229,M2229,bronze,3976,2026-02-05
2230,M2230,bronze,3993,2026-02-06
2231,M2231,bronze,4010,2026-02-07
2232,M2232,bronze,4027,2026-02-08
2233,M2233,bronze,4044,2026-02-09
2234,M2234,bronze,4061,2026-02-10
2235,M2235,bronze,4078,2026-02-11
2236,M2236,bronze,4095,2026-02-12
2237,M2237,bronze,4112,2026-02-13
2238,M2238,bronze,4129,2026-02-14
2239,M2239,bronze,4146,2026-02-15
2240,M2240,bronze,4163,2026-02-16
2241,M2241,bronze,4180,2026-02-17
2242,M2242,bronze,4197,2026-02-18
2243,M2243,bronze,4214,2026-02-19
2244,M2244,bronze,4231,2026-02-20
2245,M2245,bronze,4248,2026-02-21
2246,M2246,bronze,4265,2026-02-22
2247,M2247,bronze,4282,2026-02-23
2248,M2248,bronze,4299,2026-02-24
2249,M2249,bronze,4316,2026-02-25
2250,M2250,bronze,4333,2026-02-26
2251,M2251,bronze,4350,2026-02-27
2252,M2252,bronze,4367,2026-02-28
2253,M2253,bronze,4384,2026-02-01
2254,M2254,bronze,4401,2026-02-02
2255,M2255,bronze,4418,2026-02-03
2256,M2256,bronze,4435,2026-02-04
2257,M2257,bronze,4452,2026-02-05
2258,M2258,bronze,4469,2026-02-06
2259,M2259,bronze,4486,2026-02-07
2260,M2260,bronze,4503,2026-02-08
2261,M2261,bronze,4520,2026-02-09
2262,M2262,bronze,4537,2026-02-10
2263,M2263,bronze,4554,2026-02-11
2264,M2264,bronze,4571,2026-02-12
2265,M2265,bronze,4588,2026-02-13
2266,M2266,bronze,4605,2026-02-14
2267,M2267,bronze,4622,2026-02-15
2268,M2268,bronze,4639,2026-02-16
2269,M2269,bronze,4656,2026-02-17
2270,M2270,bronze,4673,2026-02-18
2271,M2271,bronze,4690,2026-02-19
2272,M2272,bronze,4707,2026-02-20
2273,M2273,bronze,4724,2026-02-21
2274,M2274,bronze,4741,2026-02-22
2275,M2275,bronze,4758,2026-02-23
2276,M2276,bronze,4775,2026-02-24
2277,M2277,bronze,4792,2026-02-25
2278,M2278,bronze,4809,2026-02-26
2279,M2279,bronze,4826,2026-02-27
2280,M2280,bronze,4843,2026-02-28
2281,M2281,bronze,4860,2026-02-01
2282,M2282,bronze,4877,2026-02-02
2283,M2283,bronze,4894,2026-02-03
2284,M2284,bronze,4911,2026-02-04
2285,M2285,bronze,4928,2026-02-05
2286,M2286,bronze,4945,2026-02-06
2287,M2287,bronze,4962,2026-02-07
2288,M2288,bronze,4979,2026-02-08
2289,M2289,bronze,4996,2026-02-09
2290,M2290,bronze,5013,2026-02-10
2291,M2291,bronze,5030,2026-02-11
2292,M2292,bronze,5047,2026-02-12
2293,M2293,bronze,5064,2026-02-13
2294,M2294,bronze,5081,2026-02-14
2295,M2295,bronze,5098,2026-02-15
2296,M2296,bronze,115,2026-02-16
2297,M2297,bronze,132,2026-02-17
2298,M2298,bronze,149,2026-02-18
2299,M2299,bronze,166,2026-02-19
2300,M2300,bronze,183,2026-02-20
2301,M2301,bronze,200,2026-02-21
2302,M2302,bronze,217,2026-02-22
2303,M2303,bronze,234,2026-02-23
2304,M2304,bronze,251,2026-02-24
2305,M2305,bronze,268,2026-02-25
2306,M2306,bronze,285,2026-02-26
2307,M2307,bronze,302,2026-02-27
2308,M2308,bronze,319,2026-02-28
2309,M2309,bronze,336,2026-02-01
2310,M2310,bronze,353,2026-02-02
2311,M2311,bronze,370,2026-02-03
2312,M2312,bronze,387,2026-02-04
2313,M2313,bronze,404,2026-02-05
2314,M2314,bronze,421,2026-02-06
2315,M2315,bronze,438,2026-02-07
2316,M2316,bronze,455,2026-02-08
2317,M2317,bronze,472,2026-02-09
2318,M2318,bronze,489,2026-02-10
2319,M2319,bronze,506,2026-02-11
2320,M2320,bronze,523,2026-02-12
2321,M2321,bronze,540,2026-02-13
2322,M2322,bronze,557,2026-02-14
2323,M2323,bronze,574,2026-02-15
2324,M2324,bronze,591,2026-02-16
2325,M2325,bronze,608,2026-02-17
2326,M2326,bronze,625,2026-02-18
2327,M2327,bronze,642,2026-02-19
2328,M2328,bronze,659,2026-02-20
2329,M2329,bronze,676,2026-02-21
2330,M2330,bronze,693,2026-02-22
2331,M2331,bronze,710,2026-02-23
2332,M2332,bronze,727,2026-02-24
2333,M2333,bronze,744,2026-02-25
2334,M2334,bronze,761,2026-02-26
2335,M2335,bronze,778,2026-02-27
2336,M2336,bronze,795,2026-02-28
2337,M2337,bronze,812,2026-02-01
2338,M2338,bronze,829,2026-02-02
2339,M2339,bronze,846,2026-02-03
2340,M2340,bronze,863,2026-02-04
2341,M2341,bronze,880,2026-02-05
2342,M2342,bronze,897,2026-02-06
2343,M2343,bronze,914,2026-02-07
2344,M2344,bronze,931,2026-02-08
2345,M2345,bronze,948,2026-02-09
2346,M2346,bronze,965,2026-02-10
2347,M2347,bronze,982,2026-02-11
2348,M2348,bronze,999,2026-02-12
2349,M2349,bronze,1016,2026-02-13
2350,M2350,bronze,1033,2026-02-14
2351,M2351,bronze,1050,2026-02-15
2352,M2352,bronze,1067,2026-02-16
2353,M2353,bronze,1084,2026-02-17
2354,M2354,bronze,1101,2026-02-18
2355,M2355,bronze,1118,2026-02-19
2356,M2356,bronze,1135,2026-02-20
2357,M2357,bronze,1152,2026-02-21
2358,M2358,bronze,1169,2026-02-22
2359,M2359,bronze,1186,2026-02-23
2360,M2360,bronze,1203,2026-02-24
2361,M2361,bronze,1220,2026-02-25
2362,M2362,bronze,1237,2026-02-26
2363,M2363,bronze,1254,2026-02-27
2364,M2364,bronze,1271,2026-02-28
2365,M2365,bronze,1288,2026-02-01
2366,M2366,bronze,1305,2026-02-02
2367,M2367,bronze,1322,2026-02-03
2368,M2368,bronze,1339,2026-02-04
2369,M2369,bronze,1356,2026-02-05
2370,M2370,bronze,1373,2026-02-06
2371,M2371,bronze,1390,2026-02-07
2372,M2372,bronze,1407,2026-02-08
2373,M2373,bronze,1424,2026-02-09
2374,M2374,bronze,1441,2026-02-10
2375,M2375,bronze,1458,2026-02-11
2376,M2376,bronze,1475,2026-02-12
2377,M2377,bronze,1492,2026-02-13
2378,M2378,bronze,1509,2026-02-14
2379,M2379,bronze,1526,2026-02-15
2380,M2380,bronze,1543,2026-02-16
2381,M2381,bronze,1560,2026-02-17
2382,M2382,bronze,1577,2026-02-18
2383,M2383,bronze,1594,2026-02-19
2384,M2384,bronze,1611,2026-02-20
2385,M2385,bronze,1628,2026-02-21
2386,M2386,bronze,1645,2026-02-22
2387,M2387,bronze,1662,2026-02-23
2388,M2388,bronze,1679,2026-02-24
2389,M2389,bronze,1696,2026-02-25
2390,M2390,bronze,1713,2026-02-26
2391,M2391,bronze,1730,2026-02-27
2392,M2392,bronze,1747,2026-02-28
2393,M2393,bronze,1764,2026-02-01
2394,M2394,bronze,1781,2026-02-02
2395,M2395,bronze,1798,2026-02-03
2396,M2396,bronze,1815,2026-02-04
2397,M2397,bronze,1832,2026-02-05
2398,M2398,bronze,1849,2026-02-06
2399,M2399,bronze,1866,2026-02-07
2400,M2400,bronze,1883,2026-02-08
2401,M2401,bronze,1900,2026-02-09
2402,M2402,bronze,1917,2026-02-10
2403,M2403,bronze,1934,2026-02-11
2404,M2404,bronze,1951,2026-02-12
2405,M2405,bronze,1968,2026-02-13
2406,M2406,bronze,1985,2026-02-14
2407,M2407,bronze,2002,2026-02-15
2408,M2408,bronze,2019,2026-02-16
2409,M2409,bronze,2036,2026-02-17
2410,M2410,bronze,2053,2026-02-18
2411,M2411,bronze,2070,2026-02-19
2412,M2412,bronze,2087,2026-02-20
2413,M2413,bronze,2104,2026-02-21
2414,M2414,bronze,2121,2026-02-22
2415,M2415,bronze,2138,2026-02-23
2416,M2416,bronze,2155,2026-02-24
2417,M2417,bronze,2172,2026-02-25
2418,M2418,bronze,2189,2026-02-26
2419,M2419,bronze,2206,2026-02-27
2420,M2420,bronze,2223,2026-02-28
2421,M2421,bronze,2240,2026-02-01
2422,M2422,bronze,2257,2026-02-02
2423,M2423,bronze,2274,2026-02-03
2424,M2424,bronze,2291,2026-02-04
2425,M2425,bronze,2308,2026-02-05
2426,M2426,bronze,2325,2026-02-06
2427,M2427,bronze,2342,2026-02-07
2428,M2428,bronze,2359,2026-02-08
2429,M2429,bronze,2376,2026-02-09
2430,M2430,bronze,2393,2026-02-10
2431,M2431,bronze,2410,2026-02-11
2432,M2432,bronze,2427,2026-02-12
2433,M2433,bronze,2444,2026-02-13
2434,M2434,bronze,2461,2026-02-14
2435,M2435,bronze,2478,2026-02-15
2436,M2436,bronze,2495,2026-02-16
2437,M2437,bronze,2512,2026-02-17
2438,M2438,bronze,2529,2026-02-18
2439,M2439,bronze,2546,2026-02-19
2440,M2440,bronze,2563,2026-02-20
2441,M2441,bronze,2580,2026-02-21
2442,M2442,bronze,2597,2026-02-22
2443,M2443,bronze,2614,2026-02-23
2444,M2444,bronze,2631,2026-02-24
2445,M2445,bronze,2648,2026-02-25
2446,M2446,bronze,2665,2026-02-26
2447,M2447,bronze,2682,2026-02-27
2448,M2448,bronze,2699,2026-02-28
2449,M2449,bronze,2716,2026-02-01
2450,M2450,bronze,2733,2026-02-02
2451,M2451,silver,2750,2026-02-03
2452,M2452,silver,2767,2026-02-04
2453,M2453,silver,2784,2026-02-05
2454,M2454,silver,2801,2026-02-06
2455,M2455,silver,2818,2026-02-07
2456,M2456,silver,2835,2026-02-08
2457,M2457,silver,2852,2026-02-09
2458,M2458,silver,2869,2026-02-10
2459,M2459,silver,2886,2026-02-11
2460,M2460,silver,2903,2026-02-12
2461,M2461,silver,2920,2026-02-13
2462,M2462,silver,2937,2026-02-14
2463,M2463,silver,2954,2026-02-15
2464,M2464,silver,2971,2026-02-16
2465,M2465,silver,2988,2026-02-17
2466,M2466,silver,3005,2026-02-18
2467,M2467,silver,3022,2026-02-19
2468,M2468,silver,3039,2026-02-20
2469,M2469,silver,3056,2026-02-21
2470,M2470,silver,3073,2026-02-22
2471,M2471,silver,3090,2026-02-23
2472,M2472,silver,3107,2026-02-24
2473,M2473,silver,3124,2026-02-25
2474,M2474,silver,3141,2026-02-26
2475,M2475,silver,3158,2026-02-27
2476,M2476,silver,3175,2026-02-28
2477,M2477,silver,3192,2026-02-01
2478,M2478,silver,3209,2026-02-02
2479,M2479,silver,3226,2026-02-03
2480,M2480,silver,3243,2026-02-04
2481,M2481,silver,3260,2026-02-05
2482,M2482,silver,3277,2026-02-06
2483,M2483,silver,3294,2026-02-07
2484,M2484,silver,3311,2026-02-08
2485,M2485,silver,3328,2026-02-09
2486,M2486,silver,3345,2026-02-10
2487,M2487,silver,3362,2026-02-11
2488,M2488,silver,3379,2026-02-12
2489,M2489,silver,3396,2026-02-13
2490,M2490,silver,3413,2026-02-14
2491,M2491,silver,3430,2026-02-15
2492,M2492,silver,3447,2026-02-16
2493,M2493,silver,3464,2026-02-17
2494,M2494,silver,3481,2026-02-18
2495,M2495,silver,3498,2026-02-19
2496,M2496,silver,3515,2026-02-20
2497,M2497,silver,3532,2026-02-21
2498,M2498,silver,3549,2026-02-22
2499,M2499,silver,3566,2026-02-23
2500,M2500,silver,3583,2026-02-24
2501,M2501,silver,3600,2026-02-25
2502,M2502,silver,3617,2026-02-26
2503,M2503,silver,3634,2026-02-27
2504,M2504,silver,3651,2026-02-28
2505,M2505,silver,3668,2026-02-01
2506,M2506,silver,3685,2026-02-02
2507,M2507,silver,3702,2026-02-03
2508,M2508,silver,3719,2026-02-04
2509,M2509,silver,3736,2026-02-05
2510,M2510,silver,3753,2026-02-06
2511,M2511,silver,3770,2026-02-07
2512,M2512,silver,3787,2026-02-08
2513,M2513,silver,3804,2026-02-09
2514,M2514,silver,3821,2026-02-10
2515,M2515,silver,3838,2026-02-11
2516,M2516,silver,3855,2026-02-12
2517,M2517,silver,3872,2026-02-13
2518,M2518,silver,3889,2026-02-14
2519,M2519,silver,3906,2026-02-15
2520,M2520,silver,3923,2026-02-16
2521,M2521,silver,3940,2026-02-17
2522,M2522,silver,3957,2026-02-18
2523,M2523,silver,3974,2026-02-19
2524,M2524,silver,3991,2026-02-20
2525,M2525,silver,4008,2026-02-21
2526,M2526,silver,4025,2026-02-22
2527,M2527,silver,4042,2026-02-23
2528,M2528,silver,4059,2026-02-24
2529,M2529,silver,4076,2026-02-25
2530,M2530,silver,4093,2026-02-26
2531,M2531,silver,4110,2026-02-27
2532,M2532,silver,4127,2026-02-28
2533,M2533,silver,4144,2026-02-01
2534,M2534,silver,4161,2026-02-02
2535,M2535,silver,4178,2026-02-03
2536,M2536,silver,4195,2026-02-04
2537,M2537,silver,4212,2026-02-05
2538,M2538,silver,4229,2026-02-06
2539,M2539,silver,4246,2026-02-07
2540,M2540,silver,4263,2026-02-08
2541,M2541,silver,4280,2026-02-09
2542,M2542,silver,4297,2026-02-10
2543,M2543,silver,4314,2026-02-11
2544,M2544,silver,4331,2026-02-12
2545,M2545,silver,4348,2026-02-13
2546,M2546,silver,4365,2026-02-14
2547,M2547,silver,4382,2026-02-15
2548,M2548,silver,4399,2026-02-16
2549,M2549,silver,4416,2026-02-17
2550,M2550,silver,4433,2026-02-18
2551,M2551,silver,4450,2026-02-19
2552,M2552,silver,4467,2026-02-20
2553,M2553,silver,4484,2026-02-21
2554,M2554,silver,4501,2026-02-22
2555,M2555,silver,4518,2026-02-23
2556,M2556,silver,4535,2026-02-24
2557,M2557,silver,4552,2026-02-25
2558,M2558,silver,4569,2026-02-26
2559,M2559,silver,4586,2026-02-27
2560,M2560,silver,4603,2026-02-28
2561,M2561,silver,4620,2026-02-01
2562,M2562,silver,4637,2026-02-02
2563,M2563,silver,4654,2026-02-03
2564,M2564,silver,4671,2026-02-04
2565,M2565,silver,4688,2026-02-05
2566,M2566,silver,4705,2026-02-06
2567,M2567,silver,4722,2026-02-07
2568,M2568,silver,4739,2026-02-08
2569,M2569,silver,4756,2026-02-09
2570,M2570,silver,4773,2026-02-10
2571,M2571,silver,4790,2026-02-11
2572,M2572,silver,4807,2026-02-12
2573,M2573,silver,4824,2026-02-13
2574,M2574,silver,4841,2026-02-14
2575,M2575,silver,4858,2026-02-15
2576,M2576,silver,4875,2026-02-16
2577,M2577,silver,4892,2026-02-17
2578,M2578,silver,4909,2026-02-18
2579,M2579,silver,4926,2026-02-19
2580,M2580,silver,4943,2026-02-20
2581,M2581,silver,4960,2026-02-21
2582,M2582,silver,4977,2026-02-22
2583,M2583,silver,4994,2026-02-23
2584,M2584,silver,5011,2026-02-24
2585,M2585,silver,5028,2026-02-25
2586,M2586,silver,5045,2026-02-26
2587,M2587,silver,5062,2026-02-27
2588,M2588,silver,5079,2026-02-28
2589,M2589,silver,5096,2026-02-01
2590,M2590,silver,113,2026-02-02
2591,M2591,silver,130,2026-02-03
2592,M2592,silver,147,2026-02-04
2593,M2593,silver,164,2026-02-05
2594,M2594,silver,181,2026-02-06
2595,M2595,silver,198,2026-02-07
2596,M2596,silver,215,2026-02-08
2597,M2597,silver,232,2026-02-09
2598,M2598,silver,249,2026-02-10
2599,M2599,silver,266,2026-02-11
2600,M2600,silver,283,2026-02-12
2601,M2601,silver,300,2026-02-13
2602,M2602,silver,317,2026-02-14
2603,M2603,silver,334,2026-02-15
2604,M2604,silver,351,2026-02-16
2605,M2605,silver,368,2026-02-17
2606,M2606,silver,385,2026-02-18
2607,M2607,silver,402,2026-02-19
2608,M2608,silver,419,2026-02-20
2609,M2609,silver,436,2026-02-21
2610,M2610,silver,453,2026-02-22
2611,M2611,silver,470,2026-02-23
2612,M2612,silver,487,2026-02-24
2613,M2613,silver,504,2026-02-25
2614,M2614,silver,521,2026-02-26
2615,M2615,silver,538,2026-02-27
2616,M2616,silver,555,2026-02-28
2617,M2617,silver,572,2026-02-01
2618,M2618,silver,589,2026-02-02
2619,M2619,silver,606,2026-02-03
2620,M2620,silver,623,2026-02-04
2621,M2621,silver,640,2026-02-05
2622,M2622,silver,657,2026-02-06
2623,M2623,silver,674,2026-02-07
2624,M2624,silver,691,2026-02-08
2625,M2625,silver,708,2026-02-09
2626,M2626,silver,725,2026-02-10
2627,M2627,silver,742,2026-02-11
2628,M2628,silver,759,2026-02-12
2629,M2629,silver,776,2026-02-13
2630,M2630,silver,793,2026-02-14
2631,M2631,silver,810,2026-02-15
2632,M2632,silver,827,2026-02-16
2633,M2633,silver,844,2026-02-17
2634,M2634,silver,861,2026-02-18
2635,M2635,silver,878,2026-02-19
2636,M2636,silver,895,2026-02-20
2637,M2637,silver,912,2026-02-21
2638,M2638,silver,929,2026-02-22
2639,M2639,silver,946,2026-02-23
2640,M2640,silver,963,2026-02-24
2641,M2641,silver,980,2026-02-25
2642,M2642,silver,997,2026-02-26
2643,M2643,silver,1014,2026-02-27
2644,M2644,silver,1031,2026-02-28
2645,M2645,silver,1048,2026-02-01
2646,M2646,silver,1065,2026-02-02
2647,M2647,silver,1082,2026-02-03
2648,M2648,silver,1099,2026-02-04
2649,M2649,silver,1116,2026-02-05
2650,M2650,silver,1133,2026-02-06
2651,M2651,silver,1150,2026-02-07
2652,M2652,silver,1167,2026-02-08
2653,M2653,silver,1184,2026-02-09
2654,M2654,silver,1201,2026-02-10
2655,M2655,silver,1218,2026-02-11
2656,M2656,silver,1235,2026-02-12
2657,M2657,silver,1252,2026-02-13
2658,M2658,silver,1269,2026-02-14
2659,M2659,silver,1286,2026-02-15
2660,M2660,silver,1303,2026-02-16
2661,M2661,silver,1320,2026-02-17
2662,M2662,silver,1337,2026-02-18
2663,M2663,silver,1354,2026-02-19
2664,M2664,silver,1371,2026-02-20
2665,M2665,silver,1388,2026-02-21
2666,M2666,silver,1405,2026-02-22
2667,M2667,silver,1422,2026-02-23
2668,M2668,silver,1439,2026-02-24
2669,M2669,silver,1456,2026-02-25
2670,M2670,silver,1473,2026-02-26
2671,M2671,silver,1490,2026-02-27
2672,M2672,silver,1507,2026-02-28
2673,M2673,silver,1524,2026-02-01
2674,M2674,silver,1541,2026-02-02
2675,M2675,silver,1558,2026-02-03
2676,M2676,silver,1575,2026-02-04
2677,M2677,silver,1592,2026-02-05
2678,M2678,silver,1609,2026-02-06
2679,M2679,silver,1626,2026-02-07
2680,M2680,silver,1643,2026-02-08
2681,M2681,silver,1660,2026-02-09
2682,M2682,silver,1677,2026-02-10
2683,M2683,silver,1694,2026-02-11
2684,M2684,silver,1711,2026-02-12
2685,M2685,silver,1728,2026-02-13
2686,M2686,silver,1745,2026-02-14
2687,M2687,silver,1762,2026-02-15
2688,M2688,silver,1779,2026-02-16
2689,M2689,silver,1796,2026-02-17
2690,M2690,silver,1813,2026-02-18
2691,M2691,silver,1830,2026-02-19
2692,M2692,silver,1847,2026-02-20
2693,M2693,silver,1864,2026-02-21
2694,M2694,silver,1881,2026-02-22
2695,M2695,silver,1898,2026-02-23
2696,M2696,silver,1915,2026-02-24
2697,M2697,silver,1932,2026-02-25
2698,M2698,silver,1949,2026-02-26
2699,M2699,silver,1966,2026-02-27
2700,M2700,silver,1983,2026-02-28
2701,M2701,silver,2000,2026-02-01
2702,M2702,silver,2017,2026-02-02
2703,M2703,silver,2034,2026-02-03
2704,M2704,silver,2051,2026-02-04
2705,M2705,silver,2068,2026-02-05
2706,M2706,silver,2085,2026-02-06
2707,M2707,silver,2102,2026-02-07
2708,M2708,silver,2119,2026-02-08
2709,M2709,silver,2136,2026-02-09
2710,M2710,silver,2153,2026-02-10
2711,M2711,silver,2170,2026-02-11
2712,M2712,silver,2187,2026-02-12
2713,M2713,silver,2204,2026-02-13
2714,M2714,silver,2221,2026-02-14
2715,M2715,silver,2238,2026-02-15
2716,M2716,silver,2255,2026-02-16
2717,M2717,silver,2272,2026-02-17
2718,M2718,silver,2289,2026-02-18
2719,M2719,silver,2306,2026-02-19
2720,M2720,silver,2323,2026-02-20
2721,M2721,silver,2340,2026-02-21
2722,M2722,silver,2357,2026-02-22
2723,M2723,silver,2374,2026-02-23
2724,M2724,silver,2391,2026-02-24
2725,M2725,silver,2408,2026-02-25
2726,M2726,silver,2425,2026-02-26
2727,M2727,silver,2442,2026-02-27
2728,M2728,silver,2459,2026-02-28
2729,M2729,silver,2476,2026-02-01
2730,M2730,silver,2493,2026-02-02
2731,M2731,silver,2510,2026-02-03
2732,M2732,silver,2527,2026-02-04
2733,M2733,silver,2544,2026-02-05
2734,M2734,silver,2561,2026-02-06
2735,M2735,silver,2578,2026-02-07
2736,M2736,silver,2595,2026-02-08
2737,M2737,silver,2612,2026-02-09
2738,M2738,silver,2629,2026-02-10
2739,M2739,silver,2646,2026-02-11
2740,M2740,silver,2663,2026-02-12
2741,M2741,silver,2680,2026-02-13
2742,M2742,silver,2697,2026-02-14
2743,M2743,silver,2714,2026-02-15
2744,M2744,silver,2731,2026-02-16
2745,M2745,silver,2748,2026-02-17
2746,M2746,silver,2765,2026-02-18
2747,M2747,silver,2782,2026-02-19
2748,M2748,silver,2799,2026-02-20
2749,M2749,silver,2816,2026-02-21
2750,M2750,silver,2833,2026-02-22
2751,M2751,silver,2850,2026-02-23
2752,M2752,silver,2867,2026-02-24
2753,M2753,silver,2884,2026-02-25
2754,M2754,silver,2901,2026-02-26
2755,M2755,silver,2918,2026-02-27
2756,M2756,silver,2935,2026-02-28
2757,M2757,silver,2952,2026-02-01
2758,M2758,silver,2969,2026-02-02
2759,M2759,silver,2986,2026-02-03
2760,M2760,silver,3003,2026-02-04
2761,M2761,silver,3020,2026-02-05
2762,M2762,silver,3037,2026-02-06
2763,M2763,silver,3054,2026-02-07
2764,M2764,silver,3071,2026-02-08
2765,M2765,silver,3088,2026-02-09
2766,M2766,silver,3105,2026-02-10
2767,M2767,silver,3122,2026-02-11
2768,M2768,silver,3139,2026-02-12
2769,M2769,silver,3156,2026-02-13
2770,M2770,silver,3173,2026-02-14
2771,M2771,silver,3190,2026-02-15
2772,M2772,silver,3207,2026-02-16
2773,M2773,silver,3224,2026-02-17
2774,M2774,silver,3241,2026-02-18
2775,M2775,silver,3258,2026-02-19
2776,M2776,silver,3275,2026-02-20
2777,M2777,silver,3292,2026-02-21
2778,M2778,silver,3309,2026-02-22
2779,M2779,silver,3326,2026-02-23
2780,M2780,silver,3343,2026-02-24
2781,M2781,silver,3360,2026-02-25
2782,M2782,silver,3377,2026-02-26
2783,M2783,silver,3394,2026-02-27
2784,M2784,silver,3411,2026-02-28
2785,M2785,silver,3428,2026-02-01
2786,M2786,silver,3445,2026-02-02
2787,M2787,silver,3462,2026-02-03
2788,M2788,silver,3479,2026-02-04
2789,M2789,silver,3496,2026-02-05
2790,M2790,silver,3513,2026-02-06
2791,M2791,silver,3530,2026-02-07
2792,M2792,silver,3547,2026-02-08
2793,M2793,silver,3564,2026-02-09
2794,M2794,silver,3581,2026-02-10
2795,M2795,silver,3598,2026-02-11
2796,M2796,silver,3615,2026-02-12
2797,M2797,silver,3632,2026-02-13
2798,M2798,silver,3649,2026-02-14
2799,M2799,silver,3666,2026-02-15
2800,M2800,silver,3683,2026-02-16
2801,M2801,silver,3700,2026-02-17
2802,M2802,silver,3717,2026-02-18
2803,M2803,silver,3734,2026-02-19
2804,M2804,silver,3751,2026-02-20
2805,M2805,silver,3768,2026-02-21
2806,M2806,silver,3785,2026-02-22
2807,M2807,silver,3802,2026-02-23
2808,M2808,silver,3819,2026-02-24
2809,M2809,silver,3836,2026-02-25
2810,M2810,silver,3853,2026-02-26
2811,M2811,silver,3870,2026-02-27
2812,M2812,silver,3887,2026-02-28
2813,M2813,silver,3904,2026-02-01
2814,M2814,silver,3921,2026-02-02
2815,M2815,silver,3938,2026-02-03
2816,M2816,silver,3955,2026-02-04
2817,M2817,silver,3972,2026-02-05
2818,M2818,silver,3989,2026-02-06
2819,M2819,silver,4006,2026-02-07
2820,M2820,silver,4023,2026-02-08
2821,M2821,silver,4040,2026-02-09
2822,M2822,silver,4057,2026-02-10
2823,M2823,silver,4074,2026-02-11
2824,M2824,silver,4091,2026-02-12
2825,M2825,silver,4108,2026-02-13
2826,M2826,silver,4125,2026-02-14
2827,M2827,silver,4142,2026-02-15
2828,M2828,silver,4159,2026-02-16
2829,M2829,silver,4176,2026-02-17
2830,M2830,silver,4193,2026-02-18
2831,M2831,silver,4210,2026-02-19
2832,M2832,silver,4227,2026-02-20
2833,M2833,silver,4244,2026-02-21
2834,M2834,silver,4261,2026-02-22
2835,M2835,silver,4278,2026-02-23
2836,M2836,silver,4295,2026-02-24
2837,M2837,silver,4312,2026-02-25
2838,M2838,silver,4329,2026-02-26
2839,M2839,silver,4346,2026-02-27
2840,M2840,silver,4363,2026-02-28
2841,M2841,silver,4380,2026-02-01
2842,M2842,silver,4397,2026-02-02
2843,M2843,silver,4414,2026-02-03
2844,M2844,silver,4431,2026-02-04
2845,M2845,silver,4448,2026-02-05
2846,M2846,silver,4465,2026-02-06
2847,M2847,silver,4482,2026-02-07
2848,M2848,silver,4499,2026-02-08
2849,M2849,silver,4516,2026-02-09
2850,M2850,silver,4533,2026-02-10
2851,M2851,silver,4550,2026-02-11
2852,M2852,silver,4567,2026-02-12
2853,M2853,silver,4584,2026-02-13
2854,M2854,silver,4601,2026-02-14
2855,M2855,silver,4618,2026-02-15
2856,M2856,silver,4635,2026-02-16
2857,M2857,silver,4652,2026-02-17
2858,M2858,silver,4669,2026-02-18
2859,M2859,silver,4686,2026-02-19
2860,M2860,silver,4703,2026-02-20
2861,M2861,silver,4720,2026-02-21
2862,M2862,silver,4737,2026-02-22
2863,M2863,silver,4754,2026-02-23
2864,M2864,silver,4771,2026-02-24
2865,M2865,silver,4788,2026-02-25
2866,M2866,silver,4805,2026-02-26
2867,M2867,silver,4822,2026-02-27
2868,M2868,silver,4839,2026-02-28
2869,M2869,silver,4856,2026-02-01
2870,M2870,silver,4873,2026-02-02
2871,M2871,silver,4890,2026-02-03
2872,M2872,silver,4907,2026-02-04
2873,M2873,silver,4924,2026-02-05
2874,M2874,silver,4941,2026-02-06
2875,M2875,silver,4958,2026-02-07
2876,M2876,silver,4975,2026-02-08
2877,M2877,silver,4992,2026-02-09
2878,M2878,silver,5009,2026-02-10
2879,M2879,silver,5026,2026-02-11
2880,M2880,silver,5043,2026-02-12
2881,M2881,silver,5060,2026-02-13
2882,M2882,silver,5077,2026-02-14
2883,M2883,silver,5094,2026-02-15
2884,M2884,silver,111,2026-02-16
2885,M2885,silver,128,2026-02-17
2886,M2886,silver,145,2026-02-18
2887,M2887,silver,162,2026-02-19
2888,M2888,silver,179,2026-02-20
2889,M2889,silver,196,2026-02-21
2890,M2890,silver,213,2026-02-22
2891,M2891,silver,230,2026-02-23
2892,M2892,silver,247,2026-02-24
2893,M2893,silver,264,2026-02-25
2894,M2894,silver,281,2026-02-26
2895,M2895,silver,298,2026-02-27
2896,M2896,silver,315,2026-02-28
2897,M2897,silver,332,2026-02-01
2898,M2898,silver,349,2026-02-02
2899,M2899,silver,366,2026-02-03
2900,M2900,silver,383,2026-02-04
2901,M2901,gold,400,2026-02-05
2902,M2902,gold,417,2026-02-06
2903,M2903,gold,434,2026-02-07
2904,M2904,gold,451,2026-02-08
2905,M2905,gold,468,2026-02-09
2906,M2906,gold,485,2026-02-10
2907,M2907,gold,502,2026-02-11
2908,M2908,gold,519,2026-02-12
2909,M2909,gold,536,2026-02-13
2910,M2910,gold,553,2026-02-14
2911,M2911,gold,570,2026-02-15
2912,M2912,gold,587,2026-02-16
2913,M2913,gold,604,2026-02-17
2914,M2914,gold,621,2026-02-18
2915,M2915,gold,638,2026-02-19
2916,M2916,gold,655,2026-02-20
2917,M2917,gold,672,2026-02-21
2918,M2918,gold,689,2026-02-22
2919,M2919,gold,706,2026-02-23
2920,M2920,gold,723,2026-02-24
2921,M2921,gold,740,2026-02-25
2922,M2922,gold,757,2026-02-26
2923,M2923,gold,774,2026-02-27
2924,M2924,gold,791,2026-02-28
2925,M2925,gold,808,2026-02-01
2926,M2926,gold,825,2026-02-02
2927,M2927,gold,842,2026-02-03
2928,M2928,gold,859,2026-02-04
2929,M2929,gold,876,2026-02-05
2930,M2930,gold,893,2026-02-06
2931,M2931,gold,910,2026-02-07
2932,M2932,gold,927,2026-02-08
2933,M2933,gold,944,2026-02-09
2934,M2934,gold,961,2026-02-10
2935,M2935,gold,978,2026-02-11
2936,M2936,gold,995,2026-02-12
2937,M2937,gold,1012,2026-02-13
2938,M2938,gold,1029,2026-02-14
2939,M2939,gold,1046,2026-02-15
2940,M2940,gold,1063,2026-02-16
2941,M2941,gold,1080,2026-02-17
2942,M2942,gold,1097,2026-02-18
2943,M2943,gold,1114,2026-02-19
2944,M2944,gold,1131,2026-02-20
2945,M2945,gold,1148,2026-02-21
2946,M2946,gold,1165,2026-02-22
2947,M2947,gold,1182,2026-02-23
2948,M2948,gold,1199,2026-02-24
2949,M2949,gold,1216,2026-02-25
2950,M2950,gold,1233,2026-02-26
2951,M2951,gold,1250,2026-02-27
2952,M2952,gold,1267,2026-02-28
2953,M2953,gold,1284,2026-02-01
2954,M2954,gold,1301,2026-02-02
2955,M2955,gold,1318,2026-02-03
2956,M2956,gold,1335,2026-02-04
2957,M2957,gold,1352,2026-02-05
2958,M2958,gold,1369,2026-02-06
2959,M2959,gold,1386,2026-02-07
2960,M2960,gold,1403,2026-02-08
2961,M2961,gold,1420,2026-02-09
2962,M2962,gold,1437,2026-02-10
2963,M2963,gold,1454,2026-02-11
2964,M2964,gold,1471,2026-02-12
2965,M2965,gold,1488,2026-02-13
2966,M2966,gold,1505,2026-02-14
2967,M2967,gold,1522,2026-02-15
2968,M2968,gold,1539,2026-02-16
2969,M2969,gold,1556,2026-02-17
2970,M2970,gold,1573,2026-02-18
2971,M2971,gold,1590,2026-02-19
2972,M2972,gold,1607,2026-02-20
2973,M2973,gold,1624,2026-02-21
2974,M2974,gold,1641,2026-02-22
2975,M2975,gold,1658,2026-02-23
2976,M2976,gold,1675,2026-02-24
2977,M2977,gold,1692,2026-02-25
2978,M2978,gold,1709,2026-02-26
2979,M2979,gold,1726,2026-02-27
2980,M2980,gold,1743,2026-02-28
2981,M2981,gold,1760,2026-02-01
2982,M2982,gold,1777,2026-02-02
2983,M2983,gold,1794,2026-02-03
2984,M2984,gold,1811,2026-02-04
2985,M2985,gold,1828,2026-02-05
2986,M2986,gold,1845,2026-02-06
2987,M2987,gold,1862,2026-02-07
2988,M2988,gold,1879,2026-02-08
2989,M2989,gold,1896,2026-02-09
2990,M2990,gold,1913,2026-02-10
2991,M2991,gold,1930,2026-02-11
2992,M2992,gold,1947,2026-02-12
2993,M2993,gold,1964,2026-02-13
2994,M2994,gold,1981,2026-02-14
2995,M2995,gold,1998,2026-02-15
2996,M2996,gold,2015,2026-02-16
2997,M2997,gold,2032,2026-02-17
2998,M2998,gold,2049,2026-02-18
2999,M2999,gold,2066,2026-02-19
3000,M3000,gold,2083,2026-02-20
3001,M3001,gold,2100,2026-02-21
3002,M3002,gold,2117,2026-02-22
3003,M3003,gold,2134,2026-02-23
3004,M3004,gold,2151,2026-02-24
3005,M3005,gold,2168,2026-02-25
3006,M3006,gold,2185,2026-02-26
3007,M3007,gold,2202,2026-02-27
3008,M3008,gold,2219,2026-02-28
3009,M3009,gold,2236,2026-02-01
3010,M3010,gold,2253,2026-02-02
3011,M3011,gold,2270,2026-02-03
3012,M3012,gold,2287,2026-02-04
3013,M3013,gold,2304,2026-02-05
3014,M3014,gold,2321,2026-02-06
3015,M3015,gold,2338,2026-02-07
3016,M3016,gold,2355,2026-02-08
3017,M3017,gold,2372,2026-02-09
3018,M3018,gold,2389,2026-02-10
3019,M3019,gold,2406,2026-02-11
3020,M3020,gold,2423,2026-02-12
3021,M3021,gold,2440,2026-02-13
3022,M3022,gold,2457,2026-02-14
3023,M3023,gold,2474,2026-02-15
3024,M3024,gold,2491,2026-02-16
3025,M3025,gold,2508,2026-02-17
3026,M3026,gold,2525,2026-02-18
3027,M3027,gold,2542,2026-02-19
3028,M3028,gold,2559,2026-02-20
3029,M3029,gold,2576,2026-02-21
3030,M3030,gold,2593,2026-02-22
3031,M3031,gold,2610,2026-02-23
3032,M3032,gold,2627,2026-02-24
3033,M3033,gold,2644,2026-02-25
3034,M3034,gold,2661,2026-02-26
3035,M3035,gold,2678,2026-02-27
3036,M3036,gold,2695,2026-02-28
3037,M3037,gold,2712,2026-02-01
3038,M3038,gold,2729,2026-02-02
3039,M3039,gold,2746,2026-02-03
3040,M3040,gold,2763,2026-02-04
3041,M3041,gold,2780,2026-02-05
3042,M3042,gold,2797,2026-02-06
3043,M3043,gold,2814,2026-02-07
3044,M3044,gold,2831,2026-02-08
3045,M3045,gold,2848,2026-02-09
3046,M3046,gold,2865,2026-02-10
3047,M3047,gold,2882,2026-02-11
3048,M3048,gold,2899,2026-02-12
3049,M3049,gold,2916,2026-02-13
3050,M3050,gold,2933,2026-02-14
3051,M3051,gold,2950,2026-02-15
3052,M3052,gold,2967,2026-02-16
3053,M3053,gold,2984,2026-02-17
3054,M3054,gold,3001,2026-02-18
3055,M3055,gold,3018,2026-02-19
3056,M3056,gold,3035,2026-02-20
3057,M3057,gold,3052,2026-02-21
3058,M3058,gold,3069,2026-02-22
3059,M3059,gold,3086,2026-02-23
3060,M3060,gold,3103,2026-02-24
3061,M3061,gold,3120,2026-02-25
3062,M3062,gold,3137,2026-02-26
3063,M3063,gold,3154,2026-02-27
3064,M3064,gold,3171,2026-02-28
3065,M3065,gold,3188,2026-02-01
3066,M3066,gold,3205,2026-02-02
3067,M3067,gold,3222,2026-02-03
3068,M3068,gold,3239,2026-02-04
3069,M3069,gold,3256,2026-02-05
3070,M3070,gold,3273,2026-02-06
3071,M3071,gold,3290,2026-02-07
3072,M3072,gold,3307,2026-02-08
3073,M3073,gold,3324,2026-02-09
3074,M3074,gold,3341,2026-02-10
3075,M3075,gold,3358,2026-02-11
3076,M3076,gold,3375,2026-02-12
3077,M3077,gold,3392,2026-02-13
3078,M3078,gold,3409,2026-02-14
3079,M3079,gold,3426,2026-02-15
3080,M3080,gold,3443,2026-02-16
3081,M3081,gold,3460,2026-02-17
3082,M3082,gold,3477,2026-02-18
3083,M3083,gold,3494,2026-02-19
3084,M3084,gold,3511,2026-02-20
3085,M3085,gold,3528,2026-02-21
3086,M3086,gold,3545,2026-02-22
3087,M3087,gold,3562,2026-02-23
3088,M3088,gold,3579,2026-02-24
3089,M3089,gold,3596,2026-02-25
3090,M3090,gold,3613,2026-02-26
3091,M3091,gold,3630,2026-02-27
3092,M3092,gold,3647,2026-02-28
3093,M3093,gold,3664,2026-02-01
3094,M3094,gold,3681,2026-02-02
3095,M3095,gold,3698,2026-02-03
3096,M3096,gold,3715,2026-02-04
3097,M3097,gold,3732,2026-02-05
3098,M3098,gold,3749,2026-02-06
3099,M3099,gold,3766,2026-02-07
3100,M3100,gold,3783,2026-02-08
3101,M3101,gold,3800,2026-02-09
3102,M3102,gold,3817,2026-02-10
3103,M3103,gold,3834,2026-02-11
3104,M3104,gold,3851,2026-02-12
3105,M3105,gold,3868,2026-02-13
3106,M3106,gold,3885,2026-02-14
3107,M3107,gold,3902,2026-02-15
3108,M3108,gold,3919,2026-02-16
3109,M3109,gold,3936,2026-02-17
3110,M3110,gold,3953,2026-02-18
3111,M3111,gold,3970,2026-02-19
3112,M3112,gold,3987,2026-02-20
3113,M3113,gold,4004,2026-02-21
3114,M3114,gold,4021,2026-02-22
3115,M3115,gold,4038,2026-02-23
3116,M3116,gold,4055,2026-02-24
3117,M3117,gold,4072,2026-02-25
3118,M3118,gold,4089,2026-02-26
3119,M3119,gold,4106,2026-02-27
3120,M3120,gold,4123,2026-02-28
3121,M3121,gold,4140,2026-02-01
3122,M3122,gold,4157,2026-02-02
3123,M3123,gold,4174,2026-02-03
3124,M3124,gold,4191,2026-02-04
3125,M3125,gold,4208,2026-02-05
3126,M3126,gold,4225,2026-02-06
3127,M3127,gold,4242,2026-02-07
3128,M3128,gold,4259,2026-02-08
3129,M3129,gold,4276,2026-02-09
3130,M3130,gold,4293,2026-02-10
3131,M3131,gold,4310,2026-02-11
3132,M3132,gold,4327,2026-02-12
3133,M3133,gold,4344,2026-02-13
3134,M3134,gold,4361,2026-02-14
3135,M3135,gold,4378,2026-02-15
3136,M3136,gold,4395,2026-02-16
3137,M3137,gold,4412,2026-02-17
3138,M3138,gold,4429,2026-02-18
3139,M3139,gold,4446,2026-02-19
3140,M3140,gold,4463,2026-02-20
3141,M3141,gold,4480,2026-02-21
3142,M3142,gold,4497,2026-02-22
3143,M3143,gold,4514,2026-02-23
3144,M3144,gold,4531,2026-02-24
3145,M3145,gold,4548,2026-02-25
3146,M3146,gold,4565,2026-02-26
3147,M3147,gold,4582,2026-02-27
3148,M3148,gold,4599,2026-02-28
3149,M3149,gold,4616,2026-02-01
3150,M3150,gold,4633,2026-02-02
3151,M3151,gold,4650,2026-02-03
3152,M3152,gold,4667,2026-02-04
3153,M3153,gold,4684,2026-02-05
3154,M3154,gold,4701,2026-02-06
3155,M3155,gold,4718,2026-02-07
3156,M3156,gold,4735,2026-02-08
3157,M3157,gold,4752,2026-02-09
3158,M3158,gold,4769,2026-02-10
3159,M3159,gold,4786,2026-02-11
3160,M3160,gold,4803,2026-02-12
3161,M3161,gold,4820,2026-02-13
3162,M3162,gold,4837,2026-02-14
3163,M3163,gold,4854,2026-02-15
3164,M3164,gold,4871,2026-02-16
3165,M3165,gold,4888,2026-02-17
3166,M3166,gold,4905,2026-02-18
3167,M3167,gold,4922,2026-02-19
3168,M3168,gold,4939,2026-02-20
3169,M3169,gold,4956,2026-02-21
3170,M3170,gold,4973,2026-02-22
3171,M3171,gold,4990,2026-02-23
3172,M3172,gold,5007,2026-02-24
3173,M3173,gold,5024,2026-02-25
3174,M3174,gold,5041,2026-02-26
3175,M3175,gold,5058,2026-02-27
3176,M3176,gold,5075,2026-02-28
3177,M3177,gold,5092,2026-02-01
3178,M3178,gold,109,2026-02-02
3179,M3179,gold,126,2026-02-03
3180,M3180,gold,143,2026-02-04
3181,M3181,gold,160,2026-02-05
3182,M3182,gold,177,2026-02-06
3183,M3183,gold,194,2026-02-07
3184,M3184,gold,211,2026-02-08
3185,M3185,gold,228,2026-02-09
3186,M3186,gold,245,2026-02-10
3187,M3187,gold,262,2026-02-11
3188,M3188,gold,279,2026-02-12
3189,M3189,gold,296,2026-02-13
3190,M3190,gold,313,2026-02-14
3191,M3191,gold,330,2026-02-15
3192,M3192,gold,347,2026-02-16
3193,M3193,gold,364,2026-02-17
3194,M3194,gold,381,2026-02-18
3195,M3195,gold,398,2026-02-19
3196,M3196,gold,415,2026-02-20
3197,M3197,gold,432,2026-02-21
3198,M3198,gold,449,2026-02-22
3199,M3199,gold,466,2026-02-23
3200,M3200,gold,483,2026-02-24
3201,M3201,gold,500,2026-02-25
3202,M3202,gold,517,2026-02-26
3203,M3203,gold,534,2026-02-27
3204,M3204,gold,551,2026-02-28
3205,M3205,gold,568,2026-02-01
3206,M3206,gold,585,2026-02-02
3207,M3207,gold,602,2026-02-03
3208,M3208,gold,619,2026-02-04
3209,M3209,gold,636,2026-02-05
3210,M3210,gold,653,2026-02-06
3211,M3211,gold,670,2026-02-07
3212,M3212,gold,687,2026-02-08
3213,M3213,gold,704,2026-02-09
3214,M3214,gold,721,2026-02-10
3215,M3215,gold,738,2026-02-11
3216,M3216,gold,755,2026-02-12
3217,M3217,gold,772,2026-02-13
3218,M3218,gold,789,2026-02-14
3219,M3219,gold,806,2026-02-15
3220,M3220,gold,823,2026-02-16
3221,M3221,gold,840,2026-02-17
3222,M3222,gold,857,2026-02-18
3223,M3223,gold,874,2026-02-19
3224,M3224,gold,891,2026-02-20
3225,M3225,gold,908,2026-02-21
3226,M3226,gold,925,2026-02-22
3227,M3227,gold,942,2026-02-23
3228,M3228,gold,959,2026-02-24
3229,M3229,gold,976,2026-02-25
3230,M3230,gold,993,2026-02-26
3231,M3231,gold,1010,2026-02-27
3232,M3232,gold,1027,2026-02-28
3233,M3233,gold,1044,2026-02-01
3234,M3234,gold,1061,2026-02-02
3235,M3235,gold,1078,2026-02-03
3236,M3236,gold,1095,2026-02-04
3237,M3237,gold,1112,2026-02-05
3238,M3238,gold,1129,2026-02-06
3239,M3239,gold,1146,2026-02-07
3240,M3240,gold,1163,2026-02-08
3241,M3241,gold,1180,2026-02-09
3242,M3242,gold,1197,2026-02-10
3243,M3243,gold,1214,2026-02-11
3244,M3244,gold,1231,2026-02-12
3245,M3245,gold,1248,2026-02-13
3246,M3246,gold,1265,2026-02-14
3247,M3247,gold,1282,2026-02-15
3248,M3248,gold,1299,2026-02-16
3249,M3249,gold,1316,2026-02-17
3250,M3250,gold,1333,2026-02-18
3251,M3251,gold,1350,2026-02-19
3252,M3252,gold,1367,2026-02-20
3253,M3253,gold,1384,2026-02-21
3254,M3254,gold,1401,2026-02-22
3255,M3255,gold,1418,2026-02-23
3256,M3256,gold,1435,2026-02-24
3257,M3257,gold,1452,2026-02-25
3258,M3258,gold,1469,2026-02-26
3259,M3259,gold,1486,2026-02-27
3260,M3260,gold,1503,2026-02-28
3261,M3261,gold,1520,2026-02-01
3262,M3262,gold,1537,2026-02-02
3263,M3263,gold,1554,2026-02-03
3264,M3264,gold,1571,2026-02-04
3265,M3265,gold,1588,2026-02-05
3266,M3266,gold,1605,2026-02-06
3267,M3267,gold,1622,2026-02-07
3268,M3268,gold,1639,2026-02-08
3269,M3269,gold,1656,2026-02-09
3270,M3270,gold,1673,2026-02-10
3271,M3271,gold,1690,2026-02-11
3272,M3272,gold,1707,2026-02-12
3273,M3273,gold,1724,2026-02-13
3274,M3274,gold,1741,2026-02-14
3275,M3275,gold,1758,2026-02-15
3276,M3276,gold,1775,2026-02-16
3277,M3277,gold,1792,2026-02-17
3278,M3278,gold,1809,2026-02-18
3279,M3279,gold,1826,2026-02-19
3280,M3280,gold,1843,2026-02-20
3281,M3281,gold,1860,2026-02-21
3282,M3282,gold,1877,2026-02-22
3283,M3283,gold,1894,2026-02-23
3284,M3284,gold,1911,2026-02-24
3285,M3285,gold,1928,2026-02-25
3286,M3286,gold,1945,2026-02-26
3287,M3287,gold,1962,2026-02-27
3288,M3288,gold,1979,2026-02-28
3289,M3289,gold,1996,2026-02-01
3290,M3290,gold,2013,2026-02-02
3291,M3291,gold,2030,2026-02-03
3292,M3292,gold,2047,2026-02-04
3293,M3293,gold,2064,2026-02-05
3294,M3294,gold,2081,2026-02-06
3295,M3295,gold,2098,2026-02-07
3296,M3296,gold,2115,2026-02-08
3297,M3297,gold,2132,2026-02-09
3298,M3298,gold,2149,2026-02-10
3299,M3299,gold,2166,2026-02-11
3300,M3300,gold,2183,2026-02-12
3301,M3301,gold,2200,2026-02-13
3302,M3302,gold,2217,2026-02-14
3303,M3303,gold,2234,2026-02-15
3304,M3304,gold,2251,2026-02-16
3305,M3305,gold,2268,2026-02-17
3306,M3306,gold,2285,2026-02-18
3307,M3307,gold,2302,2026-02-19
3308,M3308,gold,2319,2026-02-20
3309,M3309,gold,2336,2026-02-21
3310,M3310,gold,2353,2026-02-22
3311,M3311,gold,2370,2026-02-23
3312,M3312,gold,2387,2026-02-24
3313,M3313,gold,2404,2026-02-25
3314,M3314,gold,2421,2026-02-26
3315,M3315,gold,2438,2026-02-27
3316,M3316,gold,2455,2026-02-28
3317,M3317,gold,2472,2026-02-01
3318,M3318,gold,2489,2026-02-02
3319,M3319,gold,2506,2026-02-03
3320,M3320,gold,2523,2026-02-04
3321,M3321,gold,2540,2026-02-05
3322,M3322,gold,2557,2026-02-06
3323,M3323,gold,2574,2026-02-07
3324,M3324,gold,2591,2026-02-08
3325,M3325,gold,2608,2026-02-09
3326,M3326,gold,2625,2026-02-10
3327,M3327,gold,2642,2026-02-11
3328,M3328,gold,2659,2026-02-12
3329,M3329,gold,2676,2026-02-13
3330,M3330,gold,2693,2026-02-14
3331,M3331,gold,2710,2026-02-15
3332,M3332,gold,2727,2026-02-16
3333,M3333,gold,2744,2026-02-17
3334,M3334,gold,2761,2026-02-18
3335,M3335,gold,2778,2026-02-19
3336,M3336,gold,2795,2026-02-20
3337,M3337,gold,2812,2026-02-21
3338,M3338,gold,2829,2026-02-22
3339,M3339,gold,2846,2026-02-23
3340,M3340,gold,2863,2026-02-24
3341,M3341,gold,2880,2026-02-25
3342,M3342,gold,2897,2026-02-26
3343,M3343,gold,2914,2026-02-27
3344,M3344,gold,2931,2026-02-28
3345,M3345,gold,2948,2026-02-01
3346,M3346,gold,2965,2026-02-02
3347,M3347,gold,2982,2026-02-03
3348,M3348,gold,2999,2026-02-04
3349,M3349,gold,3016,2026-02-05
3350,M3350,gold,3033,2026-02-06
3351,M3351,platinum,3050,2026-02-07
3352,M3352,platinum,3067,2026-02-08
3353,M3353,platinum,3084,2026-02-09
3354,M3354,platinum,3101,2026-02-10
3355,M3355,platinum,3118,2026-02-11
3356,M3356,platinum,3135,2026-02-12
3357,M3357,platinum,3152,2026-02-13
3358,M3358,platinum,3169,2026-02-14
3359,M3359,platinum,3186,2026-02-15
3360,M3360,platinum,3203,2026-02-16
3361,M3361,platinum,3220,2026-02-17
3362,M3362,platinum,3237,2026-02-18
3363,M3363,platinum,3254,2026-02-19
3364,M3364,platinum,3271,2026-02-20
3365,M3365,platinum,3288,2026-02-21
3366,M3366,platinum,3305,2026-02-22
3367,M3367,platinum,3322,2026-02-23
3368,M3368,platinum,3339,2026-02-24
3369,M3369,platinum,3356,2026-02-25
3370,M3370,platinum,3373,2026-02-26
3371,M3371,platinum,3390,2026-02-27
3372,M3372,platinum,3407,2026-02-28
3373,M3373,platinum,3424,2026-02-01
3374,M3374,platinum,3441,2026-02-02
3375,M3375,platinum,3458,2026-02-03
3376,M3376,platinum,3475,2026-02-04
3377,M3377,platinum,3492,2026-02-05
3378,M3378,platinum,3509,2026-02-06
3379,M3379,platinum,3526,2026-02-07
3380,M3380,platinum,3543,2026-02-08
3381,M3381,platinum,3560,2026-02-09
3382,M3382,platinum,3577,2026-02-10
3383,M3383,platinum,3594,2026-02-11
3384,M3384,platinum,3611,2026-02-12
3385,M3385,platinum,3628,2026-02-13
3386,M3386,platinum,3645,2026-02-14
3387,M3387,platinum,3662,2026-02-15
3388,M3388,platinum,3679,2026-02-16
3389,M3389,platinum,3696,2026-02-17
3390,M3390,platinum,3713,2026-02-18
3391,M3391,platinum,3730,2026-02-19
3392,M3392,platinum,3747,2026-02-20
3393,M3393,platinum,3764,2026-02-21
3394,M3394,platinum,3781,2026-02-22
3395,M3395,platinum,3798,2026-02-23
3396,M3396,platinum,3815,2026-02-24
3397,M3397,platinum,3832,2026-02-25
3398,M3398,platinum,3849,2026-02-26
3399,M3399,platinum,3866,2026-02-27
3400,M3400,platinum,3883,2026-02-28
3401,M3401,platinum,3900,2026-02-01
3402,M3402,platinum,3917,2026-02-02
3403,M3403,platinum,3934,2026-02-03
3404,M3404,platinum,3951,2026-02-04
3405,M3405,platinum,3968,2026-02-05
3406,M3406,platinum,3985,2026-02-06
3407,M3407,platinum,4002,2026-02-07
3408,M3408,platinum,4019,2026-02-08
3409,M3409,platinum,4036,2026-02-09
3410,M3410,platinum,4053,2026-02-10
3411,M3411,platinum,4070,2026-02-11
3412,M3412,platinum,4087,2026-02-12
3413,M3413,platinum,4104,2026-02-13
3414,M3414,platinum,4121,2026-02-14
3415,M3415,platinum,4138,2026-02-15
3416,M3416,platinum,4155,2026-02-16
3417,M3417,platinum,4172,2026-02-17
3418,M3418,platinum,4189,2026-02-18
3419,M3419,platinum,4206,2026-02-19
3420,M3420,platinum,4223,2026-02-20
3421,M3421,platinum,4240,2026-02-21
3422,M3422,platinum,4257,2026-02-22
3423,M3423,platinum,4274,2026-02-23
3424,M3424,platinum,4291,2026-02-24
3425,M3425,platinum,4308,2026-02-25
3426,M3426,platinum,4325,2026-02-26
3427,M3427,platinum,4342,2026-02-27
3428,M3428,platinum,4359,2026-02-28
3429,M3429,platinum,4376,2026-02-01
3430,M3430,platinum,4393,2026-02-02
3431,M3431,platinum,4410,2026-02-03
3432,M3432,platinum,4427,2026-02-04
3433,M3433,platinum,4444,2026-02-05
3434,M3434,platinum,4461,2026-02-06
3435,M3435,platinum,4478,2026-02-07
3436,M3436,platinum,4495,2026-02-08
3437,M3437,platinum,4512,2026-02-09
3438,M3438,platinum,4529,2026-02-10
3439,M3439,platinum,4546,2026-02-11
3440,M3440,platinum,4563,2026-02-12
3441,M3441,platinum,4580,2026-02-13
3442,M3442,platinum,4597,2026-02-14
3443,M3443,platinum,4614,2026-02-15
3444,M3444,platinum,4631,2026-02-16
3445,M3445,platinum,4648,2026-02-17
3446,M3446,platinum,4665,2026-02-18
3447,M3447,platinum,4682,2026-02-19
3448,M3448,platinum,4699,2026-02-20
3449,M3449,platinum,4716,2026-02-21
3450,M3450,platinum,4733,2026-02-22
3451,M3451,platinum,4750,2026-02-23
3452,M3452,platinum,4767,2026-02-24
3453,M3453,platinum,4784,2026-02-25
3454,M3454,platinum,4801,2026-02-26
3455,M3455,platinum,4818,2026-02-27
3456,M3456,platinum,4835,2026-02-28
3457,M3457,platinum,4852,2026-02-01
3458,M3458,platinum,4869,2026-02-02
3459,M3459,platinum,4886,2026-02-03
3460,M3460,platinum,4903,2026-02-04
3461,M3461,platinum,4920,2026-02-05
3462,M3462,platinum,4937,2026-02-06
3463,M3463,platinum,4954,2026-02-07
3464,M3464,platinum,4971,2026-02-08
3465,M3465,platinum,4988,2026-02-09
3466,M3466,platinum,5005,2026-02-10
3467,M3467,platinum,5022,2026-02-11
3468,M3468,platinum,5039,2026-02-12
3469,M3469,platinum,5056,2026-02-13
3470,M3470,platinum,5073,2026-02-14
3471,M3471,platinum,5090,2026-02-15
3472,M3472,platinum,107,2026-02-16
3473,M3473,platinum,124,2026-02-17
3474,M3474,platinum,141,2026-02-18
3475,M3475,platinum,158,2026-02-19
3476,M3476,platinum,175,2026-02-20
3477,M3477,platinum,192,2026-02-21
3478,M3478,platinum,209,2026-02-22
3479,M3479,platinum,226,2026-02-23
3480,M3480,platinum,243,2026-02-24
3481,M3481,platinum,260,2026-02-25
3482,M3482,platinum,277,2026-02-26
3483,M3483,platinum,294,2026-02-27
3484,M3484,platinum,311,2026-02-28
3485,M3485,platinum,328,2026-02-01
3486,M3486,platinum,345,2026-02-02
3487,M3487,platinum,362,2026-02-03
3488,M3488,platinum,379,2026-02-04
3489,M3489,platinum,396,2026-02-05
3490,M3490,platinum,413,2026-02-06
3491,M3491,platinum,430,2026-02-07
3492,M3492,platinum,447,2026-02-08
3493,M3493,platinum,464,2026-02-09
3494,M3494,platinum,481,2026-02-10
3495,M3495,platinum,498,2026-02-11
3496,M3496,platinum,515,2026-02-12
3497,M3497,platinum,532,2026-02-13
3498,M3498,platinum,549,2026-02-14
3499,M3499,platinum,566,2026-02-15
3500,M3500,platinum,583,2026-02-16
3501,M3501,platinum,600,2026-02-17
3502,M3502,platinum,617,2026-02-18
3503,M3503,platinum,634,2026-02-19
3504,M3504,platinum,651,2026-02-20
3505,M3505,platinum,668,2026-02-21
3506,M3506,platinum,685,2026-02-22
3507,M3507,platinum,702,2026-02-23
3508,M3508,platinum,719,2026-02-24
3509,M3509,platinum,736,2026-02-25
3510,M3510,platinum,753,2026-02-26
3511,M3511,platinum,770,2026-02-27
3512,M3512,platinum,787,2026-02-28
3513,M3513,platinum,804,2026-02-01
3514,M3514,platinum,821,2026-02-02
3515,M3515,platinum,838,2026-02-03
3516,M3516,platinum,855,2026-02-04
3517,M3517,platinum,872,2026-02-05
3518,M3518,platinum,889,2026-02-06
3519,M3519,platinum,906,2026-02-07
3520,M3520,platinum,923,2026-02-08
3521,M3521,platinum,940,2026-02-09
3522,M3522,platinum,957,2026-02-10
3523,M3523,platinum,974,2026-02-11
3524,M3524,platinum,991,2026-02-12
3525,M3525,platinum,1008,2026-02-13
3526,M3526,platinum,1025,2026-02-14
3527,M3527,platinum,1042,2026-02-15
3528,M3528,platinum,1059,2026-02-16
3529,M3529,platinum,1076,2026-02-17
3530,M3530,platinum,1093,2026-02-18
3531,M3531,platinum,1110,2026-02-19
3532,M3532,platinum,1127,2026-02-20
3533,M3533,platinum,1144,2026-02-21
3534,M3534,platinum,1161,2026-02-22
3535,M3535,platinum,1178,2026-02-23
3536,M3536,platinum,1195,2026-02-24
3537,M3537,platinum,1212,2026-02-25
3538,M3538,platinum,1229,2026-02-26
3539,M3539,platinum,1246,2026-02-27
3540,M3540,platinum,1263,2026-02-28
3541,M3541,platinum,1280,2026-02-01
3542,M3542,platinum,1297,2026-02-02
3543,M3543,platinum,1314,2026-02-03
3544,M3544,platinum,1331,2026-02-04
3545,M3545,platinum,1348,2026-02-05
3546,M3546,platinum,1365,2026-02-06
3547,M3547,platinum,1382,2026-02-07
3548,M3548,platinum,1399,2026-02-08
3549,M3549,platinum,1416,2026-02-09
3550,M3550,platinum,1433,2026-02-10
3551,M3551,platinum,1450,2026-02-11
3552,M3552,platinum,1467,2026-02-12
3553,M3553,platinum,1484,2026-02-13
3554,M3554,platinum,1501,2026-02-14
3555,M3555,platinum,1518,2026-02-15
3556,M3556,platinum,1535,2026-02-16
3557,M3557,platinum,1552,2026-02-17
3558,M3558,platinum,1569,2026-02-18
3559,M3559,platinum,1586,2026-02-19
3560,M3560,platinum,1603,2026-02-20
3561,M3561,platinum,1620,2026-02-21
3562,M3562,platinum,1637,2026-02-22
3563,M3563,platinum,1654,2026-02-23
3564,M3564,platinum,1671,2026-02-24
3565,M3565,platinum,1688,2026-02-25
3566,M3566,platinum,1705,2026-02-26
3567,M3567,platinum,1722,2026-02-27
3568,M3568,platinum,1739,2026-02-28
3569,M3569,platinum,1756,2026-02-01
3570,M3570,platinum,1773,2026-02-02
3571,M3571,platinum,1790,2026-02-03
3572,M3572,platinum,1807,2026-02-04
3573,M3573,platinum,1824,2026-02-05
3574,M3574,platinum,1841,2026-02-06
3575,M3575,platinum,1858,2026-02-07
3576,M3576,platinum,1875,2026-02-08
3577,M3577,platinum,1892,2026-02-09
3578,M3578,platinum,1909,2026-02-10
3579,M3579,platinum,1926,2026-02-11
3580,M3580,platinum,1943,2026-02-12
3581,M3581,platinum,1960,2026-02-13
3582,M3582,platinum,1977,2026-02-14
3583,M3583,platinum,1994,2026-02-15
3584,M3584,platinum,2011,2026-02-16
3585,M3585,platinum,2028,2026-02-17
3586,M3586,platinum,2045,2026-02-18
3587,M3587,platinum,2062,2026-02-19
3588,M3588,platinum,2079,2026-02-20
3589,M3589,platinum,2096,2026-02-21
3590,M3590,platinum,2113,2026-02-22
3591,M3591,platinum,2130,2026-02-23
3592,M3592,platinum,2147,2026-02-24
3593,M3593,platinum,2164,2026-02-25
3594,M3594,platinum,2181,2026-02-26
3595,M3595,platinum,2198,2026-02-27
3596,M3596,platinum,2215,2026-02-28
3597,M3597,platinum,2232,2026-02-01
3598,M3598,platinum,2249,2026-02-02
3599,M3599,platinum,2266,2026-02-03
3600,M3600,platinum,2283,2026-02-04
3601,M3601,platinum,2300,2026-02-05
3602,M3602,platinum,2317,2026-02-06
3603,M3603,platinum,2334,2026-02-07
3604,M3604,platinum,2351,2026-02-08
3605,M3605,platinum,2368,2026-02-09
3606,M3606,platinum,2385,2026-02-10
3607,M3607,platinum,2402,2026-02-11
3608,M3608,platinum,2419,2026-02-12
3609,M3609,platinum,2436,2026-02-13
3610,M3610,platinum,2453,2026-02-14
3611,M3611,platinum,2470,2026-02-15
3612,M3612,platinum,2487,2026-02-16
3613,M3613,platinum,2504,2026-02-17
3614,M3614,platinum,2521,2026-02-18
3615,M3615,platinum,2538,2026-02-19
3616,M3616,platinum,2555,2026-02-20
3617,M3617,platinum,2572,2026-02-21
3618,M3618,platinum,2589,2026-02-22
3619,M3619,platinum,2606,2026-02-23
3620,M3620,platinum,2623,2026-02-24
3621,M3621,platinum,2640,2026-02-25
3622,M3622,platinum,2657,2026-02-26
3623,M3623,platinum,2674,2026-02-27
3624,M3624,platinum,2691,2026-02-28
3625,M3625,platinum,2708,2026-02-01
3626,M3626,platinum,2725,2026-02-02
3627,M3627,platinum,2742,2026-02-03
3628,M3628,platinum,2759,2026-02-04
3629,M3629,platinum,2776,2026-02-05
3630,M3630,platinum,2793,2026-02-06
3631,M3631,platinum,2810,2026-02-07
3632,M3632,platinum,2827,2026-02-08
3633,M3633,platinum,2844,2026-02-09
3634,M3634,platinum,2861,2026-02-10
3635,M3635,platinum,2878,2026-02-11
3636,M3636,platinum,2895,2026-02-12
3637,M3637,platinum,2912,2026-02-13
3638,M3638,platinum,2929,2026-02-14
3639,M3639,platinum,2946,2026-02-15
3640,M3640,platinum,2963,2026-02-16
3641,M3641,platinum,2980,2026-02-17
3642,M3642,platinum,2997,2026-02-18
3643,M3643,platinum,3014,2026-02-19
3644,M3644,platinum,3031,2026-02-20
3645,M3645,platinum,3048,2026-02-21
3646,M3646,platinum,3065,2026-02-22
3647,M3647,platinum,3082,2026-02-23
3648,M3648,platinum,3099,2026-02-24
3649,M3649,platinum,3116,2026-02-25
3650,M3650,platinum,3133,2026-02-26
3651,M3651,platinum,3150,2026-02-27
3652,M3652,platinum,3167,2026-02-28
3653,M3653,platinum,3184,2026-02-01
3654,M3654,platinum,3201,2026-02-02
3655,M3655,platinum,3218,2026-02-03
3656,M3656,platinum,3235,2026-02-04
3657,M3657,platinum,3252,2026-02-05
3658,M3658,platinum,3269,2026-02-06
3659,M3659,platinum,3286,2026-02-07
3660,M3660,platinum,3303,2026-02-08
3661,M3661,platinum,3320,2026-02-09
3662,M3662,platinum,3337,2026-02-10
3663,M3663,platinum,3354,2026-02-11
3664,M3664,platinum,3371,2026-02-12
3665,M3665,platinum,3388,2026-02-13
3666,M3666,platinum,3405,2026-02-14
3667,M3667,platinum,3422,2026-02-15
3668,M3668,platinum,3439,2026-02-16
3669,M3669,platinum,3456,2026-02-17
3670,M3670,platinum,3473,2026-02-18
3671,M3671,platinum,3490,2026-02-19
3672,M3672,platinum,3507,2026-02-20
3673,M3673,platinum,3524,2026-02-21
3674,M3674,platinum,3541,2026-02-22
3675,M3675,platinum,3558,2026-02-23
3676,M3676,platinum,3575,2026-02-24
3677,M3677,platinum,3592,2026-02-25
3678,M3678,platinum,3609,2026-02-26
3679,M3679,platinum,3626,2026-02-27
3680,M3680,platinum,3643,2026-02-28
3681,M3681,platinum,3660,2026-02-01
3682,M3682,platinum,3677,2026-02-02
3683,M3683,platinum,3694,2026-02-03
3684,M3684,platinum,3711,2026-02-04
3685,M3685,platinum,3728,2026-02-05
3686,M3686,platinum,3745,2026-02-06
3687,M3687,platinum,3762,2026-02-07
3688,M3688,platinum,3779,2026-02-08
3689,M3689,platinum,3796,2026-02-09
3690,M3690,platinum,3813,2026-02-10
3691,M3691,platinum,3830,2026-02-11
3692,M3692,platinum,3847,2026-02-12
3693,M3693,platinum,3864,2026-02-13
3694,M3694,platinum,3881,2026-02-14
3695,M3695,platinum,3898,2026-02-15
3696,M3696,platinum,3915,2026-02-16
3697,M3697,platinum,3932,2026-02-17
3698,M3698,platinum,3949,2026-02-18
3699,M3699,platinum,3966,2026-02-19
3700,M3700,platinum,3983,2026-02-20
3701,M3701,platinum,4000,2026-02-21
3702,M3702,platinum,4017,2026-02-22
3703,M3703,platinum,4034,2026-02-23
3704,M3704,platinum,4051,2026-02-24
3705,M3705,platinum,4068,2026-02-25
3706,M3706,platinum,4085,2026-02-26
3707,M3707,platinum,4102,2026-02-27
3708,M3708,platinum,4119,2026-02-28
3709,M3709,platinum,4136,2026-02-01
3710,M3710,platinum,4153,2026-02-02
3711,M3711,platinum,4170,2026-02-03
3712,M3712,platinum,4187,2026-02-04
3713,M3713,platinum,4204,2026-02-05
3714,M3714,platinum,4221,2026-02-06
3715,M3715,platinum,4238,2026-02-07
3716,M3716,platinum,4255,2026-02-08
3717,M3717,platinum,4272,2026-02-09
3718,M3718,platinum,4289,2026-02-10
3719,M3719,platinum,4306,2026-02-11
3720,M3720,platinum,4323,2026-02-12
3721,M3721,platinum,4340,2026-02-13
3722,M3722,platinum,4357,2026-02-14
3723,M3723,platinum,4374,2026-02-15
3724,M3724,platinum,4391,2026-02-16
3725,M3725,platinum,4408,2026-02-17
3726,M3726,platinum,4425,2026-02-18
3727,M3727,platinum,4442,2026-02-19
3728,M3728,platinum,4459,2026-02-20
3729,M3729,platinum,4476,2026-02-21
3730,M3730,platinum,4493,2026-02-22
3731,M3731,platinum,4510,2026-02-23
3732,M3732,platinum,4527,2026-02-24
3733,M3733,platinum,4544,2026-02-25
3734,M3734,platinum,4561,2026-02-26
3735,M3735,platinum,4578,2026-02-27
3736,M3736,platinum,4595,2026-02-28
3737,M3737,platinum,4612,2026-02-01
3738,M3738,platinum,4629,2026-02-02
3739,M3739,platinum,4646,2026-02-03
3740,M3740,platinum,4663,2026-02-04
3741,M3741,platinum,4680,2026-02-05
3742,M3742,platinum,4697,2026-02-06
3743,M3743,platinum,4714,2026-02-07
3744,M3744,platinum,4731,2026-02-08
3745,M3745,platinum,4748,2026-02-09
3746,M3746,platinum,4765,2026-02-10
3747,M3747,platinum,4782,2026-02-11
3748,M3748,platinum,4799,2026-02-12
3749,M3749,platinum,4816,2026-02-13
3750,M3750,platinum,4833,2026-02-14
3751,M3751,platinum,4850,2026-02-15
3752,M3752,platinum,4867,2026-02-16
3753,M3753,platinum,4884,2026-02-17
3754,M3754,platinum,4901,2026-02-18
3755,M3755,platinum,4918,2026-02-19
3756,M3756,platinum,4935,2026-02-20
3757,M3757,platinum,4952,2026-02-21
3758,M3758,platinum,4969,2026-02-22
3759,M3759,platinum,4986,2026-02-23
3760,M3760,platinum,5003,2026-02-24
3761,M3761,platinum,5020,2026-02-25
3762,M3762,platinum,5037,2026-02-26
3763,M3763,platinum,5054,2026-02-27
3764,M3764,platinum,5071,2026-02-28
3765,M3765,platinum,5088,2026-02-01
3766,M3766,platinum,105,2026-02-02
3767,M3767,platinum,122,2026-02-03
3768,M3768,platinum,139,2026-02-04
3769,M3769,platinum,156,2026-02-05
3770,M3770,platinum,173,2026-02-06
3771,M3771,platinum,190,2026-02-07
3772,M3772,platinum,207,2026-02-08
3773,M3773,platinum,224,2026-02-09
3774,M3774,platinum,241,2026-02-10
3775,M3775,platinum,258,2026-02-11
3776,M3776,platinum,275,2026-02-12
3777,M3777,platinum,292,2026-02-13
3778,M3778,platinum,309,2026-02-14
3779,M3779,platinum,326,2026-02-15
3780,M3780,platinum,343,2026-02-16
3781,M3781,platinum,360,2026-02-17
3782,M3782,platinum,377,2026-02-18
3783,M3783,platinum,394,2026-02-19
3784,M3784,platinum,411,2026-02-20
3785,M3785,platinum,428,2026-02-21
3786,M3786,platinum,445,2026-02-22
3787,M3787,platinum,462,2026-02-23
3788,M3788,platinum,479,2026-02-24
3789,M3789,platinum,496,2026-02-25
3790,M3790,platinum,513,2026-02-26
3791,M3791,platinum,530,2026-02-27
3792,M3792,platinum,547,2026-02-28
3793,M3793,platinum,564,2026-02-01
3794,M3794,platinum,581,2026-02-02
3795,M3795,platinum,598,2026-02-03
3796,M3796,platinum,615,2026-02-04
3797,M3797,platinum,632,2026-02-05
3798,M3798,platinum,649,2026-02-06
3799,M3799,platinum,666,2026-02-07
3800,M3800,platinum,683,2026-02-08
