publisher_id,publisher_name,contact_name,phone,email,address,country,website
1,人民邮电出版社,李编辑,010-12340001,contact@ptpress.com.cn,北京市丰台区成寿寺路11号,中国,https://www.ptpress.com.cn
2,机械工业出版社,王编辑,010-12340002,contact@cmpbook.com,北京市西城区百万庄大街22号,中国,https://www.cmpbook.com
3,译林出版社,周编辑,025-12340003,contact@yilinpress.com,南京市鼓楼区湖南路1号,中国,https://www.yilinpress.com
4,12th Media Services,,,,,,
5,"1st World Publishing, Inc.",,,,,,
6,2000,,,,,,
7,29th Street Press,,,,,,
8,A Book Apart,,,,,,
9,A K Peters,,,,,,
10,A K Peters/CRC Press,,,,,,
11,A-List Publishing,,,,,,
12,A. Hilger,,,,,,
13,A. L. Burt Co.,,,,,,
14,A.K. Peters,,,,,,
15,AAAI Press,,,,,,
16,"ABC-CLIO, LLC",,,,,,
17,ACM,,,,,,
18,ACM Press,,,,,,
19,AK Peters,,,,,,
20,"AK Peters, Ltd.",,,,,,
21,ALA Neal-Schuman,,,,,,
22,AM Navigator LLC,,,,,,
23,AMACOM,,,,,,
24,AMACOM/American Management Association,,,,,,
25,AP Professional,,,,,,
26,APress,,,,,,
27,ASME Press,,,,,,
28,AST,,,,,,
29,AST Publisher,,,,,,
30,AUERBACH,,,,,,
31,AW,,,,,,
32,Abacus,,,,,,
33,Abacus Publishing Company,,,,,,
34,Ablex,,,,,,
35,Ablex Pub. Corp.,,,,,,
36,Ablex Publishing Corporation,,,,,,
37,Abrams,,,,,,
38,Abrams Books,,,,,,
39,"Abrams, Inc.",,,,,,
40,Academic,,,,,,
41,Academic P.,,,,,,
42,Academic Pr,,,,,,
43,Academic Press,,,,,,
44,Ace,,,,,,
45,Ace Books,,,,,,
46,Acornsoft Ltd.,,,,,,
47,Active Path Ltd.,,,,,,
48,Adams Media,,,,,,
49,Adams Media Corporation,,,,,,
50,Addision-Wesley,,,,,,
51,Addison Wesley,,,,,,
52,Addison Wesley Longman,,,,,,
53,"Addison Wesley Longman, Inc.",,,,,,
54,Addison Wesley Professional,,,,,,
55,Addison Wesley Publishing Company,,,,,,
56,Addison-Wesley,,,,,,
57,Addison-Wesley Developers Press,,,,,,
58,Addison-Wesley Longman,,,,,,
59,"Addison-Wesley Longman, Incorporated",,,,,,
60,Addison-Wesley Professional,,,,,,
61,Addison-Wesley Pub (Sd),,,,,,
62,Addison-Wesley Pub.,,,,,,
63,Addison-Wesley Pub. Co.,,,,,,
64,Addison-Wesley Publ,,,,,,
65,"Addison-Wesley, Advanced Book Program",,,,,,
66,Addsion Weslsey Longman Publishing Group,,,,,,
67,Adobe Press,,,,,,
68,Adult Children of Alcoholics World Service Organization,,,,,,
69,"Al-Anon Family Group Headquarters, Inc.",,,,,,
70,Al-Anon Family Groups,,,,,,
71,Alfaomega Grupo Editor,,,,,,
72,Alfred Waller,,,,,,
73,Alianza,,,,,,
74,Alianza Editorial Sa,,,,,,
75,Allen & Unwin,,,,,,
76,Allen Lane,,,,,,
77,Allied Publishers,,,,,,
78,Allyn & Bacon,,,,,,
79,Allyn and Bacon,,,,,,
80,Alpha,,,,,,
81,Alpha Books,,,,,,
82,Alpha Science International,,,,,,
83,Alpha Science International Ltd,,,,,,
84,"Alpha Science International, Ltd",,,,,,
85,Alpha Science Intl Ltd,,,,,,
86,Alphabooks,,,,,,
87,Amer Chemical Society,,,,,,
88,Amer Inst of Certified Public,,,,,,
89,Amer Society of Mechanical,,,,,,
90,America's Test Kitchen,,,,,,
91,American Elsevier,,,,,,
92,American Guidance Services Inc.,,,,,,
93,American Library Association,,,,,,
94,American Management Association,,,,,,
95,American Mathematical Society,,,,,,
96,"American Society for Engineering Education, Engineering Libraries Division",,,,,,
97,American Society of Civil Engineers,,,,,,
98,Amsterdam,,,,,,
99,Amsterdam University Press,,,,,,
100,Anaya Multimedia,,,,,,
101,Anchor Books,,,,,,
102,Anchor Press/Doubleday,,,,,,
103,Andr s Kecskemethy,,,,,,
104,Andrzej Wójtowicz,,,,,,
105,Anmol Publications Pvt. Ltd.,,,,,,
106,"Annick Press, Limited",,,,,,
107,Anthem Press,,,,,,
108,"Apple Academic Press, Incorporated",,,,,,
109,Appleton & Lange,,,,,,
110,Appleton-Century-Crofts,,,,,,
111,Apress L. P.,,,,,,
112,Apress Open,,,,,,
113,Arcler Education Inc,,,,,,
114,Arco,,,,,,
115,Arco Pub.,,,,,,
116,Arcturus Publishing,,,,,,
117,Ardsley House,,,,,,
118,Arnold,,,,,,
119,Arnoldo Mandadori Editore S.p.A.,,,,,,
120,Artech House,,,,,,
121,Artech House Publishers,,,,,,
122,Artemis-verlag,,,,,,
123,Artima,,,,,,
124,Ashgate,,,,,,
125,Ashgate Pub.,,,,,,
126,Asm Intl,,,,,,
127,Assn for Computing Machinery,,,,,,
128,Association for Computing Machinery,,,,,,
129,Association for Computing Machinery (ACM),,,,,,
130,Athabasca University Press,,,,,,
131,Athena Scientific,,,,,,
132,Atlantic Pub. Group,,,,,,
133,Atlantis Press,,,,,,
134,Atlantis Press (Zeger Karssen),,,,,,
135,Atria Books,,,,,,
136,Audible Studios,,,,,,
137,Audible Studios on Brilliance,,,,,,
138,Audible Studios on Brilliance Audio,,,,,,
139,AudioText,,,,,,
140,Audiogo,,,,,,
141,Auerbach Publications,,,,,,
142,"Auerbach Publishers, Incorporated",,,,,,
143,August House,,,,,,
144,Aurum,,,,,,
145,Aurum Press,,,,,,
146,Aurum Press Ltd,,,,,,
147,Austrian Computer Society on behalf of the International Federation for Information Processing,,,,,,
148,Autodesk Offical Press,,,,,,
149,Autodesk Press,,,,,,
150,Autor (a),,,,,,
151,AvoNova,,,,,,
152,B de Bolsillo (Ediciones B),,,,,,
153,B. B. C. Books,,,,,,
154,B. Blackwell,,,,,,
155,B. G.Teubner,,,,,,
156,B.B.C.,,,,,,
157,BBC Audiobooks America,,,,,,
158,BBC Book Publishing,,,,,,
159,BBC Books,,,,,,
160,BBC Worldwide,,,,,,
161,BBC/Parkwest Publications,,,,,,
162,BCA,,,,,,
163,BCS,,,,,,
164,BCS Learning & Development Limited,,,,,,
165,BPB,,,,,,
166,BPB Publications,,,,,,
167,BPB Publications .,,,,,,
168,BPP Publishing Ltd,,,,,,
169,BRILL,,,,,,
170,BRITISH FILM INSTITUTE,,,,,,
171,BT Batsford,,,,,,
172,Babblebooks,,,,,,
173,Babelcube Inc,,,,,,
174,Baen,,,,,,
175,Baen Books,,,,,,
176,Baker Book House,,,,,,
177,Balkema,,,,,,
178,Ballantine Books,,,,,,
179,Ballantine Pub. Group,,,,,,
180,Bange C. GmbH,,,,,,
181,Bantam,,,,,,
182,Bantam Books,,,,,,
183,Bantam Books for Young Readers,,,,,,
184,Bantam USA,,,,,,
185,Barafort Beatrix,,,,,,
186,"Barbour Publishing, Inc",,,,,,
187,Barnes & Noble,,,,,,
188,"Barnes & Noble Books, a division of Harper & Row",,,,,,
189,Barron's,,,,,,
190,Barron's Educational Series,,,,,,
191,Barrons Educational Books,,,,,,
192,Barrons Educational Series,,,,,,
193,"Barrons Educational Series, Inc.",,,,,,
194,Basic Books,,,,,,
195,"Bathgate, Andrew",,,,,,
196,Bay Books,,,,,,
197,Bayard Poche,,,,,,
198,Bayview Books,,,,,,
199,Bedford/St. Martin's,,,,,,
200,Belknap Press: An Imprint of Harvard University Press,,,,,,
201,BenBella Books,,,,,,
202,Benjamin Books,,,,,,
203,Benjamin Cummings,,,,,,
204,Benjamin-Cummings Pub Co,,,,,,
205,Benjamin/Cummings,,,,,,
206,Benjamin/Cummings (a Pearson Education company),,,,,,
207,Benjamin/Cummings Pub.,,,,,,
208,Benjamin/Cummings Pub. Co.,,,,,,
209,Bentham Science Publishers,,,,,,
210,Berkeley Brasil Editora,,,,,,
211,Berkley,,,,,,
212,Berkley Boulevard Books,,,,,,
213,Berkley Jam Books,,,,,,
214,Bernard Babani Publishing,,,,,,
215,Big Finish,,,,,,
216,Birkhauser,,,,,,
217,Birkhauser Verlag,,,,,,
218,Birkhauser-Boston,,,,,,
219,Birkhäuser Basel,,,,,,
220,Birkhäuser Boston,,,,,,
221,Blackhall Publishing Ltd,,,,,,
222,Blackstone Publishing,,,,,,
223,Blackwell,,,,,,
224,Blackwell Pub,,,,,,
225,Blackwell Pub.,,,,,,
226,Blackwell Publishers,,,,,,
227,Blackwell Publishing Limited,,,,,,
228,Blackwell Scientific Publications,,,,,,
229,Blaise Pascal Magazine,,,,,,
230,BlaisePascalMagazine Books,,,,,,
231,"Blake Publishing, Limited, John",,,,,,
232,Bloomsbury Academic,,,,,,
233,Bloomsbury Publishing,,,,,,
234,Bloomsbury Publishing PLC,,,,,,
235,Bloomsbury Publishing USA,,,,,,
236,Bolinda,,,,,,
237,Bolinda Audio,,,,,,
238,Bonnier pocket,,,,,,
239,BookBaby,,,,,,
240,BookSurge],,,,,,
241,Books On Tape,,,,,,
242,Borgo Press,,,,,,
243,Bound to Stay Bound Books,,,,,,
244,Boxtree,,,,,,
245,"Boxtree, Limited",,,,,,
246,Boyd & Fraser,,,,,,
247,Boyd & Fraser Pub Co,,,,,,
248,Boyd & Fraser Pub. Co,,,,,,
249,Boyd & Fraser Pub. Co.,,,,,,
250,Brady,,,,,,
251,Brady Communications Co.,,,,,,
252,Brady Pub.,,,,,,
253,BrainySoftware,,,,,,
254,Brand: Atria Books,,,,,,
255,Brand: Big Finish Productions,,,,,,
256,Brand: Chapman n Hall/CRC,,,,,,
257,Brand: Coriolis Group,,,,,,
258,Brand: Course Technology Inc,,,,,,
259,Brand: CreateSpace Independent Publishing Platform,,,,,,
260,Brand: Goodheart-Willcox Pub,,,,,,
261,Brand: HP Trade,,,,,,
262,Brand: Ieee,,,,,,
263,Brand: Institute of Electrical Electronics Enginee,,,,,,
264,Brand: MIT Press,,,,,,
265,Brand: Manning,,,,,,
266,Brand: Microsoft Press,,,,,,
267,Brand: Nova Science Publishers,,,,,,
268,Brand: Palgrave Macmillan,,,,,,
269,Brand: Pearson,,,,,,
270,Brand: Prentice Hall,,,,,,
271,Brand: SAS Institute,,,,,,
272,Brand: Springer,,,,,,
273,Brand: Wrox,,,,,,
274,Bright Red Publishing,,,,,,
275,Brill Academic Publishers,,,,,,
276,Brilliance Audio,,,,,,
277,Brilliance Corporation,,,,,,
278,"British Computer Society, The",,,,,,
279,Brooking Institution Press,,,,,,
280,Brookings Institution Press,,,,,,
281,Brooks Cole Pub. Co.,,,,,,
282,Brooks-Cole,,,,,,
283,Brooks/Cole,,,,,,
284,Brooks/Cole Cengage Learning,,,,,,
285,Brooks/Cole Pub. Co.,,,,,,
286,Brooks/Cole Thomson Learning,,,,,,
287,Brooks/Cole-Thomason Learning,,,,,,
288,Bruckmann,,,,,,
289,Bt Bound,,,,,,
290,Business & Educational,,,,,,
291,Business Education Publishers Ltd,,,,,,
292,Business Education Pubs.,,,,,,
293,Business Technology Books,,,,,,
294,Butterworth-Heinemann,,,,,,
295,Byte Code LLC,,,,,,
296,C. E. Merrill Pub. Co.,,,,,,
297,C. Potter,,,,,,
298,C. Scribner's Sons,,,,,,
299,CADCIM Technologies,,,,,,
300,CAMBRIDGE UNIV PRESS,,,,,,
301,CAREERCUP,,,,,,
302,"CAYLEY NIELSON PRESS, INC.",,,,,,
303,CHANNEL 4 BOOKS,,,,,,
304,CLSI Publications,,,,,,
305,CMP,,,,,,
306,CMP Books,,,,,,
307,CQ Press,,,,,,
308,CRC,,,,,,
309,CRC Press,,,,,,
310,CRC Press LLC,,,,,,
311,"CRC Press, Taylor & Francis Group",,,,,,
312,"CRC Press, Taylor & Franciss Group",,,,,,
313,CRC Press/Taylor & Francis,,,,,,
314,CRC Press/Taylor & Francis Group,,,,,,
315,CSLI Publications/Center for the Study of Language & Information,,,,,,
316,Cadence Design Systems,,,,,,
317,Cafoscarina,,,,,,
318,Camb.U.P.,,,,,,
319,Cambridge,,,,,,
320,Cambridge Scholars,,,,,,
321,Cambridge Scholars Publishing,,,,,,
322,Cambridge University Press,,,,,,
323,Candlewick,,,,,,
324,Canfield Press,,,,,,
325,Capstone,,,,,,
326,Capstone Press,,,,,,
327,Career Education,,,,,,
328,CareerMonk Publications,,,,,,
329,Carl Hanser Verlag,,,,,,
330,Carlton Egremont,,,,,,
331,Carnegie Pub.,,,,,,
332,Carocci,,,,,,
333,Carol Pub Group,,,,,,
334,Carol Pub. Group,,,,,,
335,Carroll & Graf,,,,,,
336,Carson Dellosa Pub Co Inc,,,,,,
337,Cengage Delmar Learning,,,,,,
338,Cengage Gale,,,,,,
339,Cengage Learning,,,,,,
340,Cengage Learning Asia,,,,,,
341,Cengage Learning Australia,,,,,,
342,Cengage Learning Emea,,,,,,
343,Cengage Learning PTR,,,,,,
344,Cengage Learning US,,,,,,
345,"Cengage Learning, Inc",,,,,,
346,Cengage South-Western,,,,,,
347,Center for Effective Performance,,,,,,
348,Center for the Study of Language and Inf,,,,,,
349,Center for the Study of Language and Information,,,,,,
350,Century,,,,,,
351,Century Publications,,,,,,
352,Century Publishing with Melbourne House,,,,,,
353,Chandos Pub.,,,,,,
354,Chandos Publishing (Oxford) Ltd,,,,,,
355,Chapman & Hall,,,,,,
356,Chapman & Hall/CRC,,,,,,
357,Chapman & Hall/CRC Press,,,,,,
358,Chapman And Hall,,,,,,
359,Chapman and Hall/CRC,,,,,,
360,Charles C Thomas,,,,,,
361,Charles River Media,,,,,,
362,Charles River Media/Course Technology,,,,,,
363,"Charlesbridge Publishing, Incorporated",,,,,,
364,Charlotte Mason Research & Supply,,,,,,
365,Chartwell-Bratt,,,,,,
366,Chatto & Windus,,,,,,
367,Checkmark Books,,,,,,
368,Chelsea Green Publishing,,,,,,
369,Chelsea House,,,,,,
370,Chenelière/McGraw- Hill,,,,,,
371,Cherry Lake Publishing,,,,,,
372,Chicago Review Press,,,,,,
373,Child Evangelism Fellowship Press,,,,,,
374,Chivers North America,,,,,,
375,Christopher Helm Publishers Ltd,,,,,,
376,Chronicle Books LLC,,,,,,
377,Churchill Livingstone,,,,,,
378,Cisco,,,,,,
379,Cisco Press,,,,,,
380,Clarendon Press,,,,,,
381,"Clarity Press, Inc.",,,,,,
382,Classic Books Library,,,,,,
383,ClydeBank Media LLC,,,,,,
384,Code Energy,,,,,,
385,Cognella Academic Publishing,,,,,,
386,Collier Macmillan,,,,,,
387,Collin,,,,,,
388,Collins,,,,,,
389,Colorado School of Mines,,,,,,
390,Columbia University Press,,,,,,
391,Columbus Books,,,,,,
392,CompTIA,,,,,,
393,Computer & Literatur Verlag GmbH,,,,,,
394,Computer Management Corp,,,,,,
395,Computer Science Pr,,,,,,
396,Computer Science Press,,,,,,
397,Computer Society Press of the IEEE,,,,,,
398,Computer Step,,,,,,
399,Computer Technology Research Corp.,,,,,,
400,Computing Information Directory,,,,,,
401,Computing Mcgraw-Hill,,,,,,
402,Contemporary Books,,,,,,
403,Continuum,,,,,,
404,Continuum International Publishing Group,,,,,,
405,Cooper Square Pub,,,,,,
406,Copernicus,,,,,,
407,Corgi Children's,,,,,,
408,Corgi Childrens,,,,,,
409,Coriolis,,,,,,
410,Coriolis Group Books,,,,,,
411,Cornelsen,,,,,,
412,Corporate Systems Center,,,,,,
413,Corwin,,,,,,
414,Course Technology,,,,,,
415,Course Technology Cengage Learning,,,,,,
416,Course Technology PTR,,,,,,
417,Course Technology Ptr (Sd),,,,,,
418,"Course Technology, Cengage Learning",,,,,,
419,Course Technology/Cengage Learning,,,,,,
420,Course Technology/Cengage Learning India,,,,,,
421,Cover Pub Co,,,,,,
422,Cover Pub. Co.,,,,,,
423,Crabtree Pub. Company,,,,,,
424,Crabtree Publishing Company,,,,,,
425,Crc Pr I Llc,,,,,,
426,CreateSpace,,,,,,
427,CreateSpace Independent Publishing Platform,,,,,,
428,Creative Book Writers,,,,,,
429,Creative Computing Press,,,,,,
430,Creative Education,,,,,,
431,Crisp Pub Inc,,,,,,
432,"Crisp Publications, Incorporated",,,,,,
433,Critical Thinking Books & Software,,,,,,
434,Crown,,,,,,
435,Crown House Publishing,,,,,,
436,Crown House Publishing LLC,,,,,,
437,Crown Pub,,,,,,
438,Crown Publishers,,,,,,
439,Crown Publishing Group,,,,,,
440,Crown/Archetype,,,,,,
441,Cumberland House,,,,,,
442,Currency,,,,,,
443,CyberTech Pub.,,,,,,
444,D.C. Heath,,,,,,
445,D.C. Heath and Co.,,,,,,
446,D.C.Heath,,,,,,
447,D.P. Publications,,,,,,
448,DK,,,,,,
449,DK ADULT,,,,,,
450,DK Children,,,,,,
451,DK Publishing (Dorling Kindersley),,,,,,
452,DUMMIES TRADE PRESS,,,,,,
453,DUV,,,,,,
454,Da Capo Press,,,,,,
455,Dark Horse,,,,,,
456,Dark Horse Books,,,,,,
457,Dark Horse Comics,,,,,,
458,Data Becker,,,,,,
459,David & Charles [distributor],,,,,,
460,Daw Books,,,,,,
461,De Gruyter,,,,,,
462,"De Gruyter, Inc.",,,,,,
463,Debate,,,,,,
464,Del Rey,,,,,,
465,Delacorte Press,,,,,,
466,Dell,,,,,,
467,Dell Publishing,,,,,,
468,Delmar,,,,,,
469,Delmar Cengage Learning,,,,,,
470,Delmar Pub,,,,,,
471,Delmar Publishers,,,,,,
472,"Delmar, Cengage Learning",,,,,,
473,Delmar/Thomson Learning,,,,,,
474,Demco Media,,,,,,
475,"Dept. of Commerce, National Bureau of Standards : for sale by the Supt. of Docs., U.S. Govt. Print. Off.",,,,,,
476,"Dept. of Mathematics, Karl Marx University of Economics",,,,,,
477,Design Enterprises,,,,,,
478,Deutscher Universitäts Verlag,,,,,,
479,Dex Yayinevi,,,,,,
480,"Dey St., an imprint of William Morrow",,,,,,
481,Dhanpat Rai & Sons,,,,,,
482,Dial Books for Young Readers,,,,,,
483,Dialektika / Vilyams,,,,,,
484,Diamond,,,,,,
485,Diane Pub Co,,,,,,
486,Diaphanes,,,,,,
487,Dietel Prentice Hall,,,,,,
488,"Dietze, B.,Kashin,D.(2023)",,,,,,
489,Digital Bond Press,,,,,,
490,Digital Press,,,,,,
491,Disc Us Books Inc,,,,,,
492,Disney Press,,,,,,
493,Dissertation.de Verlag im Internet GmbH,,,,,,
494,Distributed by Independent Publishers Group,,,,,,
495,Distributed by Prentice Hall,,,,,,
496,Distributed by Prentice Hall Trade,,,,,,
497,Distributed by Publishers Group West,,,,,,
498,Distributed by Springer Science+Business Media,,,,,,
499,Distributed by Springer-Verlag,,,,,,
500,Distributed by Springer-Verlag New York,,,,,,
501,Distributed by World Scientific,,,,,,
502,Distributed in North America by Transaction,,,,,,
503,Distributed in the U.S. and Canada by St. Martin's Press,,,,,,
504,Distributed in the U.S.A. and Canada by Kluwer Academic,,,,,,
505,Distributed in the US by Publishers Group West,,,,,,
506,Distributed to the Book trade worldwide by Springer-Verlag,,,,,,
507,Distributed to the book trade by IDG Books Worldwide,,,,,,
508,Distributed to the book trade in the U.S. by Harper & Row,,,,,,
509,Distributed to the book trade in the U.S. by Publishers Group West,,,,,,
510,"Distributed to the book trade worldwide by Springer Science + Business Media, LLC.",,,,,,
511,Distributed to the book trade worldwide by Springer Science+ Business Media,,,,,,
512,Distributed to the book trade worldwide by Springer Science+Business Media,,,,,,
513,"Distributors for the U.S. and Canada, Elsevier Science Pub. Co.",,,,,,
514,"Distributors for the U.S.A. and Canada, Kluwer Academic Publishers",,,,,,
515,"Distributors for the United States and Canada, Elsevier Science Pub. Co.",,,,,,
516,Doctor Who,,,,,,
517,Doctor Who Books,,,,,,
518,"Doherty Associates, LLC, Tom",,,,,,
519,Domingo Yayinevi,,,,,,
520,Dorling,,,,,,
521,Dorling Kindersley,,,,,,
522,Dorling Kindersley (India),,,,,,
523,Dorling Kindersley Limited,,,,,,
524,Dorling Kindersley Ltd,,,,,,
525,Dorling Kindersley Publishers Ltd,,,,,,
526,"Dorling Kindersley Publishing, Incorporated",,,,,,
527,Dorset House Pub.,,,,,,
528,DoubleDay,,,,,,
529,"Doubleday, a division of Random House, LLC",,,,,,
530,Dover Publications,,,,,,
531,"Dover Publications, Incorporated",,,,,,
532,Dragon,,,,,,
533,Dream Songs Press,,,,,,
534,Dreamtech Press,,,,,,
535,Dryden Press,,,,,,
536,Duke University Press,,,,,,
537,Duke University Press Books,,,,,,
538,Dumfries & Galloway Libraries,,,,,,
539,Dunod,,,,,,
540,Dutton,,,,,,
541,Dutton Books,,,,,,
542,Duxbury Pr,,,,,,
543,Duxbury Press,,,,,,
544,Duxbury/Thomson Learning,,,,,,
545,E. Horwood,,,,,,
546,E.D.C. Publishing,,,,,,
547,ECW Press,,,,,,
548,EDC Pub.,,,,,,
549,EDP Sciences,,,,,,
550,ELITE-Foundation,,,,,,
551,EMC/P Pub.,,,,,,
552,EMC/Paradigm Publishing,,,,,,
553,ESRI Press,,,,,,
554,"ESRI, Incorporated",,,,,,
555,Eamon Dolan/Houghton Mifflin Harcourt,,,,,,
556,Easy Steps Ltd.,,,,,,
557,Ebsco Publishing,,,,,,
558,Ebury Publishing,,,,,,
559,Ecco,,,,,,
560,Econo-Clad Books,,,,,,
561,Eden Grove,,,,,,
562,Ediciones B,,,,,,
563,Edinburgh University Press,,,,,,
564,Editions J'ai lu,,,,,,
565,Editora Aleph,,,,,,
566,Editores Técnicos Asociados,,,,,,
567,Editura C.H. Beck,,,,,,
568,Education In Parallel,,,,,,
569,Electronic Products,,,,,,
570,Element Books Ltd.,,,,,,
571,Ellis Horwood,,,,,,
572,Ellis Horwood Ltd,,,,,,
573,Elsevier,,,,,,
574,Elsevier - Health Sciences Division,,,,,,
575,Elsevier Academic Press,,,,,,
576,Elsevier Focal Press,,,,,,
577,Elsevier Morgan Kaufmann Publishers,,,,,,
578,Elsevier Publishing Company,,,,,,
579,Elsevier Science,,,,,,
580,Elsevier Science & Technology,,,,,,
581,Elsevier Science & Technology Books,,,,,,
582,Elsevier Science Ltd,,,,,,
583,Elsevier Science [distributor],,,,,,
584,"Elsevier, Inc.",,,,,,
585,Elsevier/Morgan Kaufmann,,,,,,
586,Elsevier/Morgan Kaufmann Publishers,,,,,,
587,Elsevier/Newnes,,,,,,
588,Elsevier/Syngress,,,,,,
589,Ember,,,,,,
590,Emerald Publishing Limited,,,,,,
591,Engineering & Management Press,,,,,,
592,Engineering Science Reference,,,,,,
593,Eolss Publishers,,,,,,
594,Erlbaum,,,,,,
595,European Institute for the Media,,,,,,
596,Example Product Manufacturer,,,,,,
597,Eyrolles,,,,,,
598,F. Vieweg,,,,,,
599,F. Watts,,,,,,
600,Faber,,,,,,
601,"Faber & Faber, Incorporated",,,,,,
602,Facet Publishing,,,,,,
603,Facts On File,,,,,,
604,Family Tree Books,,,,,,
605,Featherstone Education,,,,,,
606,Feltrinelli,,,,,,
607,Feng Ruyong,,,,,,
608,Ferguson Pub.,,,,,,
609,Ferguson Publishing Company,,,,,,
610,Fiction,,,,,,
611,Fiero Publishing Company,,,,,,
612,Financial Executives Research Foundation,,,,,,
613,Financial Times Prentice Hall,,,,,,
614,Firebird,,,,,,
615,Fitzroy Dearborn,,,,,,
616,Flacowski,,,,,,
617,Flame Tree Publishing,,,,,,
618,Focal Press,,,,,,
619,Fontana Press,,,,,,
620,For Dummies,,,,,,
621,For Dummies [Imprint],,,,,,
622,"For sale by the Supt. of Docs., U.S. G.P.O.",,,,,,
623,Fourth Estate,,,,,,
624,Franciscan Media,,,,,,
625,Franklin Beedle & Associates,,,,,,
626,Franklin Watts Ltd,,,,,,
627,"Franklin, Beedle & Associates",,,,,,
628,"Franklin, Beedle & Associates, Incorporated",,,,,,
629,Free Press,,,,,,
630,Free Software Foundation,,,,,,
631,Freeform,,,,,,
632,"Freeman & Company, W. H.",,,,,,
633,French and European Publications Inc,,,,,,
634,Friedr. Vieweg & Sohn Verlag,,,,,,
635,"Friedr. Vieweg & Sohn Verlag GWV Fachverlage GmbH, Wiesbaden",,,,,,
636,"Friedr.Vieweg & Sohn Verlag GWV Fachverlage GmbH, Wiesbaden",,,,,,
637,"Friends of ED, an Apress company",,,,,,
638,Fundação Francisco Manuel dos Santos,,,,,,
639,G/L Tab Books,,,,,,
640,GP Pub.,,,,,,
641,Gabler,,,,,,
642,Galera Record,,,,,,
643,Galileo Press,,,,,,
644,Gallimard,,,,,,
645,"Gamepro Publishing, Incorporated",,,,,,
646,Gate Group,,,,,,
647,Genever Benning,,,,,,
648,GeoFluv,,,,,,
649,Gildan Audio and Blackstone Audio,,,,,,
650,Glencoe,,,,,,
651,"Glencoe, Macmillan/McGraw-Hill",,,,,,
652,Glencoe/McGraw-Hill,,,,,,
653,Global Media,,,,,,
654,"Globe Pequot Press, The",,,,,,
655,Golden Books,,,,,,
656,Golden Gryphon Press,,,,,,
657,Goldmann,,,,,,
658,Gollancz,,,,,,
659,Good Guy,,,,,,
660,Goodheart-Willcox Publisher,,,,,,
661,Gordon and Breach,,,,,,
662,Gordon and Breach Science Publishers,,,,,,
663,Gower,,,,,,
664,Gower Medical,,,,,,
665,Gower Pub.,,,,,,
666,Gower Publishing Ltd,,,,,,
667,Grafton,,,,,,
668,Gramercy Books,,,,,,
669,Grand Central Publishing,,,,,,
670,Graphic Arts Technical Fndtn,,,,,,
671,Graphics Press,,,,,,
672,Grassdale Pub,,,,,,
673,Graw-Hill,,,,,,
674,Green Tea Press,,,,,,
675,Greenwich House,,,,,,
676,Greenwood Press,,,,,,
677,"Gregg Division, McGraw-Hill",,,,,,
678,Gregg Press,,,,,,
679,Griffin,,,,,,
680,Grijalbo,,,,,,
681,"Grinder, DeLozier & Associates.",,,,,,
682,Grosset & Dunlap,,,,,,
683,Grupo Ajec,,,,,,
684,Grupo Oceano,,,,,,
685,Gryphon House,,,,,,
686,Guo li kong zhong da xue,,,,,,
687,H.W. Sams,,,,,,
688,HCi,,,,,,
689,Hachette Audio,,,,,,
690,Hachette Books,,,,,,
691,Hachette Children's Group,,,,,,
692,Halsted Press,,,,,,
693,Hanser Gardner Publications,,,,,,
694,Harcourt,,,,,,
695,Harcourt Academic,,,,,,
696,Harcourt Brace Jovanovich,,,,,,
697,Harcourt College Pub,,,,,,
698,Harcourt School,,,,,,
699,"Harcourt, Brace & World",,,,,,
700,Harcourt/Academic Press,,,,,,
701,Harlequin,,,,,,
702,"Harlequin Mills & Boon, Limited",,,,,,
703,Harmony Books,,,,,,
704,Harper & Row,,,,,,
705,"Harper & Row, Publishers",,,,,,
706,Harper Design,,,,,,
707,"Harper Design, an imprint of HarperCollinsPublishers",,,,,,
708,Harper Perennial,,,,,,
709,HarperAudio,,,,,,
710,HarperCollins,,,,,,
711,HarperCollins Entertainment,,,,,,
712,HarperCollins Publishers,,,,,,
713,HarperCollins Publishers Australia,,,,,,
714,HarperCollins Publishers Limited,,,,,,
715,HarperCollins Publishers Ltd,,,,,,
716,HarperCollins UK and Blackstone Audio,,,,,,
717,HarperCollinsPublishers,,,,,,
718,HarperEntertainment,,,,,,
719,HarperPaperbacks,,,,,,
720,HarperPerennial,,,,,,
721,HarperSanFrancisco,,,,,,
722,HarperTorch,,,,,,
723,HarperTrophy,,,,,,
724,Harpercollins (Mm),,,,,,
725,Hartung-Gorre,,,,,,
726,Hartung-Gorre Verlag,,,,,,
727,Harvard Business School Press,,,,,,
728,Harvard University Press,,,,,,
729,"Harvey, Greg",,,,,,
730,Haworth Information Press,,,,,,
731,Hayden Book Co,,,,,,
732,Hayden Book Co.,,,,,,
733,Hayden Books,,,,,,
734,Haynes North America,,,,,,
735,Haynes Publishing Group P.L.C.,,,,,,
736,Hazelden,,,,,,
737,Headline Publishing,,,,,,
738,"Health Communications, Inc.",,,,,,
739,"Health Communications, Incorporated",,,,,,
740,Heinemann Educational Publishers,,,,,,
741,Henry Holt & Co,,,,,,
742,Henry Holt and Company,,,,,,
743,Heyden,,,,,,
744,HighBridge Audio,,,,,,
745,Higher Education Press,,,,,,
746,Hilger,,,,,,
747,Historyofscience.com.,,,,,,
748,Hochschulverlag AG an der ETH,,,,,,
749,Hodder & Stoughton,,,,,,
750,Hodder Arnold,,,,,,
751,Hodder Arnold H&S,,,,,,
752,Hodder Education,,,,,,
753,Hodder Education Group,,,,,,
754,Hodder Gibson,,,,,,
755,Hodder Murray,,,,,,
756,Hodder Wayland,,,,,,
757,Hoffmann und Campe,,,,,,
758,"Holt & Company, Henry",,,,,,
759,Holt Paperbacks,,,,,,
760,Holt Rinehart & Winston,,,,,,
761,"Holt Software Associates, Inc",,,,,,
762,"Holt, Rinehart and Winston",,,,,,
763,"Holt, Rinehart, and Winston",,,,,,
764,Holy Macro! Books,,,,,,
765,Hongik MidioÌ,,,,,,
766,Houghton Mifflin,,,,,,
767,Houghton Mifflin (Academic),,,,,,
768,Houghton Mifflin College Div,,,,,,
769,Houghton Mifflin Harcourt,,,,,,
770,Houghton Mifflin Harcourt Publishing Company,,,,,,
771,Houghton Mifflin Harcourt Trade & Reference Publishers,,,,,,
772,Howard W. Sams & Co.,,,,,,
773,Human Kinetics,,,,,,
774,Humanities Pr,,,,,,
775,Hungry Minds,,,,,,
776,Hungry Minds Inc,,,,,,
777,Hyperion,,,,,,
778,Hyperion Book CH,,,,,,
779,Hyperion Books,,,,,,
780,Hyperion Books (Adult Trd Pap),,,,,,
781,I.B.Tauris,,,,,,
782,I.K. International Publishing House Pvt. Ltd,,,,,,
783,IAP/Information Age Pub.,,,,,,
784,IBID Press,,,,,,
785,IBM,,,,,,
786,"IBM Corp., International Technical Support Organization",,,,,,
787,IBM International Technical Support Organization,,,,,,
788,IBM Press,,,,,,
789,IBM Press/Pearson,,,,,,
790,IBM Press/Pearson plc,,,,,,
791,"IBM, International Technical Support Organization",,,,,,
792,IDG,,,,,,
793,IDG Books,,,,,,
794,IDG Books Worldwide,,,,,,
795,"IDG Books Worldwide, Inc.",,,,,,
796,IEEE,,,,,,
797,IEEE Computer Society,,,,,,
798,IEEE Computer Society Press,,,,,,
799,IEEE Press,,,,,,
800,"IEEE Publications,U.S.",,,,,,
801,IFIP International Federation for Information Processing,,,,,,
802,IGI Global,,,,,,
803,"IGI Global (701 E. Chocolate Avenue, Hershey, Pennsylvania, 17033, USA)",,,,,,
804,IGI Global Scientific Publishing,,,,,,
805,IOS Press,,,,,,
806,"IOS Press, Incorporated",,,,,,
807,ISTE,,,,,,
808,ISTE Ltd,,,,,,
809,ISTE Ltd/John Wiley and Sons,,,,,,
810,ISTE USA,,,,,,
811,ISTE/Wiley,,,,,,
812,IT Governance Pub.,,,,,,
813,IT Revolution Press,,,,,,
814,Idea Group Pub.,,,,,,
815,Il calamo,,,,,,
816,Ilex,,,,,,
817,Impact Publications,,,,,,
818,Imperial College Press,,,,,,
819,Imprint,,,,,,
820,Imprint: Apress,,,,,,
821,Imprint: Birkhäuser,,,,,,
822,Imprint: Physica,,,,,,
823,Imprint: Springer,,,,,,
824,Imprint: Springer Vieweg,,,,,,
825,In Easy Steps Limited,,,,,,
826,InTech,,,,,,
827,Indeks-Verlag,,,,,,
828,Independent Publisher,,,,,,
829,Independently Published,,,,,,
830,Industrial Press,,,,,,
831,"Industrial Press, Inc.",,,,,,
832,"Industrial Press, Incorporated",,,,,,
833,Infinity Science Press,,,,,,
834,Info Tech Employment,,,,,,
835,InfoLearnQuest,,,,,,
836,"Infobase Holdings, Inc.",,,,,,
837,Infobase Pub.,,,,,,
838,Information Science Reference,,,,,,
839,Information Today,,,,,,
840,Informix Press,,,,,,
841,Ingram Publisher Services [Distributor],,,,,,
842,Ingramcontent,,,,,,
843,Inner Patch Publishing,,,,,,
844,Insight Editions,,,,,,
845,Insignis Media,,,,,,
846,Inst of Elect & Electronic,,,,,,
847,Institut national de recherche en informatique et en automatique,,,,,,
848,Institute for the Information Society,,,,,,
849,Institute of Electrical & Electronics Enginee,,,,,,
850,Institute of Electrical and Electronics Engineers,,,,,,
851,Institute of Physics Pub.,,,,,,
852,Institute of Physics Publishing,,,,,,
853,Institute of Software Engineering,,,,,,
854,Institution of Electrical Engineers,,,,,,
855,Institution of Engineering & Technology,,,,,,
856,Institution of Engineering and Technology,,,,,,
857,Instructional Fair,,,,,,
858,Instructor Led Training,,,,,,
859,Instrument Society of America,,,,,,
860,Int. Cengage Business Press,,,,,,
861,Intel Corporation,,,,,,
862,Intellect,,,,,,
863,Intellect Books,,,,,,
864,Intellect L & D E F a E,,,,,,
865,"Interactive Software Engineering, Inc.",,,,,,
866,"International Book Centre, Inc.",,,,,,
867,International Federation for Information Processing,,,,,,
868,"International Press of Boston, Incorporated",,,,,,
869,International Society for Technology in Education,,,,,,
870,International Technical Support Organization,,,,,,
871,International Thomson Computer Press,,,,,,
872,International Thomson Publishing,,,,,,
873,Interscience,,,,,,
874,Intertext,,,,,,
875,Irm Press,,,,,,
876,Irwin,,,,,,
877,Irwin Professional Publishing,,,,,,
878,Irwin/McGraw-Hill,,,,,,
879,Island Press,,,,,,
880,Itp - Media,,,,,,
881,Izd-vo In-ta matematiki,,,,,,
882,J. Wiley,,,,,,
883,J. Wiley & Sons,,,,,,
884,J.Wiley,,,,,,
885,JOHN WILEY,,,,,,
886,Jackson,,,,,,
887,"Jacobs Brown Press, an imprint of Jacobs Brown Media Group, LLC",,,,,,
888,Jaico Publishing House,,,,,,
889,Jamsa Press,,,,,,
890,Jean Paul Bayol,,,,,,
891,Jettelly Publishing,,,,,,
892,Ji xie gong ye chu ban she,,,,,,
893,Jist Works,,,,,,
894,Jo Sanders Publications,,,,,,
895,Joanna Cotler Books,,,,,,
896,John Benjamins Pub. Company,,,,,,
897,John Murray,,,,,,
898,John Wiley & Sons,,,,,,
899,John Wiley & Sons Inc,,,,,,
900,John Wiley & Sons Inc (Computers),,,,,,
901,John Wiley & Sons Ltd (Import),,,,,,
902,"John Wiley & Sons, Inc.",,,,,,
903,"John Wiley & Sons, Ltd.",,,,,,
904,John Wiley Sons,,,,,,
905,John Wiley [distributor],,,,,,
906,John Wiley and Sons,,,,,,
907,John Wiley and Sons (WIE),,,,,,
908,John Wiley&Sons,,,,,,
909,Johns Hopkins University Press,,,,,,
910,Jones & Bartlett Learning,,,,,,
911,"Jones & Bartlett Learning, LLC",,,,,,
912,Jones & Bartlett Pub,,,,,,
913,Jones & Bartlett Publishers,,,,,,
914,"Jones & Bartlett Publishers, Inc.",,,,,,
915,Jones and Bartlett,,,,,,
916,Jones and Bartlett Learning,,,,,,
917,Jones and Bartlett Publishers,,,,,,
918,"Jones and Bartlett Publishers, Inc.",,,,,,
919,Joseph Henry Press,,,,,,
920,Jossey-Bass,,,,,,
921,Jossey-Bass Publishers,,,,,,
922,K. Orr,,,,,,
923,Kadokawashoten,,,,,,
924,Kaplan Publishing,,,,,,
925,Kendall Hunt Pub Co,,,,,,
926,Kendall Hunt Publishing,,,,,,
927,Kendall Hunt Publishing Company,,,,,,
928,Kendall/Hunt Publishing Company,,,,,,
929,KidHaven Press,,,,,,
930,Kitware Inc.,,,,,,
931,Kluwer,,,,,,
932,Kluwer Academic,,,,,,
933,Kluwer Academic Publishers,,,,,,
934,Kluwer Academic/Plenum Press,,,,,,
935,Knopf,,,,,,
936,Knopf Publishing Group,,,,,,
937,Kodlab Yayin Dagitim,,,,,,
938,Kogan Page,,,,,,
939,"Kogan Page, Limited",,,,,,
940,Krieger Pub Co,,,,,,
941,L. Erlbaum Associates,,,,,,
942,LIBERLOG,,,,,,
943,LLH Technology Pub,,,,,,
944,Ladybird,,,,,,
945,Lakeview Research,,,,,,
946,"Lakeview Research, LLC",,,,,,
947,"Lang AG International Academic Publishers, Peter",,,,,,
948,Larousse - Grupo Editorial Patria,,,,,,
949,Lawrence Erlbaum,,,,,,
950,Lawrence Erlbaum Associates,,,,,,
951,"Lawrenceville Press, a division of EMC Publishing",,,,,,
952,Le Bélial',,,,,,
953,Leanpub,,,,,,
954,Learning Solutions,,,,,,
955,Leckie & Leckie,,,,,,
956,"Leckie & Leckie Ltd, an imprint of HarperCollins Publishers",,,,,,
957,Len Gelman,,,,,,
958,Lerner Publishing Group,,,,,,
959,Letts Educational,,,,,,
960,Libraries Unlimited,,,,,,
961,Lifetime Learning Publications,,,,,,
962,Lingua House,,,,,,
963,Liquididea Press,,,,,,
964,"Literary Licensing, LLC",,,,,,
965,Little Brown & Company,,,,,,
966,Little Brown and Company,,,,,,
967,"Little, Brown",,,,,,
968,"Little, Brown Book Group Limited",,,,,,
969,"Little, Brown Books for Young Readers",,,,,,
970,"Little, Brown and Co",,,,,,
971,"Little, Brown and Company",,,,,,
972,"Little, Brown.",,,,,,
973,Living Language,,,,,,
974,Lloret Mauri Jaime,,,,,,
975,Locate Press,,,,,,
976,London,,,,,,
977,London Bridge,,,,,,
978,Longman,,,,,,
979,Longman (for) Nuffield-Chelsea Curriculum Trust,,,,,,
980,Ltd/John Wiley,,,,,,
981,"Lulu Press, Inc.",,,,,,
982,Lulu.com,,,,,,
983,M & T Books,,,,,,
984,M&L Publishers,,,,,,
985,M&T Books,,,,,,
986,M&T Press,,,,,,
987,M&T Pub.,,,,,,
988,M. Dekker,,,,,,
989,M. Kaufmann Publishers,,,,,,
990,M.I.S. Press,,,,,,
991,M.I.T. P.,,,,,,
992,M.I.T. Press,,,,,,
993,MC Press,,,,,,
994,"MC Press Online, LLC",,,,,,
995,"MC Press, LLC",,,,,,
996,MIS,,,,,,
997,MIT,,,,,,
998,MIT Press,,,,,,
999,MITP Verlags GmbH,,,,,,
1000,MOXIC,,,,,,
1001,MTV Press,,,,,,
1002,MacMillan,,,,,,
1003,MacMillan Education Australia,,,,,,
1004,Macdonald and Jane's,,,,,,
1005,Macmillan Audio,,,,,,
1006,Macmillan Digital Publishing,,,,,,
1007,Macmillan Library Reference,,,,,,
1008,Macmillan Press,,,,,,
1009,Macmillan Pub. Co.,,,,,,
1010,Macmillan Publishers Limited,,,,,,
1011,Macmillan Publishing Company,,,,,,
1012,"Macmillan Reference USA, a part of Gale, Cengage Learning",,,,,,
1013,Macmillan Technical Pub.,,,,,,
1014,Made Simple,,,,,,
1015,Made Simple Books,,,,,,
1016,Maigeluo·Xier chu ban ji tuan Taiwan fen gong si,,,,,,
1017,Main Street Books,,,,,,
1018,Maker Media,,,,,,
1019,"Maker Media, Inc",,,,,,
1020,"Maker Media, Incorported",,,,,,
1021,Mallon Publishing,,,,,,
1022,Management Information Source,,,,,,
1023,Manchester University Press,,,,,,
1024,Mandarin,,,,,,
1025,Manning,,,,,,
1026,Manning Publications,,,,,,
1027,Manning Publications Co.,,,,,,
1028,Manning Publications Co. LLC,,,,,,
1029,Manning Pubn,,,,,,
1030,Marabout,,,,,,
1031,Marcel Dekker,,,,,,
1032,"Marcel Dekker, Inc.",,,,,,
1033,Marijuana Anonymous,,,,,,
1034,Mariner Books,,,,,,
1035,Markus Wiener,,,,,,
1036,Markus Winterholer,,,,,,
1037,Marshall Cavendish Benchmark,,,,,,
1038,Marvin,,,,,,
1039,Masson,,,,,,
1040,Matador,,,,,,
1041,Mathematical Association of America,,,,,,
1042,Maxwell Macmillan Canada,,,,,,
1043,Maxwell Macmillan International,,,,,,
1044,Mayfield Pub.,,,,,,
1045,Mayfield Pub. Co.,,,,,,
1046,"Maṭkal/Ḳetsin ḥinukh rashi/Gale Tsahal, Miśrad ha-biṭaḥon",,,,,,
1047,Mc Graw Hill India,,,,,,
1048,McClelland & Stewart,,,,,,
1049,McFarland,,,,,,
1050,McFarland & Co.,,,,,,
1051,McFarland & Company,,,,,,
1052,McGraw,,,,,,
1053,McGraw Hill,,,,,,
1054,McGraw Hill Education,,,,,,
1055,McGraw Hill Higher Education,,,,,,
1056,McGraw-Hill,,,,,,
1057,McGraw-Hill Book Co.,,,,,,
1058,McGraw-Hill College,,,,,,
1059,McGraw-Hill Companies,,,,,,
1060,McGraw-Hill Education,,,,,,
1061,McGraw-Hill Education (ISE Editions),,,,,,
1062,McGraw-Hill Education - Europe,,,,,,
1063,McGraw-Hill Education Custom Publishing,,,,,,
1064,McGraw-Hill Education TAB,,,,,,
1065,McGraw-Hill Europe,,,,,,
1066,McGraw-Hill Higher Education,,,,,,
1067,McGraw-Hill Higher Education (US),,,,,,
1068,McGraw-Hill Humanities/Social Sciences/Languages,,,,,,
1069,McGraw-Hill India,,,,,,
1070,McGraw-Hill Medical,,,,,,
1071,McGraw-Hill Osborne,,,,,,
1072,McGraw-Hill Osborne Media,,,,,,
1073,McGraw-Hill Professional,,,,,,
1074,McGraw-Hill Professional Publishing,,,,,,
1075,McGraw-Hill Publishing Co.,,,,,,
1076,"McGraw-Hill Ryerson, 1978.",,,,,,
1077,McGraw-Hill Science/Engineering/Math,,,,,,
1078,McGraw-Hill Technology Education,,,,,,
1079,McGraw-Hill [distributor],,,,,,
1080,"McGraw-Hill, Inc.",,,,,,
1081,McGraw-Hill/Irwin,,,,,,
1082,McGraw-Hill/Osborne,,,,,,
1083,McGraw-Hill/Osborne Media,,,,,,
1084,McGraw-Hill/OsborneMedia,,,,,,
1085,McGraw-Hill/TAB Electronics,,,,,,
1086,McGraww-Hill,,,,,,
1087,"Medical Information Science Reference, an imprint of IGI Global",,,,,,
1088,Meghan-Kiffer Press,,,,,,
1089,Melbourne,,,,,,
1090,Melville Pub. Co.,,,,,,
1091,Mercury Learning & Information,,,,,,
1092,Mercury Learning and Information,,,,,,
1093,Merrill,,,,,,
1094,Meta Publications,,,,,,
1095,Metamorphous Press,,,,,,
1096,Meyers Mike,,,,,,
1097,Michael Joseph Ltd,,,,,,
1098,Michael Knapp,,,,,,
1099,Microdigitaled.com,,,,,,
1100,Microsoft,,,,,,
1101,Microsoft Corp.,,,,,,
1102,Microsoft Pr,,,,,,
1103,Microsoft Press,,,,,,
1104,"Microsoft Press,U.S.",,,,,,
1105,Microtrend Books,,,,,,
1106,Midrange Computing,,,,,,
1107,Mike Murach & Associates,,,,,,
1108,"Mike Murach & Associates, Inc.",,,,,,
1109,Minerva Scuola,,,,,,
1110,Mint Editions,,,,,,
1111,Mir Publishers,,,,,,
1112,Mitchell Lane,,,,,,
1113,Mitchell Pub,,,,,,
1114,Mohican Textbook Pub. Co.,,,,,,
1115,Momentum Press,,,,,,
1116,Monarch Press,,,,,,
1117,Morgan & Claypool,,,,,,
1118,Morgan & Claypool Publishers,,,,,,
1119,Morgan Kaufman,,,,,,
1120,Morgan Kaufmann,,,,,,
1121,Morgan Kaufmann ... an imprint of Elsevier,,,,,,
1122,Morgan Kaufmann Pub.,,,,,,
1123,Morgan Kaufmann Publishers,,,,,,
1124,"Morgan Kaufmann Publishers, Inc.",,,,,,
1125,Morgan Kaufmann Publishers/Elsevier,,,,,,
1126,"Morgan Kaufmann, an imprint of Elsevier",,,,,,
1127,Morgan Kaufmann/Elsevier,,,,,,
1128,Morris Pub.,,,,,,
1129,Morrow,,,,,,
1130,Mosby,,,,,,
1131,Mouton de Gruyter,,,,,,
1132,Move Books,,,,,,
1133,Muenchner Verlagsgruppe GmbH,,,,,,
1134,Muppet Press/Knopf,,,,,,
1135,"Murach & Associates, Incorporated, Mike",,,,,,
1136,Murach Books,,,,,,
1137,Muska & Lipman/Premier-Trade,,,,,,
1138,Mybook,,,,,,
1139,Mysterious Press,,,,,,
1140,NA,,,,,,
1141,NAL Trade,,,,,,
1142,NCC Blackwell,,,,,,
1143,"NOVY UNLIMITED, INC.",,,,,,
1144,Narosa,,,,,,
1145,Narosa Pub House,,,,,,
1146,Narosa Pub. House,,,,,,
1147,Nasionale Boekhandel,,,,,,
1148,Nasza Księgarnia,,,,,,
1149,Nathan hooks,,,,,,
1150,National Academies Press,,,,,,
1151,National Gardening Association,,,,,,
1152,National Learning Corp,,,,,,
1153,National Textbook Company,,,,,,
1154,Nauka,,,,,,
1155,Naval Postgraduate School,,,,,,
1156,Neal Schuman Publishers,,,,,,
1157,Neal-Schuman Publishers,,,,,,
1158,Nelson,,,,,,
1159,Nelson Thornes,,,,,,
1160,Nelson Thornes Ltd,,,,,,
1161,"New Age International (P) Limited, Publishers",,,,,,
1162,New Age International (P) Ltd.,,,,,,
1163,"New Age International (P) Ltd., Publishers",,,,,,
1164,New Age International Publisher,,,,,,
1165,New Age Science,,,,,,
1166,New American Library,,,,,,
1167,New Millennium Audio,,,,,,
1168,New Riders,,,,,,
1169,New Riders Games,,,,,,
1170,New Riders Pub.,,,,,,
1171,New Riders Publishing,,,,,,
1172,"New York, NY",,,,,,
1173,Newnes,,,,,,
1174,Newnes/Elsevier,,,,,,
1175,Newtonian Press,,,,,,
1176,Night Shade Books,,,,,,
1177,Nine Five One Press,,,,,,
1178,Nitrosyncretic Press,,,,,,
1179,Nmap Project,,,,,,
1180,No Starch Press,,,,,,
1181,"No Starch Press, Incorporated",,,,,,
1182,Nomad Press,,,,,,
1183,North Holland,,,,,,
1184,North Star Editions,,,,,,
1185,North-Holland,,,,,,
1186,Norton,,,,,,
1187,"Norton & Company Limited, W. W.",,,,,,
1188,"Norton & Company, Incorporated, W. W.",,,,,,
1189,Not Avail,,,,,,
1190,Nova Science,,,,,,
1191,"Nova Science Publisher's, Inc.",,,,,,
1192,Nova Science Publishers,,,,,,
1193,"Nova Science Publishers, Incorporated",,,,,,
1194,Novatec,,,,,,
1195,Now Publishers,,,,,,
1196,Now Publishers Inc,,,,,,
1197,Noyes Publications,,,,,,
1198,O C S L Press,,,,,,
1199,O'Reilly,,,,,,
1200,O'Reilly & Associates,,,,,,
1201,O'Reilly Media,,,,,,
1202,"O'Reilly Media, Inc",,,,,,
1203,"O'Reilly Media, Inc, USA",,,,,,
1204,"O'Reilly Media, Inc.",,,,,,
1205,"O'Reilly Media, Incorporated",,,,,,
1206,O'Reilly UK Ltd.,,,,,,
1207,O'Reilly Verlag,,,,,,
1208,O'Reilly Verlag GmbH & Co. KG,,,,,,
1209,O'Reilly Vlg. GmbH & Company,,,,,,
1210,O'Reily,,,,,,
1211,ORSTOM Editions,,,,,,
1212,OUP India,,,,,,
1213,Oetinger,,,,,,
1214,Off-By-One-Press,,,,,,
1215,Ohmsha,,,,,,
1216,Oldenbourg Wissenschaftsverlag,,,,,,
1217,Omnitech Press,,,,,,
1218,Oneworld,,,,,,
1219,Online Publications,,,,,,
1220,Open Court,,,,,,
1221,Open University,,,,,,
1222,OpenStax,,,,,,
1223,OpenTask,,,,,,
1224,Orb,,,,,,
1225,Orbit,,,,,,
1226,Orchard Publications,,,,,,
1227,Oreilly,,,,,,
1228,Orion Pub Co,,,,,,
1229,"Orion Publishing Group, Limited",,,,,,
1230,Osborne,,,,,,
1231,Osborne McGraw-Hill,,,,,,
1232,Osborne/McGraw-Hill,,,,,,
1233,Otolaryngology online,,,,,,
1234,Oxford India,,,,,,
1235,Oxford Univ Press,,,,,,
1236,Oxford Univ. Press,,,,,,
1237,Oxford University Press,,,,,,
1238,Oxford University Press Inc,,,,,,
1239,Oxford University Press India,,,,,,
1240,"Oxford University Press, Incorporated",,,,,,
1241,"Oxford University Press, USA",,,,,,
1242,O’Reilly,,,,,,
1243,O’Reilly Media,,,,,,
1244,"O’Reilly Media, Inc.",,,,,,
1245,P. Lang,,,,,,
1246,PBI,,,,,,
1247,PEARSON DISTRIBUCIÓN,,,,,,
1248,PEARSON EDUCACION,,,,,,
1249,PEARSON INDIA,,,,,,
1250,PEARSON PROFESSIONAL EDUCATION,,,,,,
1251,PENGUIN Books,,,,,,
1252,PENGUIN GROUP (UK),,,,,,
1253,PG Online Limited,,,,,,
1254,PHI,,,,,,
1255,PHI Learning Pvt. Ltd. (Originally MIT Press),,,,,,
1256,PIATKUS,,,,,,
1257,POV Press,,,,,,
1258,PRENTICE HALL IBERIA,,,,,,
1259,"PRENTICE-HALL, INC.",,,,,,
1260,PTR Prentice Hall,,,,,,
1261,PU Paris-Sorbonne,,,,,,
1262,PWN-Polish Scientific Publishers,,,,,,
1263,PWS,,,,,,
1264,PWS Computer Science,,,,,,
1265,PWS Pub.,,,,,,
1266,PWS Pub. Co.,,,,,,
1267,PWS Publishers,,,,,,
1268,PWS Publishing,,,,,,
1269,PWS-KENT Pub. Co,,,,,,
1270,PWS-KENT Pub. Co.,,,,,,
1271,Packt,,,,,,
1272,Packt Pub.,,,,,,
1273,Packt Publ.,,,,,,
1274,Packt Publishing,,,,,,
1275,Packt Publishing - ebooks Account,,,,,,
1276,Packt Publishing Limited,,,,,,
1277,"Packt Publishing, Limited",,,,,,
1278,Packt Publising,,,,,,
1279,Paladin Press,,,,,,
1280,Palgrave,,,,,,
1281,Palgrave Macmillan,,,,,,
1282,Palgrave Macmillan Limited,,,,,,
1283,Pan Macmillan,,,,,,
1284,Pan Stanford Publishing,,,,,,
1285,Pantheon Books,,,,,,
1286,Papermac,,,,,,
1287,Paradigm,,,,,,
1288,Paradigm Pub.,,,,,,
1289,Paradigm Publishing,,,,,,
1290,Paraglyph,,,,,,
1291,Paraglyph Press,,,,,,
1292,"Pardigm Publishing, Inc.",,,,,,
1293,Parzeller,,,,,,
1294,Payne-Gallway Publishers,,,,,,
1295,Pbc Intl,,,,,,
1296,Peachpit,,,,,,
1297,Peachpit Press,,,,,,
1298,Pearson,,,,,,
1299,Pearson / Addison Wesley,,,,,,
1300,Pearson A and B,,,,,,
1301,Pearson Addison Wesley,,,,,,
1302,Pearson Addison-Wesley,,,,,,
1303,Pearson Benjamin Cummings,,,,,,
1304,Pearson Books,,,,,,
1305,Pearson Custom Pub.,,,,,,
1306,Pearson Custom Publishing,,,,,,
1307,Pearson Education,,,,,,
1308,Pearson Education (Singapore),,,,,,
1309,Pearson Education (US),,,,,,
1310,Pearson Education Canada,,,,,,
1311,Pearson Education India,,,,,,
1312,Pearson Education Limited,,,,,,
1313,Pearson Education Ltd,,,,,,
1314,Pearson Education Ltd.,,,,,,
1315,Pearson Education [distributor],,,,,,
1316,"Pearson Education, Limited",,,,,,
1317,Pearson Higher Education & Professional Group,,,,,,
1318,Pearson Higher Education/Benja,,,,,,
1319,Pearson IT Certification,,,,,,
1320,Pearson Learning Solutions,,,,,,
1321,Pearson P T R,,,,,,
1322,Pearson Prentice Hall,,,,,,
1323,Pearson Prentice Hall Life,,,,,,
1324,Pearson Studium,,,,,,
1325,Pearson Technology Group Canada,,,,,,
1326,Pearson/Addison Wesley,,,,,,
1327,Pearson/Addison-Wesley,,,,,,
1328,Pearson/Benjamin Cummings,,,,,,
1329,Pearson/Prentice Hall,,,,,,
1330,Peer Information,,,,,,
1331,Peer Information Inc.,,,,,,
1332,Peer-to-Peer Communications,,,,,,
1333,Pelham,,,,,,
1334,Penguin,,,,,,
1335,Penguin Audio,,,,,,
1336,Penguin Books Ltd,,,,,,
1337,"Penguin Books, Limited",,,,,,
1338,Penguin Group,,,,,,
1339,"Penguin Group USA, Inc.",,,,,,
1340,Penguin Press,,,,,,
1341,Penguin Press/Classics,,,,,,
1342,Penguin Publishing Group,,,,,,
1343,Penguin Random House,,,,,,
1344,Penguin Random House LLC (No Starch),,,,,,
1345,Penguin Workshop,,,,,,
1346,Pentice Hall PTR,,,,,,
1347,Pergamon,,,,,,
1348,Pergamon Press,,,,,,
1349,Perseus Books,,,,,,
1350,Perseus Books Group,,,,,,
1351,Perseus Pub.,,,,,,
1352,"Person, Prentice Hall",,,,,,
1353,"Peter Lang Inc., International Academic Publishers",,,,,,
1354,Peter Lang International Academic Publishers,,,,,,
1355,Peter Lang Publishing,,,,,,
1356,Peterson's,,,,,,
1357,Peterson's],,,,,,
1358,Petrini Editore,,,,,,
1359,Petrocelli Books,,,,,,
1360,Petrocelli/Charter,,,,,,
1361,Petrocelli/Charter Publishers,,,,,,
1362,Philomath Press LLC,,,,,,
1363,Physica-Verlag,,,,,,
1364,Physica-Verlag HD,,,,,,
1365,Physica-Verlag Heidelberg,,,,,,
1366,Piatkus Books,,,,,,
1367,Picador,,,,,,
1368,Pine Forge Press,,,,,,
1369,Pinnacle Books,,,,,,
1370,Piper Verlag GmbH,,,,,,
1371,Pitman,,,,,,
1372,Platinum Press LLC,,,,,,
1373,"Plaza & Janes Editores, S.A.",,,,,,
1374,Plenum Press,,,,,,
1375,Plough Pub. House,,,,,,
1376,Plum Hall,,,,,,
1377,Pluto Press,,,,,,
1378,Plymbridge Distrib.,,,,,,
1379,Pocket,,,,,,
1380,Pocket Books,,,,,,
1381,"Pocket Books, Simon & Schuster",,,,,,
1382,Pogue Press,,,,,,
1383,Polity Press,,,,,,
1384,Pomegranate Press,,,,,,
1385,Portfolio,,,,,,
1386,PowerKids Press,,,,,,
1387,Praeger Publishers,,,,,,
1388,Pragmatic Bookshelf,,,,,,
1389,Pragmatic Programmers,,,,,,
1390,Premier Press,,,,,,
1391,Prentice Hall,,,,,,
1392,Prentice Hall College Div,,,,,,
1393,Prentice Hall Europe,,,,,,
1394,Prentice Hall India,,,,,,
1395,"Prentice Hall India Pvt., Limited",,,,,,
1396,Prentice Hall International,,,,,,
1397,Prentice Hall International (UK),,,,,,
1398,Prentice Hall International Paperback Editions,,,,,,
1399,Prentice Hall PTR,,,,,,
1400,Prentice Hall Professional Technical Reference,,,,,,
1401,Prentice Hall Trade,,,,,,
1402,Prentice Hall/Pearson Education,,,,,,
1403,Prentice Hall/Sun Microsystems Press,,,,,,
1404,Prentice-Hall,,,,,,
1405,Prentice-Hall India,,,,,,
1406,Prentice-Hall International,,,,,,
1407,Prentice-Hall International (UK),,,,,,
1408,Prentice-Hall of India,,,,,,
1409,"Prentice-Hall of India (Private), Limited",,,,,,
1410,Prentice/Hall,,,,,,
1411,Presses de l'Université du Québec,,,,,,
1412,Price,,,,,,
1413,Prima Tech,,,,,,
1414,Primedia eLaunch LLC,,,,,,
1415,Princeton Architectural Press,,,,,,
1416,Princeton University Press,,,,,,
1417,Promexa,,,,,,
1418,Promise,,,,,,
1419,Prompt (DPI - 8/01),,,,,,
1420,Psi Fi Movie Press,,,,,,
1421,Psychology,,,,,,
1422,Psychology Press,,,,,,
1423,Public Affairs,,,,,,
1424,PublicAffairs,,,,,,
1425,Publicacions de la Universitat de Valencia,,,,,,
1426,Publications CRM,,,,,,
1427,Published by Cambridge University Press on behalf of British Computer Society,,,,,,
1428,Published in the United States and Canada by Grove's Dictionaries,,,,,,
1429,Pulp Free Press,,,,,,
1430,Punchy Publishing,,,,,,
1431,Purdue University Press,,,,,,
1432,Pyr,,,,,,
1433,Pyrczak Pub,,,,,,
1434,Pyrczak Publishing,,,,,,
1435,Q,,,,,,
1436,QED Information Sciences,,,,,,
1437,QED Publishing,,,,,,
1438,QED Technical Pub. Group,,,,,,
1439,QUE,,,,,,
1440,Qi feng zi xun gu fen you xian gong si,,,,,,
1441,Quality Chess,,,,,,
1442,Quarto Publishing Group UK,,,,,,
1443,Que Corp,,,,,,
1444,Que Corp.,,,,,,
1445,Que Corporation,,,,,,
1446,Que Education & Training,,,,,,
1447,Que Pub,,,,,,
1448,Que Pub.,,,,,,
1449,Que Publishing,,,,,,
1450,Quetzal,,,,,,
1451,Quill,,,,,,
1452,Quirk Books,,,,,,
1453,Quorum Books,,,,,,
1454,R&D Publications,,,,,,
1455,R. E. Krieger Pub. Co.,,,,,,
1456,RA-MA,,,,,,
1457,RAND,,,,,,
1458,RBA,,,,,,
1459,ROC,,,,,,
1460,Raine Global Publishing,,,,,,
1461,Raintree Publishers,,,,,,
1462,Ramanujan Mathematical Society,,,,,,
1463,Ramblin' Prose Publishing,,,,,,
1464,Random House,,,,,,
1465,Random House Audio,,,,,,
1466,Random House Children's Books,,,,,,
1467,Random House Electronic Pub.,,,,,,
1468,Random House Information Group,,,,,,
1469,Random House Mondadori,,,,,,
1470,Random House Publishing Group,,,,,,
1471,Random House Reference,,,,,,
1472,Random House Trade Paperbacks,,,,,,
1473,Random House UK,,,,,,
1474,Random House Value Publishing,,,,,,
1475,Ravi S. Iyer (Self-publisher),,,,,,
1476,ReadHowYouWant,,,,,,
1477,"ReadHowYouWant.com, Limited",,,,,,
1478,Reader's Digest,,,,,,
1479,Real People Press,,,,,,
1480,Real PeoplePress,,,,,,
1481,Reclam,,,,,,
1482,Recorded Books,,,,,,
1483,Red Globe Press,,,,,,
1484,Red Hat Software,,,,,,
1485,ReferencePoint Press,,,,,,
1486,Research & Education Association,,,,,,
1487,Research and Education Association,,,,,,
1488,Response,,,,,,
1489,Reston,,,,,,
1490,Reston Pub Co,,,,,,
1491,Reston Pub. Co.,,,,,,
1492,Rheinwerk Publishing,,,,,,
1493,Rheinwerk Publishing Inc.,,,,,,
1494,Rheinwerk Verlag GmbH,,,,,,
1495,Richter Michael,,,,,,
1496,River Publishers,,,,,,
1497,Rizzoli,,,,,,
1498,Roberto Ierusalimschy,,,,,,
1499,Robson Books,,,,,,
1500,Roca Editorial,,,,,,
1501,Rosen Central,,,,,,
1502,Rosen Pub. Group,,,,,,
1503,Rosen Publishing Group,,,,,,
1504,Rosen Young Adult,,,,,,
1505,"Rosenfeld Media, LLC",,,,,,
1506,Routledge,,,,,,
1507,Routledge India,,,,,,
1508,"Routledge, Chapman & Hall, Incorporated",,,,,,
1509,RoutledgeFalmer,,,,,,
1510,Rowman & Littlefield Publishers,,,,,,
1511,"Rowman & Littlefield Publishers, Incorporated",,,,,,
1512,Royal Society of Chemistry,,,,,,
1513,Running Press,,,,,,
1514,S.Thornes,,,,,,
1515,SAGE PUBLICATIONS,,,,,,
1516,SAGE Pub.,,,,,,
1517,SAGE Publications Ltd,,,,,,
1518,"SAGE Publications, Inc",,,,,,
1519,"SAGE Publications, Inc.",,,,,,
1520,"SAGE Publications, Incorporated",,,,,,
1521,"SAGE Publications, Limited",,,,,,
1522,SAMS,,,,,,
1523,"SAP PRESS, 1st Edition",,,,,,
1524,SAP Press,,,,,,
1525,SAPIEN,,,,,,
1526,SAPIEN Press,,,,,,
1527,SAS,,,,,,
1528,SAS Institute,,,,,,
1529,"SAS Institute,",,,,,,
1530,SAS Publishing,,,,,,
1531,SDC Publications,,,,,,
1532,SFI Press,,,,,,
1533,SIAM - Society for Industrial and Applied Mathematics,,,,,,
1534,SIG Books,,,,,,
1535,SIGNET BOOKS,,,,,,
1536,SIGS,,,,,,
1537,SIGS Books,,,,,,
1538,SIGS Books & Multimedia,,,,,,
1539,SOUNDLIKEYOURSELF PUBLISHING,,,,,,
1540,SPIE,,,,,,
1541,SPIE Optical Engineering Press,,,,,,
1542,SPIE Society of Photo-Optical Instrumentation Engi,,,,,,
1543,SPRINGER,,,,,,
1544,SPSS Inc.,,,,,,
1545,SV Books,,,,,,
1546,SYBEX,,,,,,
1547,Sage,,,,,,
1548,Sage Publications Ltd.,,,,,,
1549,Saint Philip Street Press,,,,,,
1550,Salem Press,,,,,,
1551,Salem Press/Grey House Publishing,,,,,,
1552,Sams Pub.,,,,,,
1553,Sams Publishing,,,,,,
1554,Sams.net,,,,,,
1555,Sandi Metz,,,,,,
1556,Sandvik Publishing,,,,,,
1557,Sap Press America,,,,,,
1558,Saunders,,,,,,
1559,Saunders College,,,,,,
1560,Saunders College Pub.,,,,,,
1561,Saunders College Publishing,,,,,,
1562,Savant,,,,,,
1563,Savant Institute,,,,,,
1564,"Savant Research Studies, for Savant Institute",,,,,,
1565,Schaum's Outlines,,,,,,
1566,Schemers,,,,,,
1567,Scholastic,,,,,,
1568,"Scholastic Canada, Limited",,,,,,
1569,Scholastic Inc.,,,,,,
1570,Scholastic Trade,,,,,,
1571,"Scholastic, Inc.",,,,,,
1572,"Scholium International, Inc.",,,,,,
1573,Schroff Development Corp,,,,,,
1574,Science Fiction Book Club,,,,,,
1575,Science Press,,,,,,
1576,Science Research Associates,,,,,,
1577,Scott Foresman & Co,,,,,,
1578,Scott Jones Publishers,,,,,,
1579,"Scott, Foresman",,,,,,
1580,Scott/Jones Pub. Co.,,,,,,
1581,Scribe Publications,,,,,,
1582,Secker and Warburg,,,,,,
1583,"Secure Planet, LLC",,,,,,
1584,Self published,,,,,,
1585,Self-publishing,,,,,,
1586,Shao nian er tong chu ban she,,,,,,
1587,Shell Education Pub,,,,,,
1588,Shinchōsha,,,,,,
1589,Shroff Publishers & Distributors Pvt Ltd,,,,,,
1590,Shroff Publishers & Distributors Pvt. Ltd.,,,,,,
1591,Shroff Publishers and Distributors Pvt. Ltd.,,,,,,
1592,Sideris Courseware Corp.,,,,,,
1593,Sidgwick & Jackson,,,,,,
1594,Signet,,,,,,
1595,Silicon,,,,,,
1596,Silicon Press,,,,,,
1597,Silman-James Press,,,,,,
1598,Simon & Brown,,,,,,
1599,Simon & Schuster,,,,,,
1600,Simon & Schuster (Juv),,,,,,
1601,Simon & Schuster Audio and Blackstone Publishing,,,,,,
1602,Simon & Schuster Childrens Books,,,,,,
1603,Simon & Schuster Ltd,,,,,,
1604,"Simon & Schuster, Limited",,,,,,
1605,Simon Spotlight,,,,,,
1606,Simon Spotlight Entertainment,,,,,,
1607,Sine nomine,,,,,,
1608,Singapore University Press,,,,,,
1609,SitePoint Pty Ltd,,,,,,
1610,Skylight Pub,,,,,,
1611,Skylight Pub.,,,,,,
1612,Skylight Publishing,,,,,,
1613,Sneaker Pr,,,,,,
1614,SoHo Books,,,,,,
1615,Soc for Industrial & Applied Math,,,,,,
1616,Societe d'edition Les Belles lettres,,,,,,
1617,Society for Computer Simulation International,,,,,,
1618,Society for Industrial Mathematics,,,,,,
1619,Society for Industrial and Applied Mathematics,,,,,,
1620,Softalk Publishing,,,,,,
1621,"Sole distributors for the U.S.A. and Canada, Elsevier Science Pub. Co.",,,,,,
1622,"Songline Studios, Inc. and O'Reilly & Associates, Inc.",,,,,,
1623,South-Western Cengage,,,,,,
1624,South-Western College Pub,,,,,,
1625,South-Western College Pub.,,,,,,
1626,South-Western College Publishing,,,,,,
1627,South-Western Educational,,,,,,
1628,South-Western Educational Pub.,,,,,,
1629,South-Western Pub,,,,,,
1630,Specialist Computing,,,,,,
1631,Spectra,,,,,,
1632,Spectral Assoc,,,,,,
1633,Spektrum Akademischer Verlag,,,,,,
1634,Spektrum Akademischer Verlag GmbH,,,,,,
1635,Splashdown Books,,,,,,
1636,Spring-Verlag,,,,,,
1637,Springer (India) Private Limited,,,,,,
1638,Springer Basel AG,,,,,,
1639,Springer Berlin / Heidelberg,,,,,,
1640,Springer Berlin Heidelberg,,,,,,
1641,Springer Fachmedien Wiesbaden,,,,,,
1642,Springer Fachmedien Wiesbaden GmbH,,,,,,
1643,Springer India,,,,,,
1644,Springer International Publishing AG,,,,,,
1645,Springer Japan,,,,,,
1646,Springer London,,,,,,
1647,Springer London Ltd,,,,,,
1648,"Springer London, Limited",,,,,,
1649,Springer My Copy UK,,,,,,
1650,Springer Nature,,,,,,
1651,Springer Netherlands,,,,,,
1652,Springer New York,,,,,,
1653,Springer Paris,,,,,,
1654,Springer Science+Business Media,,,,,,
1655,Springer Science+Business Media B.V.,,,,,,
1656,"Springer Science+Business Media, LLC",,,,,,
1657,Springer Singapore,,,,,,
1658,Springer Singapore Pte. Limited,,,,,,
1659,Springer Spektrum,,,,,,
1660,Springer US,,,,,,
1661,Springer Verlag,,,,,,
1662,Springer Vienna,,,,,,
1663,Springer Vieweg,,,,,,
1664,Springer Vieweg.,,,,,,
1665,Springer Vieweg. in Springer Fachmedien Wiesbaden GmbH,,,,,,
1666,Springer Wien,,,,,,
1667,Springer-Verlag,,,,,,
1668,Springer-Verlag Berlin Heidelberg,,,,,,
1669,Springer-Verlag Berlin and Heidelberg GmbH & Co. K,,,,,,
1670,Springer-Verlag Berlin and Heidelberg GmbH & Co. KG,,,,,,
1671,Springer-Verlag Berlin/Heidelberg,,,,,,
1672,Springer-Verlag GmbH Berlin Heidelberg,,,,,,
1673,Springer-Verlag GmbH u. Co.KG,,,,,,
1674,"Springer-Verlag Italia, Milano",,,,,,
1675,Springer-Verlag London Limited,,,,,,
1676,Springer-Verlag London Llimited,,,,,,
1677,Springer-Verlag New York Inc,,,,,,
1678,Springer-Verlag New York Inc.,,,,,,
1679,Springer-Verlag Telos,,,,,,
1680,Springer-Verlag US,,,,,,
1681,Spyglass,,,,,,
1682,St Martins Pr,,,,,,
1683,St. Anthony Messenger Press,,,,,,
1684,St. Martin's Griffin,,,,,,
1685,St. Martin's Press,,,,,,
1686,Standard Publishing Company,,,,,,
1687,Star Trek,,,,,,
1688,Starbound Software,,,,,,
1689,Start Publishing LLC,,,,,,
1690,Stata Press,,,,,,
1691,StataCorp,,,,,,
1692,Stationery Office,,,,,,
1693,"Stationery Office, The",,,,,,
1694,Sterling,,,,,,
1695,Sterling Pub. Co.,,,,,,
1696,"Stewart, Tabori & Chang",,,,,,
1697,Stripe Matter Inc,,,,,,
1698,Struik Publishers,,,,,,
1699,Suma de Letras,,,,,,
1700,Summit Press,,,,,,
1701,Summit Publishing Group,,,,,,
1702,Summus Editorial,,,,,,
1703,Sun Microsystems,,,,,,
1704,Sun Microsystems Press,,,,,,
1705,SunSoft Press,,,,,,
1706,Sybex Inc,,,,,,
1707,Syngress,,,,,,
1708,"Syngress Media,U.S.",,,,,,
1709,Syngress Pub.,,,,,,
1710,Syngress Publishing,,,,,,
1711,"Syngress, imprint of Elsevier",,,,,,
1712,Syngress/Elsevier,,,,,,
1713,Syracuse University Press,,,,,,
1714,T&F/Crc Press,,,,,,
1715,T. Nelson Publishers,,,,,,
1716,T.J. Publishers,,,,,,
1717,TAB Books,,,,,,
1718,TBG Press,,,,,,
1719,TBS,,,,,,
1720,TEELL,,,,,,
1721,TITAN PUBLISHING GROUP,,,,,,
1722,TMH,,,,,,
1723,TV Books,,,,,,
1724,"Taasisi ya Taaluma za Kiswahili, Chuo Kikuu cha Dar es Salaam",,,,,,
1725,Tab Professional and Reference Books,,,,,,
1726,Takahashi Mana,,,,,,
1727,Take university press,,,,,,
1728,Tallaios,,,,,,
1729,Tandem Library,,,,,,
1730,Tantor Audio,,,,,,
1731,Tata McGraw-Hill,,,,,,
1732,Tata McGraw-Hill Pub. Co,,,,,,
1733,Tata McGraw-Hill Pub. Co.,,,,,,
1734,Tauris Parke Paperbacks,,,,,,
1735,Taurus,,,,,,
1736,Taylor & Francis,,,,,,
1737,Taylor & Francis Group,,,,,,
1738,Taylor and Francis,,,,,,
1739,Teach Yourself Books,,,,,,
1740,Teacher Created Resources,,,,,,
1741,Tech Science Press,,,,,,
1742,Technics Publications,,,,,,
1743,Technics Publications LLC,,,,,,
1744,"Technics Publications, LLC",,,,,,
1745,Telephony,,,,,,
1746,Telos,,,,,,
1747,Ten Speed Press,,,,,,
1748,Terathon Software LLC,,,,,,
1749,Texas Instruments Learning Center,,,,,,
1750,The Associated Board of the Royal Schools of Music,,,,,,
1751,The Association,,,,,,
1752,The History Press,,,,,,
1753,The Institution of Engineering and Technology,,,,,,
1754,The MIT Press,,,,,,
1755,The Penguin Press,,,,,,
1756,The Pragmatic Bookshelf,,,,,,
1757,The Pragmatic Programmers,,,,,,
1758,The Technology Press,,,,,,
1759,The Unnamed Press,,,,,,
1760,"Theatre Communications Group, Incorporated",,,,,,
1761,Thieme,,,,,,
1762,Thieme Medical Publishers,,,,,,
1763,Third Millennium Information,,,,,,
1764,Thomson,,,,,,
1765,Thomson / Course Technology,,,,,,
1766,Thomson Brooks/Cole,,,,,,
1767,Thomson Course Technology,,,,,,
1768,Thomson Course Technology PTR,,,,,,
1769,Thomson Delmar Learning,,,,,,
1770,Thomson Learning,,,,,,
1771,Thomson Learning [distributor],,,,,,
1772,Thomson-Brooks/Cole,,,,,,
1773,Thomson/Brooks/Cole,,,,,,
1774,Thomson/Course Technology,,,,,,
1775,Thomson/Delmar Learning,,,,,,
1776,Thomson/Wadsworth,,,,,,
1777,Thorndike Press,,,,,,
1778,Thorsons,,,,,,
1779,Thorsons Publishers,,,,,,
1780,Thorsten Ball,,,,,,
1781,Three Rivers Press,,,,,,
1782,Tian xia wen hua chu ban gu fen you xian gong si,,,,,,
1783,"Tickling Keys, Incorporated",,,,,,
1784,TidBITS Publishing,,,,,,
1785,Tilted Windmill Press,,,,,,
1786,Time Inc Home Entertainment,,,,,,
1787,Time Life UK,,,,,,
1788,Times Books,,,,,,
1789,Tip. di G. Landi e N. Alessandri,,,,,,
1790,Titan,,,,,,
1791,Titan Books,,,,,,
1792,Titan Books (UK),,,,,,
1793,Tokyopop,,,,,,
1794,Tokyopop GmbH,,,,,,
1795,Top,,,,,,
1796,Tor,,,,,,
1797,Tor Books,,,,,,
1798,Tor Teen,,,,,,
1799,Touchstone,,,,,,
1800,Toyo Keizai Shinposha,,,,,,
1801,Trafalgar Square,,,,,,
1802,"Trans Tech Publications, Limited",,,,,,
1803,Transcript,,,,,,
1804,Transworld Publishers,,,,,,
1805,Troll Associates,,,,,,
1806,Turnaround [distributor,,,,,,
1807,Turtleback,,,,,,
1808,Turtleback Books,,,,,,
1809,Turtleback Books Distributed by Demco Media,,,,,,
1810,"U.S. Dept. of Commerce, National Institute of Standards and Technology",,,,,,
1811,UCL Press,,,,,,
1812,UMI Research Press,,,,,,
1813,USBORNE,,,,,,
1814,USBORNE PUBLISHING,,,,,,
1815,UXL,,,,,,
1816,Ulrico Hoepli Editore,,,,,,
1817,"Universidad Nacional Autónoma de México, Dirección General de Publicaciones",,,,,,
1818,Universidad Nacional de Río Cuarto,,,,,,
1819,"Universidad de Oviedo, Servicio de Publicaciones",,,,,,
1820,Universitat Jaume I,,,,,,
1821,Universitat Oberta de Catalunya,,,,,,
1822,University Press,,,,,,
1823,University Press of the Pacific,,,,,,
1824,University of California Press,,,,,,
1825,University of Cambridge,,,,,,
1826,University of Cambridge ESOL Examinations,,,,,,
1827,University of Chicago Press,,,,,,
1828,University of Minnesota Press,,,,,,
1829,University of South Africa,,,,,,
1830,Unknown Publisher,,,,,,
1831,Usborne Books,,,,,,
1832,Usborne Publishing Ltd,,,,,,
1833,VCH,,,,,,
1834,VGM Career Books,,,,,,
1835,VGM Career Horizons,,,,,,
1836,VINTAGE,,,,,,
1837,VIZ Media LLC,,,,,,
1838,VMware Press,,,,,,
1839,"VO ""Nauka""",,,,,,
1840,VSP,,,,,,
1841,Van Nostrand,,,,,,
1842,Van Nostrand Reinhold,,,,,,
1843,Van Nostrand Reinhold Co.,,,,,,
1844,Van Nostrand Reinhold Company,,,,,,
1845,Van Nostrand Reinhold Computer,,,,,,
1846,Vanguard Press,,,,,,
1847,Vch Verlagsgesellschaft Mbh,,,,,,
1848,Ventana,,,,,,
1849,Ventana Press,,,,,,
1850,Verlagsgruppe Random House GmbH,,,,,,
1851,Verso,,,,,,
1852,Vervante,,,,,,
1853,Vieweg,,,,,,
1854,"Vieweg +Teubner / GWV Fachverlage, Wiesbaden",,,,,,
1855,"Vieweg Verlag, Friedr, & Sohn Verlagsgesellschaft mbH",,,,,,
1856,"Vieweg+Teubner / GWV Fachverlage, Wiesbaden",,,,,,
1857,Vieweg+Teubner Verlag,,,,,,
1858,"Vieweg+Teubner Verlag / Springer Fachmedien Wiesbaden GmbH, Wiesbaden",,,,,,
1859,Vikas Publishing House Pvt.,,,,,,
1860,Vikas Publishing House Pvt. Ltd.,,,,,,
1861,Viking,,,,,,
1862,Viking Adult,,,,,,
1863,Viking Press,,,,,,
1864,Vintage Books,,,,,,
1865,Virgin Publishing,,,,,,
1866,Vladimir D Liseikin,,,,,,
1867,Voyager,,,,,,
1868,Vuibert,,,,,,
1869,W,,,,,,
1870,W H Freeman & Co (Sd),,,,,,
1871,W W Norton & Co Inc,,,,,,
1872,W W Norton & Co Inc (Np),,,,,,
1873,W. H. Freeman,,,,,,
1874,W. Morrow,,,,,,
1875,W. W. Norton,,,,,,
1876,W. W. Norton & Company,,,,,,
1877,W. de Gruyter,,,,,,
1878,W.C. Brown,,,,,,
1879,W.H. Allen,,,,,,
1880,W.H. Freeman,,,,,,
1881,W.H. Freeman & Company,,,,,,
1882,W.H. Freeman and Co.,,,,,,
1883,W.H. Freeman and Company,,,,,,
1884,W.W. Norton,,,,,,
1885,W.W. Norton & Co.,,,,,,
1886,W.W. Norton & Company,,,,,,
1887,WCB/McGraw-Hill,,,,,,
1888,WCR/McGraw-Hill,,,,,,
1889,WILLIAM STALLINGS,,,,,,
1890,Wadsworth,,,,,,
1891,Wadsworth Pub. Co,,,,,,
1892,Wadsworth Pub. Co.,,,,,,
1893,Wadsworth Publishing Co,,,,,,
1894,Wadsworth Publishing Co.,,,,,,
1895,Wadsworth Publishing Company,,,,,,
1896,Wadsworth Thomson Learning,,,,,,
1897,Waite Group Press,,,,,,
1898,Walter de Gruyter,,,,,,
1899,Warner,,,,,,
1900,Warner Books,,,,,,
1901,Washington University Libraries,,,,,,
1902,Watertree Press,,,,,,
1903,Watson-Guptill Publications,,,,,,
1904,Watts,,,,,,
1905,"Waveland Press, Inc.",,,,,,
1906,Wayland (Publishers) Ltd,,,,,,
1907,Wayne Graham,,,,,,
1908,Wayne State University Press,,,,,,
1909,We Publish Books,,,,,,
1910,Wehmeyer Lars Marwedel Peter,,,,,,
1911,Weidenfeld & Nicholson,,,,,,
1912,Weidenfeld & Nicolson,,,,,,
1913,West,,,,,,
1914,West Pub.,,,,,,
1915,West Pub. Co,,,,,,
1916,West Pub. Co.,,,,,,
1917,West Publishing,,,,,,
1918,West Publishing Company,,,,,,
1919,Western Publishing Company,,,,,,
1920,Westminster Promotions,,,,,,
1921,Westview Press,,,,,,
1922,Wet Feet Press,,,,,,
1923,White Wolf Pub.,,,,,,
1924,Whitman,,,,,,
1925,Wiley,,,,,,
1926,Wiley & Sons,,,,,,
1927,"Wiley & Sons Australia, Limited, John",,,,,,
1928,"Wiley & Sons Canada, Limited, John",,,,,,
1929,"Wiley & Sons, Incorporated, John",,,,,,
1930,"Wiley & Sons, Limited, John",,,,,,
1931,Wiley Australia,,,,,,
1932,Wiley Computer Pub.,,,,,,
1933,Wiley Computer Publishing,,,,,,
1934,Wiley Custom,,,,,,
1935,Wiley Global Education US,,,,,,
1936,Wiley India,,,,,,
1937,Wiley Law Publications,,,,,,
1938,Wiley Pub.,,,,,,
1939,Wiley Publishing,,,,,,
1940,"Wiley Publishing, Inc.",,,,,,
1941,Wiley Technology Pub.,,,,,,
1942,"Wiley, John & Sons, Incorporated",,,,,,
1943,Wiley-AIChE,,,,,,
1944,Wiley-Blackwell,,,,,,
1945,Wiley-IEEE Press,,,,,,
1946,Wiley-ISTE,,,,,,
1947,Wiley-India,,,,,,
1948,Wiley-Interscience,,,,,,
1949,Wiley-VCH,,,,,,
1950,Wiley-VCH Verlag GmbH,,,,,,
1951,"William Morrow, an imprint of HarperCollins Publishers",,,,,,
1952,Willy,,,,,,
1953,Wilson Language Training Corp,,,,,,
1954,Windcrest,,,,,,
1955,Windcrest/McGraw Hill,,,,,,
1956,Windcrest/McGraw-Hill,,,,,,
1957,"Wizārat al-Maʻārif, al-Taṭwīr al-Tarbawī",,,,,,
1958,Wolfram Media,,,,,,
1959,"Wolfram Media, Inc.",,,,,,
1960,"Wolfram Media, Incorporated",,,,,,
1961,Woodhead Publishing,,,,,,
1962,Wordware,,,,,,
1963,Wordware Pub.,,,,,,
1964,"Wordware Publishing, Inc.",,,,,,
1965,Workman Pub Co,,,,,,
1966,Workman Pub.,,,,,,
1967,World Almanac Library,,,,,,
1968,World Federation Publishers Co.,,,,,,
1969,World Headquarters/Jones & Bartlett Learning,,,,,,
1970,World Scientific,,,,,,
1971,World Scientific Pub Co Inc,,,,,,
1972,World Scientific Pub.,,,,,,
1973,World Scientific Publishing Co Pte Ltd,,,,,,
1974,World Scientific Publishing Company,,,,,,
1975,World Scientific Publishing Europe Ltd.,,,,,,
1976,Writers Club Press,,,,,,
1977,Wrox,,,,,,
1978,Wrox Press,,,,,,
1979,Wrox Press Ltd.,,,,,,
1980,Wspc,,,,,,
1981,Wydawn. Uniwersytetu Gdańskiego,,,,,,
1982,Wydawnictwa Naukowo-Techniczne,,,,,,
1983,Wydawnictwo Helion,,,,,,
1984,X-Games,,,,,,
1985,Xin wen jing kai fa chu ban gu fen you xian gong si,,,,,,
1986,Yale University Press,,,,,,
1987,Yen Press,,,,,,
1988,Yogada Satsanga Society of India,,,,,,
1989,Young Readers' Classics,,,,,,
1990,Yourdon,,,,,,
1991,Yourdon Press,,,,,,
1992,Zanichelli,,,,,,
1993,Zhong guo dian li chu ban she,,,,,,
1994,Zhurnal Radiotekhnika,,,,,,
1995,Ziff-Davis Press,,,,,,
1996,Znak,,,,,,
1997,Zondervan,,,,,,
1998,[Brainy Software Corp.],,,,,,
1999,[Byron Francis],,,,,,
2000,[CreateSpace],,,,,,
2001,"[Lulu Press], lulu.com",,,,,,
2002,[Lulu],,,,,,
2003,[S.l.] : DisforDigital.net : Printed by CreateSpace,,,,,,
2004,[publisher not identified],,,,,,
2005,[www.python-hunting.com],,,,,,
2006,"acm, Association for Computing Machinery",,,,,,
2007,becker&mayer! Books,,,,,,
2008,cosmicpython.com,,,,,,
2009,"de Gruyter GmbH, Walter",,,,,,
2010,dpunkt.verlag,,,,,,
2011,eloquentjavascript.net,,,,,,
2012,friends of ED,,,,,,
2013,gigamonkeys.com,,,,,,
2014,gnu.org,,,,,,
2015,ha-Teʼaṭron ha-ʻironi Beʼer-Shevaʻ,,,,,,
2016,iUniverse,,,,,,
2017,"iUniverse, Inc.",,,,,,
2018,imusti,,,,,,
2019,macgraw-hill,,,,,,
2020,mit.edu,,,,,,
2021,natureofcode.com,,,,,,
2022,nbviewer.org,,,,,,
2023,oxford,,,,,,
2024,"published with the authorization of Microsoft Corporation by Pearson Education, Inc.",,,,,,
2025,sole distributors for the U.S.A. and Canada Elsevier/North-Holland,,,,,,
2026,tredition Verlag,,,,,,
2027,www.CareerMonk.com,,,,,,
2028,Éditions Le Griffon d'argile,,,,,,
2029,İstanbul Üniversitesi Edebiyat Fakültesi,,,,,,
2030,Вильямс,,,,,,
2031,Питер,,,,,,
2032,התאטרון הצעעיר,,,,,,
2033,الدار العربية للعلوم ناشرون,,,,,,
2034,দ্বিমিক প্রকাশনী,,,,,,
2035,オライリー・ジャパン,,,,,,
2036,浙江教育出版社,,,,,,
