translator_id,translator_name,country
1,丁三东,
2,丁大刚,
3,丁家琦,
4,丁建新 等,
5,丁建民,
6,丁曼旎,
7,丁林棚 等,
8,丁波 丁慧添,
9,丁玫,
10,丁由,
11,丁笃本,
12,丁耘,
13,丁骏,
14,万俊人,
15,万悦容 编,
16,严和来 乔菁 江岭,
17,严和来 姜余,
18,严岩 译 谢晓川 校,
19,严忠志,
20,严群,
21,中国社会科学院丝绸之路研究院,
22,中国社会科学院俄罗斯东欧中亚研究所,
23,中山大学《拿破仑时代》翻译组,
24,中山大学中国公益慈善研究院翻译组,
25,中油国际中亚公司,
26,主,
27,乐小军,
28,乐梅,
29,乔依德,
30,乔戈,
31,乔溪,
32,乔溪 等,
33,于占杰,
34,于干,
35,于庆生,
36,于文璟,
37,于杰,
38,于柏华,
39,于树生,
40,于树生 陈东威,
41,于海江 赵翠莲 等,
42,于海鹏,
43,于留振,
44,于睿寅,
45,于秀英,
46,于素秋 李延坤 武宝瑞,
47,于肖末,
48,于雪梅,
49,京不特,
50,人文地理学-研究,
51,仇傲,
52,付丽丽 李紫璐 刘晓洋 周晓煦,
53,付天海,
54,付有强,
55,付欣 等,
56,付欣 马庆林 黄文军 等,
57,付欣 高一波 张蕊楠,
58,付金鑫,
59,代晓明 陆嘉琦,
60,代芊 蔡亦默,
61,任其然 等,
62,任军锋 徐卫翔,
63,任子峰,
64,任小红,
65,任晴,
66,任月园,
67,任月园等,
68,任炳湘,
69,任炳湘 王士俊,
70,任田升 陈国雄,
71,任立 孟庆时,
72,任筱可,
73,伊信,
74,伍仁益,
75,伍光建,
76,伍志萍,
77,伍跃 凌鹏,
78,伯尼,
79,何东,
80,何中清 淡晓红 梁雅梦 赵晶,
81,何倩,
82,何兆武,
83,何兆武 徐奕春 林国夫,
84,何兆武 李约瑟,
85,何兆武 许振洲 彭刚,
86,何勇 夏宁生 司辉 张兆星,
87,何勤华 魏敏,
88,何包钢,
89,何卫平,
90,何可人 周宇舫,
91,何娇 编,
92,何宁,
93,何宝玉,
94,何家炜,
95,何小荣,
96,何崑曾 高德超,
97,何希齐,
98,何庆元,
99,何建宇,
100,何怀宏,
101,何怀宏 廖申白,
102,何慕李,
103,何文忠 袁嘉婧 于春丽,
104,何新,
105,何本国,
106,何欢欢 译注,
107,何欢欢 译释,
108,何永红,
109,何涛 编,
110,何清新,
111,何玮 陈文栋 李波,
112,何瑞英,
113,何瑞英 蔡谦 范定九 王祖廉,
114,何畏 易家详 等,
115,何红梅,
116,何莲珍 朱晔 等,
117,何蓉,
118,何蓉 刘洋,
119,何道宽,
120,何钦,
121,何钦 等,
122,何钧,
123,何静芝,
124,何高济,
125,佘碧平,
126,余中先,
127,余中先 张朋浩 车耳,
128,余劲松 陈亮,
129,余叔通 王雪华,
130,余君芷,
131,余大钧,
132,余大钧 周建奇,
133,余娟,
134,余怀龙,
135,余成峰,
136,余明锋,
137,余星涤 刘 丽 姜杉钰 张凤仪 王佳佳,
138,余晓娟 孙佼佼,
139,余杨,
140,余梦婷,
141,余水定 徐寿冠,
142,余皖奇,
143,余韵 姚霖 杨建锋,
144,佟宪国,
145,佟璐瑶,
146,侯丹,
147,侯学宾,
148,侯德彭,
149,侯德彭 蒋贻安,
150,侯文蕙,
151,侯潇英,
152,侯猛 肖炜霖 柏宇洲 林叶 罗彧,
153,侯畅,
154,俞可平 等编,
155,俞孔坚 陈义勇 莫琳 宋丽青,
156,俞敏 祖国霞,
157,信尚尚,
158,倪剑青,
159,倪梁康,
160,倪梁康 等,
161,倪赛,
162,倪连生 王琳,
163,傅东华,
164,傅临春,
165,傅任敢,
166,傅佩荣,
167,傅光明,
168,傅力,
169,傅子宸 等,
170,傅广宇,
171,傅强 张锋,
172,傅懿,
173,傅有强,
174,傅有德 郭鹏 张志平,
175,傅楚楚,
176,傅永军 于健,
177,傅统先,
178,傅雷,
179,储丹丹,
180,储智勇,
181,储翔,
182,元文琪,
183,元文琪 于桂丽 编,
184,光哲,
185,党国英 刘惠,
186,党晟 译注,
187,兰忠平,
188,兰教材,
189,关在汉 编,
190,关宝艳,
191,关文运,
192,关群德,
193,关辛秋 董秀玲 耿兴岩,
194,冉永平,
195,冬一,
196,冯仁人 蒋一婷,
197,冯克利,
198,冯克利 吴其亮,
199,冯克利等,
200,冯小旦,
201,冯峰 隽雪艳 孙彬,
202,冯悦,
203,冯承钧,
204,冯晗,
205,冯棠,
206,冯永勇 向凌威,
207,冯永勇 王大鹏 郭鹏程,
208,冯永勇 金泰峰,
209,冯永勇 钱鑫,
210,冯炳昆,
211,冯环,
212,冯秋香,
213,冯超,
214,冯钢 刘阳,
215,冯韵文,
216,刁筱华,
217,刘万伦,
218,刘万存,
219,刘丽荣 译 黄凤祝 校,
220,刘云雁,
221,刘云飞,
222,刘仁文,
223,刘伟 郭材欣,
224,刘伟冬 李红燕,
225,刘伯恩 宋猛,
226,刘佳瑀,
227,刘倩,
228,刘健 李军,
229,刘儒庭,
230,刘克申,
231,刘冰,
232,刘北成,
233,刘北成 马万利 刘耀辉 唐科,
234,刘华杰,
235,刘可维,
236,刘君,
237,刘国兵,
238,刘国柱,
239,刘复,
240,刘夙,
241,刘夙 胡永红,
242,刘学,
243,刘学黎,
244,刘宗迪,
245,刘寅,
246,刘小侠,
247,刘小平 张鑫虎,
248,刘峰,
249,刘常华 等,
250,刘平,
251,刘平 唐雁超 等,
252,刘平 王蕊,
253,刘平静,
254,刘彤,
255,刘影,
256,刘德润,
257,刘德润 王广生,
258,刘志,
259,刘志芳,
260,刘忠 杨铭 译注,
261,刘怀玉 付清松,
262,刘怀玉 等,
263,刘思巧,
264,刘成富,
265,刘成富 房美 胡园园 王璐,
266,刘成富等,
267,刘振前 宋青 庄会彬,
268,刘振前 庄会彬 宋青,
269,刘振前 庄会彬 郭霞,
270,刘放桐,
271,刘敦健,
272,刘敬鲁,
273,刘文,
274,刘文明 邢科 田汝英,
275,刘文玲,
276,刘文荣,
277,刘文锁,
278,刘文飞,
279,刘斯璐,
280,刘旭,
281,刘旭光 等,
282,刘旭光 路程,
283,刘昌玉,
284,刘明海,
285,刘星,
286,刘显蜀,
287,刘晓 李彬,
288,刘晓军,
289,刘晓敏 王琰,
290,刘晖,
291,刘景华 孙继静,
292,刘景迪 顾杭 庞冠群,
293,刘曼,
294,刘杰 等,
295,刘榜离,
296,刘永杰 王艳玲,
297,刘洋,
298,刘海滨,
299,刘涛,
300,刘淳 译注,
301,刘炎林,
302,刘燕繁 张姗娜 翻译 注释,
303,刘玉鹏,
304,刘玮莹 侯冬梅 郭崇林,
305,刘玲,
306,刘璐,
307,刘璐 韩浩,
308,刘甜甜 刘天路,
309,刘畅 编,
310,刘真,
311,刘磊 荣震华,
312,刘祖熙 李建 郝桂莲 张爱平 陈新民,
313,刘禹汐,
314,刘立群 沈真 张东辉 姚燕,
315,刘艺,
316,刘苏 相欣奕,
317,刘荣,
318,刘荣焌,
319,刘荣跃,
320,刘虹,
321,刘跃雄,
322,刘钢,
323,刘阳,
324,刘阿钢,
325,刘飞,
326,力冈,
327,力冈 冀刚,
328,力冈 袁亚楠,
329,励洁丹,
330,包利民,
331,包海岩 闫泽 萨其拉,
332,包玉香,
333,北京编译社,
334,北京编译社 译 李逵六 总校,
335,北大—林肯中心,
336,华明,
337,华林江,
338,单志澄 周以宁,
339,单灵芝,
340,单雯 柯遵科,
341,南开大学经济系经济学说史教研组,
342,南致善 张德浦,
343,卞之琳,
344,卞翠,
345,卢刚,
346,卢晖临 周怡 李林艳,
347,卢欣,
348,卢毅,
349,卢水毅 周鸣浩,
350,卢玲,
351,卢超,
352,卢连涛 尤伟琼,
353,卢静,
354,卿中全,
355,厉以平,
356,史习隽,
357,史军,
358,史孝文,
359,史希同,
360,史希同 吴旻雁 马学忠,
361,史希同 张洪仪,
362,史良,
363,史良 张希晅,
364,史芡,
365,史行果,
366,史行果 光哲,
367,史贝贝,
368,史靖宇 赵旭东 盛晓春,
369,叶元龙 郭家麟,
370,叶光庭,
371,叶冬心,
372,叶廷芳 主编 史行果,
373,叶彤 顾杭,
374,叶斌 译 刘畅 校,
375,叶赋桂,
376,叶超 张林 张顺生,
377,叶齐茂,
378,叶齐茂 倪晓晖,
379,司富珍 刘文英,
380,吉宓,
381,向丽娟,
382,向垚,
383,向培科 史希同 朱凯,
384,向达,
385,吕一民 张弛 应远马 汤晓燕,
386,吕一民 沈坚 黄艳红 等,
387,吕一民 白玮,
388,吕万和 熊达云 王智新,
389,吕万河 熊达云 王智新,
390,吕健忠,
391,吕厚量,
392,吕叔湘,
393,吕大吉,
394,吕妤,
395,吕婧,
396,吕巧平,
397,吕文江,
398,吕绍宗,
399,君健 叶阳,
400,君瑞图 左玉冰,
401,启蒙编译所,
402,吴万伟,
403,吴之椿,
404,吴云贵,
405,吴伟东 翟正惠 卓建伟 胡平 王伟,
406,吴侃,
407,吴俊范,
408,吴友三,
409,吴友三 储智勇,
410,吴咏梅,
411,吴国华 林升栋 康瑾 杨松,
412,吴国喆,
413,吴国盛,
414,吴士栋,
415,吴宇华,
416,吴安新 杨颖 于宜芃,
417,吴宗宪,
418,吴富佳 吴彼得 陈伟,
419,吴富佳 陈伟 吴彼得,
420,吴寿彭,
421,吴峻,
422,吴广孝,
423,吴建平,
424,吴彦,
425,吴彦 译注,
426,吴思涵,
427,吴悦 辛旭丽,
428,吴文艺,
429,吴斐丹 张草纫 选,
430,吴昌杰,
431,吴晓真,
432,吴杨义,
433,吴杨义 邱娟,
434,吴桐,
435,吴棠,
436,吴模信,
437,吴模信 吴煜幽,
438,吴模信 沈怀洁 梁守锵,
439,吴欲波,
440,吴永泉,
441,吴泓缈,
442,吴泓缈 冯悦,
443,吴湛,
444,吴玉章,
445,吴玥,
446,吴珠华,
447,吴瑕 汪溢,
448,吴相,
449,吴真,
450,吴福祥 张定 等,
451,吴福祥 朱冠明 等,
452,吴福祥 龙海平 等,
453,吴红云 初萌 等,
454,吴良健,
455,吴良健 王翼龙,
456,吴芬,
457,吴芷净 阴志科,
458,吴苏北,
459,吴荣先,
460,吴莉苇,
461,吴衡康,
462,吴见青,
463,吴钧燮,
464,吴雅凌,
465,吴香香,
466,吴麟绶,
467,吴麟绶 周新建 高艳婷,
468,周万里,
469,周云水,
470,周亦倩,
471,周伟驰,
472,周作人,
473,周健,
474,周允程,
475,周光尚,
476,周兵,
477,周凝,
478,周叶谦 刘慈忠 吴兰芳 刘方,
479,周国兴,
480,周士良,
481,周尚意 张春梅,
482,周巩固 周文清,
483,周建人 叶笃庄 方宗熙,
484,周建人叶笃庄 方宗熙,
485,周建漳,
486,周彩萍,
487,周彩萍 邢三洲,
488,周彬,
489,周思成,
490,周思芮,
491,周抒雪 王东译,
492,周敏 程孟利,
493,周昌忠,
494,周昌忠 等,
495,周昌忠 苗以顺 等,
496,周春湘,
497,周晓薇 等,
498,周晓虹 李姚军 刘婧,
499,周晓青,
500,周朗,
501,周欣宇,
502,周玉军,
503,周玉鹏 刘耀辉,
504,周玮,
505,周珊,
506,周璞 张惠 柳晓娟,
507,周硕,
508,周礼全 吴允曾 晏成书,
509,周祖达,
510,周穗明等,
511,周立红 焦静姝,
512,周莽,
513,周邦宪,
514,周雨霏,
515,周靖波,
516,周颖如,
517,周颖如 魏孟淇 周熙安,
518,哈萨克斯坦共和国驻华大使馆等,
519,唐伟霞 李婧 张彩琴,
520,唐利国,
521,唐嘉薇,
522,唐宗丽 陈鸣祥,
523,唐宗义,
524,唐家龙 吴模信 等,
525,唐家龙 曾培歌 吴模信 等,
526,唐晓峰 李平 等,
527,唐果,
528,唐翰,
529,唐钺,
530,唐颖祺,
531,商务印书馆 编,
532,商务印书馆辞书研究中心 编,
533,商正,
534,喻芸,
535,嘉娜娃中,
536,国务院发展研究中心公共管理与人力资源研究所,
537,夏克 李天纲 陈江岚,
538,夏子羿,
539,夏年喜 梅剑华,
540,夏年喜 梅剑华 译 叶峰 校,
541,夏开丰,
542,夏彦才,
543,夏海涛,
544,夏继果,
545,奚晓清,
546,姚中秋,
547,姚啸宇,
548,姚城,
549,姚小平,
550,姚建彬,
551,姚曾廙,
552,姚海鑫 邢源源,
553,姚玉枝 彭文 张海云,
554,姚臻 陈开林,
555,姚蓓琴 晏可佳,
556,姚远,
557,姚远 丁文慧,
558,姚雪霏 等,
559,姚雪霏 陈翀,
560,姚霖 余韵,
561,姜井勇,
562,姜娜 麻国庆,
563,姜廷惠 陈一宏,
564,姜德福,
565,姜志辉,
566,姜望琪,
567,姜望琪 杜世洪,
568,姜望琪 注,
569,姜林静 余明锋,
570,娄翼俊 编,
571,婉玲,
572,孔令伟,
573,孔令杰,
574,孔小磊 译注,
575,孔洁珺 王占仁,
576,孔祥文,
577,孔祥民 令彪 吕和声 吕虹,
578,孔雁,
579,孙中原,
580,孙亚楠,
581,孙亮,
582,孙伊,
583,孙则明,
584,孙剑 付亮 等,
585,孙博阳,
586,孙危,
587,孙名之,
588,孙周兴,
589,孙周兴 张灯,
590,孙周兴 彭正梅 李超杰 余明锋,
591,孙周兴 李媛,
592,孙周兴 李超杰 余明锋,
593,孙周兴 杨光 余明锋,
594,孙周兴 郭成,
595,孙周兴 陈小文,
596,孙周兴 陈小文 余明锋,
597,孙周兴 高松,
598,孙增霖,
599,孙增霖 傅有德,
600,孙婷,
601,孙宜学,
602,孙家堃,
603,孙尚扬,
604,孙岳,
605,孙建中,
606,孙思清 柯遵科,
607,孙才真,
608,孙晶 译释,
609,孙智新,
610,孙来臣 李塔娜 吴小安,
611,孙林 卢春蓉 唐佳,
612,孙海波 彭宁,
613,孙涛,
614,孙祖光,
615,孙秉莹 谢德风 赵世瑜,
616,孙立新,
617,孙署冰,
618,孙胜忠,
619,孙胜英 翻译 注释,
620,孙艳艳,
621,孙若圣,
622,孙若圣 窦新光,
623,孙若红 陈玥,
624,孙静工,
625,孙驰,
626,孙驰 梁丹丹,
627,孟令彤,
628,孟凡济,
629,孟华 李彬,
630,孟庆升 李旭影等,
631,孟庆时,
632,孟庆龙等,
633,孟庆龙等译校,
634,孟梅艳,
635,孟祥沛,
636,孟钟捷 葛君 徐璟玮,
637,季剑青,
638,季陶达 季云,
639,宁嘉风,
640,宁晓萌,
641,宁秋尧,
642,安书祉,
643,安书祉 译 范大灿 注,
644,安佳,
645,安冬,
646,安靖 等,
647,宋一然 郑昱 李陶 戴梦 译 宋俊岭 校,
648,宋以刚,
649,宋俊岭 宋一然,
650,宋健,
651,宋光野 周雨曈,
652,宋功德,
653,宋博,
654,宋强,
655,宋思康,
656,宋慧献,
657,宋承杰,
658,宋明蔚,
659,宋晓东,
660,宋欣涛,
661,宋海彬,
662,宋碧珺,
663,宋立宏,
664,宋立道,
665,宋立道 舒晓炜,
666,宋继杰 张 凯,
667,宋荣 宋琴 周慧君,
668,宓田,
669,宗白华,
670,宫齐,
671,富瑜,
672,寒川子 张积模,
673,寿勉成,
674,寿晨霖 张楠,
675,寿进文,
676,小庄,
677,尚新建,
678,尚晋,
679,尚永清,
680,尤丹婷,
681,尹大贻 朱新民,
682,屈伯文 陈恒,
683,山西大学组织翻,
684,岳盈盈 翟继强,
685,崔华杰,
686,崔君衍,
687,崔君衍 笈香,
688,崔延强 译注,
689,崔志军,
690,崔永禄 王忠和,
691,崔蒙,
692,崔金戎,
693,左少兴 徐天新 谢有实 张蓉初,
694,左明彻,
695,左百瑶,
696,巫宝三,
697,巫新华,
698,巫白慧 译解,
699,巫白慧 译释,
700,巫能昌,
701,巫语白,
702,巴金,
703,席坤,
704,常任侠 袁音,
705,常勋 等,
706,常正文 王兴中 等,
707,常飒飒,
708,常飒飒 武晓哲,
709,庄万友 等,
710,庄乐坤,
711,庄乐坤等,
712,庄加逊,
713,庆泽彭,
714,库德扎伊·穆聂德兹姆威,
715,庞卓恒 李琳 等,
716,庞学铨 李张林,
717,庞建春,
718,庞晓光,
719,庞晓光 李醒民,
720,庞景仁,
721,庞玉洁 李学智 译 庞卓恒 校,
722,康子兴,
723,康子兴 周小薇 马猛猛,
724,康维阳,
725,康蓉,
726,康蓉 张兆慧 冯晨 王栋,
727,康蓉 张兆慧 史贝贝,
728,廉晓红,
729,廖申白,
730,廖申白 译注,
731,廖钦彬,
732,弓秀英,
733,张东辉 夏国军,
734,张东辉 户晓辉,
735,张丹彤,
736,张丽华 张驰,
737,张举文,
738,张之简,
739,张书友,
740,张书轩,
741,张亚伦,
742,张亚辉,
743,张仁善 周文臻,
744,张任之 段丽真 钟汉川 等,
745,张任之 谢裕伟,
746,张任之 郑辟瑞 张志平 等,
747,张企泰,
748,张伟 等,
749,张伟劼,
750,张伟平,
751,张伟平 欧阳雅琴,
752,张伯健 陆大年,
753,张俊彦,
754,张冬,
755,张冰,
756,张凌云,
757,张凌云 杨晶晶,
758,张凌云 马晓秋,
759,张凤林,
760,张凤林 等,
761,张凯,
762,张力生,
763,张励耕 编,
764,张劲硕,
765,张勇 蒋柯,
766,张勇 蒋柯 译 熊哲宏 审校,
767,张午筠,
768,张卓明,
769,张卜天,
770,张卜天 南星,
771,张卜天 鲁博林,
772,张和友,
773,张和颐 张萌 冀巧玲,
774,张咏白 郝建恒 高文风 徐景南,
775,张培,
776,张培均 译注,
777,张大可,
778,张大可 语,
779,张大同,
780,张大海 王艳秋,
781,张媛,
782,张学广 孙小龙 王策,
783,张学斌 柳利,
784,张小波 李念 李晓鹏 肖忠意,
785,张少伯,
786,张尧均,
787,张尧均 杨大春,
788,张岑 编,
789,张岳明 刘北成,
790,张巍卓,
791,张巍卓 戚依涵,
792,张平 译注,
793,张建华,
794,张建国 李力,
795,张建惠,
796,张弛,
797,张弛 蒋元群,
798,张弢 孟钟捷,
799,张弢 孟钟捷 王志华 王琼颖 王莹 范丁梁 等,
800,张强,
801,张强 柳玉刚 申华明 奚瑞森,
802,张彩霞,
803,张微 姚玉枝 彭文,
804,张志平 张任之,
805,张志强 史诗 王涛,
806,张志强 等,
807,张悠然 王艺颖,
808,张振华,
809,张振华 杨小刚,
810,张振辉,
811,张捷,
812,张放 王晓丹 彭萍,
813,张敦福 罗力群,
814,张文敬,
815,张文英,
816,张旭鹏,
817,张昕竹 马源 等,
818,张显奎 等,
819,张晖,
820,张晨曲,
821,张智,
822,张智仁 何勒华,
823,张杰,
824,张林 张天龙,
825,张柯,
826,张柯 马小虎,
827,张桂权,
828,张楚晗,
829,张楠,
830,张永娇,
831,张沛,
832,张沛 张源,
833,张治,
834,张治国,
835,张泽石,
836,张洁,
837,张涵,
838,张源,
839,张瀚墨,
840,张炜,
841,张焕然,
842,张猛,
843,张玉林 等,
844,张玲 张扬,
845,张珊珊 于增艳,
846,张璐,
847,张生珍 陈文,
848,张百春,
849,张祖贵,
850,张祝馨,
851,张祥龙,
852,张竹明,
853,张竹明 王乃新 荣毅 蒋平 等,
854,张竹明 蒋平,
855,张红军,
856,张红婕,
857,张继安,
858,张继武 倪梁康,
859,张绪山,
860,张绪山 卢兆瑜,
861,张绪山 张含芝 编,
862,张绪山 李增洪 侯树栋 译 郭守田 徐家玲 张绪山 校,
863,张绪强,
864,张维佳 田飞洋,
865,张胜纪,
866,张自庄 赵人伟,
867,张芸,
868,张若愚,
869,张若衡,
870,张草纫,
871,张草纫 浦允南,
872,张草纫 浦允南 等,
873,张荣 谢晓川 张柯 等,
874,张莉,
875,张西艳,
876,张谡过,
877,张谷若,
878,张贤伟,
879,张超,
880,张载扬 等,
881,张辑,
882,张达志,
883,张金言,
884,张钰 何静,
885,张雁深,
886,张雄武,
887,张雅楠,
888,张雪 李志敏,
889,张静,
890,张静文,
891,张韬略,
892,张颖,
893,张鹏 韩宁,
894,张麟声,
895,张黎,
896,彭丽姗,
897,彭刚 顾杭,
898,彭勇文 邬锐 卞茜 叶赛,
899,彭妍,
900,彭小华,
901,彭松建 胡健颖,
902,彭楚,
903,彭正梅,
904,彭裕超,
905,彭郁,
906,彭锋 贺立平 徐陶 尹树广,
907,徐冬梅,
908,徐凤林,
909,徐发寅 译 郭忠华 校,
910,徐哲根,
911,徐嘉妍,
912,徐国栋,
913,徐大健 张辑,
914,徐大建,
915,徐奕春,
916,徐奕春 林国夫,
917,徐奕春 胡溪 渔仁,
918,徐奕春 胡溪 钟㼆珦,
919,徐守森 胡景超 闵瑞芳,
920,徐家玲,
921,徐家玲 等,
922,徐建雄,
923,徐开来,
924,徐式谷,
925,徐懿春,
926,徐振亚,
927,徐振亚 冯增义,
928,徐振亚 沈念驹,
929,徐文丽,
930,徐昌翰,
931,徐春山,
932,徐晨,
933,徐梵澄,
934,徐毓枬,
935,徐波,
936,徐献军,
937,徐畅,
938,徐纪贵,
939,徐育新,
940,徐良英 赵中立 张宣三 编,
941,徐蓝,
942,徐蔷,
943,徐蕾,
944,徐贤樑 等,
945,徐辉 编,
946,徐雅珺 张涛,
947,志丞 刘苏,
948,怀宇,
949,戈革,
950,成一农,
951,成穷,
952,成穷 王作虹,
953,戚悦,
954,戚译引 译 曹睿 审订,
955,戴可来,
956,戴思羽,
957,戴晖,
958,戴玉庆,
959,戴玥 郑春颖,
960,戴镏龄,
961,戴鹏飞,
962,戴鹏飞 王恒,
963,扁阳阳,
964,摆贵勤 等,
965,支振锋 叶子豪,
966,文心,
967,文铮,
968,斯竹 陈慧,
969,新疆维吾尔族自治区民族语言文字工作委员会 编译合作,
970,方丽平,
971,方书春,
972,方在庆 徐志凌,
973,方在庆 李勇 等,
974,方旭 奚望,
975,方昱,
976,方松英,
977,方松英 等,
978,方永,
979,方泉,
980,方珊,
981,方珊 李勤,
982,方福前,
983,方莉 程文红,
984,方重,
985,方颂华,
986,於兴中,
987,施雨洁 译 杨子悠 校,
988,日知 力野,
989,时征,
990,时殷弘,
991,时永松 丰万俊,
992,晏成书,
993,晏文玲,
994,晏绍祥,
995,晏绍祥 黄洋,
996,晓庄,
997,晴朗李寒,
998,曲天夫,
999,曲艳娜 郝军,
1000,曲艳娜 陈玥,
1001,曲英梅,
1002,曲长亮,
1003,曲长亮 选编 译注,
1004,曲陆石,
1005,曹政,
1006,曹新宇 张樊英,
1007,曹明伦,
1008,曹明玉,
1009,曹星,
1010,曹海军 张继亮,
1011,曹磊,
1012,曹荣湘,
1013,曹道根 胡朋志,
1014,曾一璇,
1015,曾允 陈杰,
1016,曾晓平,
1017,曾晓平 刘作 刘凤娟,
1018,曾韬,
1019,曾韬 赵天书,
1020,望震,
1021,木夏,
1022,本书翻译组,
1023,朱九扬,
1024,朱书龙,
1025,朱光潜,
1026,朱凯,
1027,朱凯 史希同,
1028,朱向霞摄影,
1029,朱含,
1030,朱妍兰,
1031,朱威烈,
1032,朱学平,
1033,朱学平 黄钰洲,
1034,朱宇 刘晔 刘涛 林李月 陈晨,
1035,朱寰 胡敦伟,
1036,朱康,
1037,朱心曲 关群德,
1038,朱志泰,
1039,朱志泰 陈良璧,
1040,朱成明 译注,
1041,朱明,
1042,朱明 徐海冰,
1043,朱明哲,
1044,朱晔,
1045,朱曾汶,
1046,朱朝旭,
1047,朱松,
1048,朱泱,
1049,朱泱 孙鸿敞 等,
1050,朱泱 张胜纪 吴良健,
1051,朱泱 易梦虹 李宏 陈国庆 杨敬年 陈锡龄,
1052,朱泱 易梦虹 等,
1053,朱泱 胡企林 朱和中,
1054,朱泱 贝昱 马慈和,
1055,朱清华,
1056,朱火云,
1057,朱琦 李明轩,
1058,朱生豪,
1059,朱磊,
1060,朱绍文,
1061,朱芳芳,
1062,朱蒙,
1063,朱蕾,
1064,朱虹,
1065,朱诗琪 魏琳琳,
1066,朱诗逸,
1067,朱谅谅,
1068,朱谦之,
1069,朱路平,
1070,朱颜,
1071,朱龙华,
1072,朴春燮 等,
1073,朴铃一 郑燕,
1074,李一凡,
1075,李丙奎 陈英 孙傲,
1076,李东琪 颜震,
1077,李东鹏,
1078,李中衡,
1079,李丰斌,
1080,李丹丹 李昕晖,
1081,李丽琴,
1082,李云飞,
1083,李井奎,
1084,李京廉 等,
1085,李仙飞,
1086,李任初,
1087,李俊,
1088,李修建 刘翔宇,
1089,李倢,
1090,李健 等,
1091,李光日 于萌,
1092,李兵 王晓培,
1093,李凌云,
1094,李凌波,
1095,李刚剑 等,
1096,李剑敏,
1097,李剑敏 李皖 张文昭,
1098,李剑敏 译 李皖,
1099,李华,
1100,李博婷,
1101,李双志,
1102,李可欣,
1103,李唯中,
1104,李国山,
1105,李国强,
1106,李国武,
1107,李坤刚 闫冬 吴文芳 钟芳,
1108,李大伟 译注,
1109,李娜,
1110,李娟,
1111,李婧敬 编,
1112,李婷婷 聂一鸣,
1113,李媛媛,
1114,李安宅,
1115,李安山,
1116,李宗正,
1117,李家真,
1118,李家真 译注,
1119,李家莉,
1120,李家莲,
1121,李小涛,
1122,李岩 王彦会,
1123,李平沤,
1124,李幼蒸,
1125,李广乾,
1126,李康,
1127,李建利 李东 张蓉,
1128,李建利 王凤 张蓉 易春芳,
1129,李建盛,
1130,李彬,
1131,李彬 等,
1132,李彬彬,
1133,李志刚 徐江 曹康 等,
1134,李志鹏 李凡,
1135,李忠伟,
1136,李恭忠,
1137,李慧,
1138,李慧宁,
1139,李振广,
1140,李捷,
1141,李敏 王玥,
1142,李敏敏 褚颖,
1143,李文俊 叶廷芳 等,
1144,李文硕,
1145,李旭影,
1146,李旭影 等,
1147,李旺旺,
1148,李昀 刘萌 崔喆 等,
1149,李昆之,
1150,李明 张晓华,
1151,李明一,
1152,李明倩,
1153,李明辉,
1154,李春树,
1155,李晋,
1156,李晋 马丽,
1157,李晓东,
1158,李晓愚,
1159,李晓晴,
1160,李景艳,
1161,李月,
1162,李本正,
1163,李树芬 等,
1164,李步楼,
1165,李步楼 尚伟 祁阿红 朱泱,
1166,李步楼 陈维杭,
1167,李永学,
1168,李洵哲 林琳,
1169,李活,
1170,李浩培 吴传颐 孙鸣岗,
1171,李浩生 等,
1172,李涤非,
1173,李源 张恒杰 李上,
1174,李满奎,
1175,李猛 李康,
1176,李玉成,
1177,李玉成 李进,
1178,李玉民,
1179,李玉珊,
1180,李玲,
1181,李理 译 梁志学 校,
1182,李琮,
1183,李瑞华,
1184,李瑞林 杜安,
1185,李瑞林 梁宇 李博言,
1186,李瑞林 贺婷婷,
1187,李瑾,
1188,李益阳 金宝,
1189,李真 李先焜,
1190,李睿,
1191,李石 等,
1192,李秀清 林虹,
1193,李秉勤,
1194,李秋零,
1195,李秋零 田薇,
1196,李科政,
1197,李科政 王福玲,
1198,李稼年,
1199,李红海,
1200,李红燕,
1201,李纯一,
1202,李翀,
1203,李艳丽,
1204,李艳鸽 胡水周,
1205,李若愚 关丽伟 苏琳 杨洋 张旖旎,
1206,李若萱,
1207,李茜,
1208,李荣,
1209,李荣 王菊泉 周流溪 陈平,
1210,李荣山 译 刘思达 校,
1211,李荣荣,
1212,李莉莉,
1213,李虹汛 倪胜利,
1214,李衍,
1215,李贵苍,
1216,李超,
1217,李超杰,
1218,李越,
1219,李运兴 编,
1220,李连江,
1221,李逸君,
1222,李酣,
1223,李醒民,
1224,李铁匠,
1225,李锡胤,
1226,李锦辉,
1227,李隆生,
1228,李雨,
1229,李雪晴,
1230,李零 等,
1231,李霞,
1232,李霞 胡牧,
1233,李青崖,
1234,李鲁宁,
1235,李鲁宁 赵立玮,
1236,李黎力,
1237,杜卿,
1238,杜娟,
1239,杜宪兵 何美兰 武逸天,
1240,杜小真,
1241,杜永明,
1242,杜汝楫,
1243,杜洁,
1244,杜章智 任立 燕宏远,
1245,杜苏,
1246,杜鹃,
1247,杨一之,
1248,杨亚平,
1249,杨人楩,
1250,杨人楩 陈希秦 吴绪,
1251,杨俊杰 译注,
1252,杨保筠 刘婷 张铁岭 刘雪红,
1253,杨兆钧,
1254,杨先明 刘岩 等,
1255,杨光,
1256,杨光海 丁山,
1257,杨凯旋,
1258,杨劲,
1259,杨士虎,
1260,杨大春,
1261,杨大春 张尧均,
1262,杨大春 张尧均 关群德,
1263,杨大然 熊建国,
1264,杨天江,
1265,杨孝敏,
1266,杨宪益,
1267,杨富斌,
1268,杨富斌 陈伟功,
1269,杨富斌 鲁勤,
1270,杨小刚,
1271,杨帆,
1272,杨建顺,
1273,杨德友,
1274,杨德睿,
1275,杨必,
1276,杨志强,
1277,杨恩毅,
1278,杨慧宇,
1279,杨振宇,
1280,杨敬年,
1281,杨文明,
1282,杨文登 邓巍,
1283,杨昌裕,
1284,杨明,
1285,杨明佳,
1286,杨春学,
1287,杨春宇 周歆红,
1288,杨晶 李建华,
1289,杨曾文,
1290,杨柳,
1291,杨武能,
1292,杨波,
1293,杨洋 卢思熙 杨应鑫 徐立江 肖龙飞 殷筱,
1294,杨熙龄,
1295,杨玉功,
1296,杨玉成 赵京超,
1297,杨红珍,
1298,杨美姣,
1299,杨若濛,
1300,杨莎,
1301,杨莎 郝宣佳,
1302,杨贝,
1303,杨贤宗,
1304,杨贤宗 张茜,
1305,杨金平 马雪琨 乔雪梅 邢克超,
1306,杨金花 于海涛 黄雪娜 等,
1307,杨铁军,
1308,杨铮 张靖 王琦琪 等,
1309,杨雅云,
1310,杨霞,
1311,杨静远,
1312,杭苏红,
1313,析,
1314,林中泽,
1315,林光 江禾,
1316,林国夫 吴良健 王翼龙 蔡受百,
1317,林夏水 等,
1318,林夏水 薛迪群 范建年,
1319,林子赛,
1320,林家彬 等,
1321,林尔蔚 陈江,
1322,林庆新 马月,
1323,林强,
1324,林徐达 梁永安,
1325,林志军 李若山 李松玉,
1326,林志猛 王旭 等,
1327,林敬贤,
1328,林斯澄,
1329,林方 王景和,
1330,林晓芳,
1331,林江,
1332,林洁盈,
1333,林洪亮,
1334,林猛,
1335,林琳,
1336,林筠因,
1337,林纾 陈家麟,
1338,林纾 陈家麟 译 雷林克 西,
1339,林聚任 王鹏 宋丽君,
1340,林舒俐 谢琰 孟琢,
1341,林闻正 尉兆梁,
1342,柏克,
1343,柏克 郑景胜,
1344,柏克 韩朝华,
1345,查抒佚 蒋柯,
1346,柯伟才 张晓博,
1347,柯梦琦 韩波,
1348,柯象峰 何光来 秦果显,
1349,柯象峰 等,
1350,柯遵科,
1351,柯遵科 单雯,
1352,柳鸣九,
1353,柴彦威 周尚意 等,
1354,柴彬,
1355,柴生芳 朱恒晔,
1356,柴裕红,
1357,栾奇,
1358,栾颖新,
1359,桂宝丽,
1360,桂裕芳,
1361,桑大鹏,
1362,桑大鹏 编,
1363,桑海 姜文涛 汪蘅,
1364,桔梗,
1365,梁中和 李旸,
1366,梁卿,
1367,梁学志 石泉,
1368,梁守锵,
1369,梁守锵 吴模信 等,
1370,梁守锵 吴模信 谢戊申 邱公南,
1371,梁小民,
1372,梁工,
1373,梁工 吕争 等,
1374,梁工 吴珊 等,
1375,梁志学 李理,
1376,梁志学 沈真,
1377,梁志学 沈真 李理,
1378,梁志学 石泉,
1379,梁志学 等,
1380,梁文静 王晓燕 高卉,
1381,梁昭锡,
1382,梁栋,
1383,梁永安,
1384,梁治平,
1385,梁洪 肖忠意 何枫 周雅玲,
1386,梁议众,
1387,梁进社 李平 王大伟,
1388,梁音 等,
1389,梅俊杰,
1390,梅宁,
1391,梅宁 孙周兴,
1392,梅小侃,
1393,梅小侃 余燕明,
1394,梅皓,
1395,梅益峰,
1396,梅谦立 祝海林 林逸超 編注,
1397,梅雪芹 刘梦霏,
1398,楚立峰,
1399,楚镔译校,
1400,樊林洲,
1401,欧东明,
1402,欧东明 张振华,
1403,欧瑜,
1404,欧璟华,
1405,欧阳敏,
1406,欧阳葵 冯晨,
1407,欧阳葵 王国成,
1408,欧阳霄,
1409,武寅等,
1410,武玉东 蒋蕾,
1411,武黄岗,
1412,段保良,
1413,段德智,
1414,段德智 徐弢,
1415,段德智 编,
1416,段德智 陈修斋,
1417,段德智 陈修斋 桑靖宇,
1418,段文斌 等,
1419,段毅才 王伟,
1420,段瑞俊,
1421,段磊,
1422,段继承,
1423,段若川 赵振江,
1424,殷宝书,
1425,殷洪元,
1426,殷筱,
1427,毕世鸿 李秋艳 译毕世鸿 李秋艳,
1428,毕洪海,
1429,毕黎 译注,
1430,毛兴贵 施弋杨,
1431,毛杰,
1432,毛竹,
1433,毛达 王丽敏,
1434,毛频,
1435,水同天,
1436,水建馥,
1437,汝信,
1438,江城子,
1439,江天骥 陈修斋 王太庆,
1440,江晟,
1441,江林泽,
1442,江民彬 张鑫竹,
1443,池桢,
1444,汤侠声,
1445,汤明洁,
1446,汤沛丰,
1447,汤茂林 谈静华 李江涛 等,
1448,汪凯,
1449,汪勃 山口早苗,
1450,汪培基,
1451,汪培基 徐育新 张泽石,
1452,汪彧 译 刘玮 校,
1453,汪树东 欧阳澜,
1454,汪淑钧,
1455,汪溢,
1456,汪瑄,
1457,汪耀三 庞龙 冀甫,
1458,汪聂才,
1459,汪辉,
1460,汪骁 李骐芳 马慧,
1461,汲喆,
1462,沅芷 伊信,
1463,沈占春,
1464,沈原 张旅平,
1465,沈叔平,
1466,沈叔平 等,
1467,沈叔平 苏力,
1468,沈园 等,
1469,沈国琴 丁建弘,
1470,沈国琴 王鸷嘉,
1471,沈宇彬 孙聪 陈挺,
1472,沈宗灵,
1473,沈家煊 罗天华,
1474,沈岿,
1475,沈建峰,
1476,沈念驹,
1477,沈悦 刘天科 南锡康 张铎,
1478,沈成,
1479,沈文钦 谢心怡 郭二榕 等,
1480,沈景一,
1481,沈汉 等,
1482,沈沉,
1483,沈瑶,
1484,沈真 张东辉 等,
1485,沈真 梁志学,
1486,沈苏儒,
1487,沈语冰,
1488,沈鞠明,
1489,沈黛,
1490,河北师范大学外语系,
1491,注释,
1492,洪天富 范景中,
1493,洪庆明,
1494,洪汉鼎,
1495,洪汉鼎 师庭雄 刘康 等,
1496,洪汉鼎 金志谦 刘康 等,
1497,洪汉鼎 高语含,
1498,洪洁求 洪丕柱,
1499,洪潇亭,
1500,洪炜 等,
1501,洪秀敏 李晓巍 王兴华,
1502,洪谦,
1503,洪谦 唐钺 梁志学,
1504,洪谦 荣震华 王太庆 等,
1505,海安,
1506,涂世华,
1507,涂卫群,
1508,涂纪亮,
1509,渠敬东,
1510,渠敬东 汲喆,
1511,温仁百,
1512,温玉伟 编,
1513,温锡增,
1514,游云庭 缪苗,
1515,游宝谅 等,
1516,游淙祺,
1517,溥林,
1518,滕玉英,
1519,滕维藻,
1520,滕茂桐,
1521,滕颖,
1522,潘世昌,
1523,潘丽珍,
1524,潘乐英 译 周春生 校,
1525,潘光旦 胡寿文,
1526,潘光旦 译注,
1527,潘培庆,
1528,潘威 郭本禹,
1529,潘德荣,
1530,潘敏,
1531,潘曼,
1532,潘汉典,
1533,潘璐 任国强 郭颖杰,
1534,潘耀昌,
1535,潘英丽,
1536,潘钧 王磊 张惠芳 贾琦 杨晓敏,
1537,潘钧 等,
1538,潘钧 谭琦 陈昌柏 韩涛 郑若曦,
1539,潘韩婷,
1540,潘驿炜,
1541,焦静姝,
1542,熊伟 毛彦,
1543,熊姣,
1544,熊春文,
1545,熊林,
1546,熊浩 高乐田,
1547,熊红芝,
1548,熊至立,
1549,燕宏远 李怀涛,
1550,牛毓梅,
1551,牟春,
1552,牟硕,
1553,狄玉明,
1554,狄玉明 渠敬东,
1555,王一帆,
1556,王丁 李阳,
1557,王世鹏,
1558,王世鹏 高新民,
1559,王东亮 龚兆华,
1560,王丝蒙,
1561,王中华,
1562,王为民,
1563,王丽,
1564,王丽丽,
1565,王丽平,
1566,王之光,
1567,王之光 樊凡,
1568,王乐洋,
1569,王云霞 马海峰 彭蕾,
1570,王亚南 等,
1571,王亚娟,
1572,王亮,
1573,王以铸,
1574,王以铸 崔妙因,
1575,王以铸 等,
1576,王仲涛,
1577,王仲涛 译王仲涛,
1578,王伟光 王云萍,
1579,王伟平,
1580,王俣璇,
1581,王倩龄,
1582,王元博,
1583,王兆基,
1584,王兰生,
1585,王兴赛,
1586,王军 汤吉军 肖旭 张凤林,
1587,王军伟,
1588,王凤才,
1589,王凤梅,
1590,王凯梅,
1591,王剑,
1592,王加为,
1593,王加为 赵明珠,
1594,王勋 吕军 王湧泉,
1595,王卓君,
1596,王占仁,
1597,王向远 编,
1598,王启龙,
1599,王国卿,
1600,王大学 秦瑞芳 屈伯文,
1601,王大庆,
1602,王天清,
1603,王太庆,
1604,王子宁 张卜天,
1605,王宇 王文玉,
1606,王宇 等,
1607,王宇 胡武阳 卢亚娟,
1608,王宇 马明 李荣,
1609,王宇洁,
1610,王守礼,
1611,王安梦,
1612,王安莉 译 杨贤宗 校,
1613,王宏健 马小虎 丁儒亢 等,
1614,王宏昌,
1615,王宪生,
1616,王宪钿 等,
1617,王家绶,
1618,王小伦 许修棋 编,
1619,王少爽,
1620,王尔东,
1621,王岽兴 张蓉,
1622,王峰 叶磊蕾,
1623,王希,
1624,王庆节,
1625,王延川,
1626,王延川 栗鹏飞,
1627,王建伟,
1628,王建民 冯克利 崔树义,
1629,王强,
1630,王德中 李运宽,
1631,王德新,
1632,王志勇,
1633,王志华,
1634,王志宏,
1635,王志宏 石磊,
1636,王志成 曹政,
1637,王志成 杨柳,
1638,王志成 汉译并注释,
1639,王志成 灵海 汉,
1640,王志章 等,
1641,王志红 邵旭澎 邵宇宾,
1642,王志耕,
1643,王志耕 李 莉 杜文娟,
1644,王志耕 等,
1645,王恒 王士盛,
1646,王恩冕 译审,
1647,王戎 詹继续 郑苏文,
1648,王振亚,
1649,王政,
1650,王敏,
1651,王敬敬 孙计领,
1652,王敬敬孙计领,
1653,王文华,
1654,王文斌,
1655,王文方,
1656,王文浩,
1657,王文融,
1658,王斯秧,
1659,王旭,
1660,王旭 李文硕 等,
1661,王春春,
1662,王晋新,
1663,王晋瑞,
1664,王晓丹,
1665,王晓朝 戴伟清,
1666,王晓辉,
1667,王晨,
1668,王晨 张敏 张璐,
1669,王晴锋,
1670,王晶 张健,
1671,王曦 等,
1672,王枫,
1673,王步涛 钱秀文,
1674,王永,
1675,王永年,
1676,王江伟 牛纪凤,
1677,王江涛,
1678,王治来,
1679,王波,
1680,王泰智,
1681,王泰智 沈惠珠,
1682,王洪亮,
1683,王浩娉 赵玉燕,
1684,王海军,
1685,王海利 等,
1686,王涛,
1687,王涛 孔新峰 等,
1688,王清晨,
1689,王炎强,
1690,王炳文,
1691,王炳文 张金言,
1692,王焕生,
1693,王熙 张振华,
1694,王燕生,
1695,王燕生 董果良 赵鸣远 陆楼法,
1696,王爱菊,
1697,王玉章,
1698,王玖兴,
1699,王玖兴 主,
1700,王玮玮,
1701,王珏,
1702,王琳 匡晓文,
1703,王琼颖 孟钟捷,
1704,王璐璐 陈芯莹,
1705,王皖强,
1706,王眉,
1707,王礼平 杨大春,
1708,王祎慈,
1709,王祖哲,
1710,王福重 张志超 译注,
1711,王禹,
1712,王科一,
1713,王立弟 等,
1714,王立秋,
1715,王紫辰,
1716,王翔,
1717,王耀三,
1718,王聚,
1719,王艺,
1720,王荫庭,
1721,王荫庭 冯炳坤,
1722,王荫庭 杨永,
1723,王荫庭 高敬增,
1724,王莹 范丁梁 张弢,
1725,王萍,
1726,王萍 李高峰 胡二杰 译 崔建树 校,
1727,王蓁 汪溪,
1728,王蓓,
1729,王薇,
1730,王超华,
1731,王路,
1732,王远林,
1733,王远飞 陈雯 武占云 任小丽,
1734,王连勇,
1735,王迪,
1736,王金,
1737,王钧杰,
1738,王铁生,
1739,王银宏 王锴 柳建龙 等,
1740,王锟,
1741,王长明 王斌,
1742,王雅华 刘丽霞,
1743,王顺君,
1744,王鹏翔,
1745,王鹏飞 鲁奇,
1746,王鹏飞 鲁奇 龙花楼,
1747,王龙晓,
1748,玮珺,
1749,生安锋 宋丽丽,
1750,田一然 钟子龙 徐舒浩 钟云鹏 译 郑玉双 校,
1751,田书峰 译注,
1752,田亚曼 孙玮,
1753,田兵,
1754,田启林 马军军,
1755,田夫,
1756,田婧 毛佳鹏,
1757,田平,
1758,田思悦,
1759,田思路,
1760,田思路 龚敏 邹庭云,
1761,田恬,
1762,田时纲,
1763,田海龙,
1764,田靓,
1765,由权,
1766,由权 邵宝庆,
1767,申华明,
1768,申恩荣 注释,
1769,申荷丽,
1770,申锦善,
1771,白凤森 杨衍永,
1772,白宝玉,
1773,白开元 编,
1774,白志所,
1775,益公益交流中心,
1776,盖逊,
1777,盛力,
1778,盛学文 马春华 李筱鹏,
1779,盛澄华,
1780,相培妮,
1781,相文玺 曹英志 魏莱,
1782,瞿亮,
1783,瞿同祖 赵曾玖,
1784,瞿菊农 叶启芳,
1785,石冲白,
1786,石小竹,
1787,石小竹 孙明丽,
1788,石峰,
1789,石敏敏,
1790,石斌 王守都 徐菲,
1791,石琴娥,
1792,石琴娥 斯文,
1793,石磊,
1794,石福祁,
1795,石良燕,
1796,石豆,
1797,石锋 于辉 苏珩骅,
1798,石锋 郭嘉,
1799,石锋 魏芳 温宝莹,
1800,祁学义,
1801,祁广谋 编,
1802,祝世康 穆家骥,
1803,祝华,
1804,祝明姗 编,
1805,祝本雄 沈珩,
1806,福民 等,
1807,秋叶,
1808,秦亚青,
1809,秦克诚,
1810,秦喜清,
1811,秦国帅 雷阳,
1812,秦立彦,
1813,秦锋砺,
1814,程工 李涤非,
1815,程工 杨彤,
1816,程昌秀 高培超 宋长青,
1817,程曾厚,
1818,程朝阳,
1819,程洪逵 沅芷,
1820,程相占,
1821,程秀金 卢兆瑜,
1822,程红泽,
1823,程逢如 在汉 舒逊,
1824,程都,
1825,穆怀朋,
1826,窦绪凯 郝琛宠 缪羽龙 等,
1827,章国锋,
1828,章宜华 田兵,
1829,章红新 丛进,
1830,章迪禹 巩键,
1831,童孝华 胡运彪,
1832,童昕 等,
1833,童海浩,
1834,童珊,
1835,管可秾,
1836,管可秾 严潇潇,
1837,管士滨,
1838,管弦,
1839,管欣,
1840,管燕红 等编,
1841,管震湖,
1842,米健,
1843,纪海龙,
1844,纳忠,
1845,纳海,
1846,罗三洋 译注,
1847,罗丽 赵兰学,
1848,罗久,
1849,罗冠男,
1850,罗勇,
1851,罗嘉,
1852,罗国祥,
1853,罗宇维,
1854,罗心宇,
1855,罗志达,
1856,罗念生 陈洪文 王焕生 冯文华,
1857,罗文敏,
1858,罗新璋,
1859,罗李华,
1860,罗碧凝,
1861,罗达仁,
1862,罗逍然,
1863,群力,
1864,翁绍军,
1865,翟玉章 段玲玲 潘丹丹,
1866,老舍,
1867,考舸 梅雪芹,
1868,耿伟 王新,
1869,耿引曾 施诚 李隆国,
1870,耿淡如,
1871,耿炜,
1872,聂崇信 吕德本 熊希龄,
1873,聂渡洛 黄东田,
1874,聂鸿飞,
1875,肖卫东,
1876,肖君拥,
1877,肖天佑,
1878,肖小勇,
1879,肖德生,
1880,肖德生 鲍克伟,
1881,肖忠意 刘忠姗 刘纪含 陈海涛,
1882,肖忠意 李苑凌 戴中亮 郝晶,
1883,肖忠意 杨蒙 杨浩然 雷声,
1884,肖梅,
1885,肖聿,
1886,肖馨瑶 译注,
1887,胡世凯,
1888,胡仲持,
1889,胡企林,
1890,胡企林 朱泱,
1891,胡位钧,
1892,胡作玄 赵慧琪,
1893,胡其鼎,
1894,胡勇,
1895,胡勇 陈刚,
1896,胡家勇 王兆斌,
1897,胡尧步 等,
1898,胡川宁,
1899,胡建鹏,
1900,胡文建 顾家庆,
1901,胡明扬,
1902,胡春艳 董文琪,
1903,胡晓岚,
1904,胡芷妡,
1905,胡蔚,
1906,胡运彪,
1907,胡运彪 编,
1908,自然资源部自然资源确权登记局,
1909,舒国滢,
1910,舒远招 周爱民 马俊 等,
1911,艾仁贵,
1912,艾敏 等,
1913,艾约瑟 编,
1914,芦思姮,
1915,花蚀,
1916,苏公隽,
1917,苏剑,
1918,苏力,
1919,苏夜阳,
1920,苏尚锋,
1921,苏彦捷 等,
1922,苏彦捷 译注,
1923,苏振兴 袁兴昌,
1924,苏文敬,
1925,苏新连,
1926,苏新连 康杰,
1927,苏枕书,
1928,苏洁澈,
1929,苏湛,
1930,苏贤贵,
1931,苏静静 等,
1932,苏静静 莫小聪,
1933,苑桂冠,
1934,苑莉均,
1935,苗正民,
1936,范希衡,
1937,范怀俊 费安玲,
1938,范扬 张企泰,
1939,范文豪,
1940,范景中 戚印平,
1941,范路 陈洁 王靖,
1942,范进 柯锦华 等,
1943,范道丰 柏克 曹大鹏 沈愈 杜梦纲,
1944,范雪飞,
1945,范鹏程,
1946,范鹏程译校,
1947,荣震华,
1948,莫伟民,
1949,莫伟民 周轩宇,
1950,莫光华,
1951,萧乾,
1952,萧琛 主,
1953,萧琛 等,
1954,萧琛 翟菲菲 杜月,
1955,葛以德,
1956,葛力,
1957,葛韵 译 李新伟 校,
1958,董修元,
1959,董友 徐荣庆 刘继岳,
1960,董妍 等,
1961,董婵娟,
1962,董子云,
1963,董强,
1964,董必成,
1965,董敏 注释,
1966,董文琪,
1967,董昕 刘文,
1968,董晓萍,
1969,董果良,
1970,董果良 徐仲年 徐基恩 赵鸣远 王敏华,
1971,董燕生,
1972,董皓,
1973,董能,
1974,董薇,
1975,蒋佳,
1976,蒋学孝 崔延强 王子豪,
1977,蒋家瑜,
1978,蒋小莉,
1979,蒋明炜 闫素伟 蔡思雨,
1980,蒋明炜 阎雪梅,
1981,蒋显璟,
1982,蒋童,
1983,蒋育红,
1984,蒋自强 钦北愚 朱钟棣 沈凯璋,
1985,蒋自强 钦北愚 等,
1986,蒋豪,
1987,蒋豪 董月程,
1988,蒋豪 贺一杭,
1989,蒲红梅,
1990,蓝公武,
1991,蓝琪,
1992,蓝胤淇,
1993,蓝胤淇 陈霞,
1994,蔡中兴 杨宇光,
1995,蔡受百,
1996,蔡受百 程伯撝,
1997,蔡婷婷,
1998,蔡慈皙,
1999,蔡慕晖,
2000,蔡明琼,
2001,蔡潇洁,
2002,蔡蓁,
2003,蔡谦 范定九 王祖廉,
2004,蔡运龙 叶超 陈睿山 高江波 陈琼 等,
2005,蔡雅菁,
2006,蔡鸿幹 田常吉,
2007,蔡鸿滨,
2008,薄景山,
2009,薛华,
2010,薛墨,
2011,薛庆国,
2012,薛樵风 成一农,
2013,薛洲堂,
2014,薛蕃康,
2015,薛超 蒋捷,
2016,虞顺祥,
2017,衣莉 兰婧晰,
2018,袁俊生,
2019,袁利宏 李安君 等,
2020,袁剑 程秀金,
2021,袁南宇,
2022,袁坚,
2023,袁家骅 等,
2024,袁治杰,
2025,袁辉,
2026,裘安曼,
2027,裴枫,
2028,裴程,
2029,褚孝睿,
2030,褚平,
2031,褚建芳,
2032,西北大学,
2033,覃俐俐,
2034,覃学岚,
2035,解光云 冯春玲,
2036,解扬,
2037,解清钰,
2038,解玲玲,
2039,解革 刘海琳,
2040,言予馨,
2041,言予馨 付春光,
2042,詹文杰,
2043,詹文杰 译注,
2044,詹芳琼 郑友阶,
2045,詹镇鹏,
2046,许丽丽,
2047,许修棋,
2048,许卢峰,
2049,许多奇 程雪军,
2050,许宗华 陈琳,
2051,许宝骙,
2052,许崇清,
2053,许明龙,
2054,许明龙 编,
2055,许明龙 马胜利,
2056,许晨曦 安文玲,
2057,许景行,
2058,许梦鸽,
2059,许海燕,
2060,许渊冲,
2061,许珂,
2062,许良英 李宝恒 赵中立 范岱年,
2063,许良英 李宝恒 赵中立 范岱年 编,
2064,许良英 赵中立 张宣三 编,
2065,许良英 赵中立 范岱年 编,
2066,许辉辉,
2067,许钧,
2068,译,
2069,译 《蔡元培全集》编委会,
2070,译 丁大刚 潘琳,
2071,译 任东升,
2072,译 刘云虹,
2073,译 宋炳辉,
2074,译 张建青,
2075,译 张德让,
2076,译 张斌贤 审校,
2077,译 张斌贤 张弛 审校,
2078,译 张斌贤审校,
2079,译 张旭,
2080,译 张法连 审定,
2081,译 李志明,
2082,译 李杨桦 绘图,
2083,译 杨武能,
2084,译 汪榕培 审,
2085,译 王友贵,
2086,译 蔡春华,
2087,译 许钧,
2088,译 谷启楠 审,
2089,译 赵富鑫 校,
2090,译 郜元宝,
2091,译 陈福康,
2092,译 马香雪 转,
2093,译 黄建华,
2094,译.,
2095,译. --,
2096,译:李洪峰,
2097,译丹,
2098,译写规范》课题组,
2099,译写规范部际联席会议专家委员会秘书处 组,
2100,译名室,
2101,译字,
2102,译心,
2103,译所,
2104,译所 编纂,
2105,译晗,
2106,译本编辑,
2107,译校,
2108,译注,
2109,译注 丁大刚 潘琳,
2110,译注 方建勋 导读,
2111,译注 潘琳 丁大刚,
2112,译注解读 温海明 寇哲明 英,
2113,译组,
2114,译解,
2115,译释,
2116,译／,
2117,译：杨榕,
2118,诺曼·坎普·史密斯 英译 蓝公武,
2119,谈敏,
2120,谢世坚,
2121,谢利民,
2122,谢地坤,
2123,谢地坤 程志民,
2124,谢娟 译 史耐德 校,
2125,谢康 乌家培,
2126,谢彦君 孙佼佼 郭英,
2127,谢德风,
2128,谢志超,
2129,谢戊申 邱公南 等,
2130,谢戊申 邱公南 郑福熙 汪家荣,
2131,谢晓健,
2132,谢梦,
2133,谨斋,
2134,谭仁侠,
2135,谭君久 刘惠荣,
2136,谭安奎,
2137,谭袁,
2138,谷宏伟 卢欣,
2139,谷裕,
2140,谷裕 译注,
2141,费安玲,
2142,费安玲 罗冠男,
2143,费方域,
2144,费方域 金菊平,
2145,贺绍甲,
2146,贺莺 李朝渊,
2147,贺麟,
2148,贺麟 王太庆 等,
2149,贺麟 王玖兴,
2150,贾可春,
2151,贾婉婷,
2152,贾宗谊 张开,
2153,贾懿,
2154,贾文娟,
2155,贾江鸿,
2156,贾珍妮,
2157,贾红雨,
2158,贾辉丰,
2159,贾雪姣,
2160,赏勋 等,
2161,赖伟雄,
2162,赖国栋,
2163,赖路明,
2164,赵一单,
2165,赵世开,
2166,赵世玲 赵世瑜,
2167,赵丙祥,
2168,赵丰 等,
2169,赵佳伊,
2170,赵俊欣 吴模信 徐知勉 汪文漪,
2171,赵元任,
2172,赵元任 罗常培 李方桂,
2173,赵军利,
2174,赵千帆,
2175,赵南海,
2176,赵卫国,
2177,赵坚,
2178,赵天一,
2179,赵娟,
2180,赵媛媛,
2181,赵子龙,
2182,赵宇哲,
2183,赵守辉 钱立锋,
2184,赵彩凤,
2185,赵德义 徐鲁亚,
2186,赵德明,
2187,赵振江,
2188,赵振江 蔡潇洁,
2189,赵敏 冯骐,
2190,赵文书,
2191,赵晓颖,
2192,赵晨,
2193,赵朝永,
2194,赵武平,
2195,赵海涛 江韵 罗濛濛 曹杉,
2196,赵炎,
2197,赵猛,
2198,赵玉燕,
2199,赵玉燕 欧阳敏 徐洪峰,
2200,赵玥,
2201,赵继政,
2202,赵继铨 李真,
2203,赵维良 桂力生 王湧泉,
2204,赵美园,
2205,赵翠莲 陈满生 马兰梅,
2206,赵良峰,
2207,赵芃,
2208,赵芃 田海龙,
2209,赵英男,
2210,赵荣潜 桑炳彦 朱泱 胡企林,
2211,赵蓉恒,
2212,赵蓉恒 章国锋 徐纪贵 李文俊 叶廷芳 等,
2213,赵迎春,
2214,赵锦苑 高雅,
2215,赵长才 遇笑容 祖生利,
2216,赵阳,
2217,赵雪倩,
2218,赵雪纲 顾佳羽 等,
2219,赵飒,
2220,赵飞,
2221,路卫军,
2222,路燕萍 编,
2223,还克加,
2224,远明,
2225,连晗生,
2226,迟颖 周梅,
2227,邓宁立,
2228,邓懿 周一良,
2229,邓文华,
2230,邓方,
2231,邓正来,
2232,邓皓琛,
2233,邓磊,
2234,邓红梅,
2235,邓芸,
2236,邢克超,
2237,邢宇宙,
2238,邢春丽 夏历,
2239,邢莉 傅丽莉 常宁生,
2240,邢长江,
2241,邢麟舟 赵宇飞,
2242,邬巧飞,
2243,邬蕾,
2244,邱岭 吴芳玲,
2245,邱帅萍,
2246,邱懋如,
2247,邱文元,
2248,邱昭继,
2249,邱海婴,
2250,邱立波,
2251,邱雨新,
2252,邵军航,
2253,邵学成 谢倩雪,
2254,邵宏,
2255,邵宏 等,
2256,邵巍 编,
2257,邵艳平,
2258,邵莹婷,
2259,邵迎生,
2260,邵逸,
2261,邸小霞,
2262,邹国勇,
2263,邹庭云,
2264,邹晖,
2265,郑佳,
2266,郑克鲁,
2267,郑冰寒 董关鹏 刘力玮,
2268,郑国洪 郑一玮 何秋霓 肖忠意,
2269,郑天喆,
2270,郑戈,
2271,郑振铎,
2272,郑明萱 陈瑛,
2273,郑永慧,
2274,郑永流,
2275,郑海凌,
2276,郑琪,
2277,郑若曦 李菲,
2278,郑莉,
2279,郑诗亮,
2280,郑辟瑞,
2281,郑阳 译 宋立宏 校,
2282,郝亿春,
2283,郝名玮,
2284,郝平 张笑一,
2285,郝明义 朱衣,
2286,郝素玲等,
2287,郭丹彤,
2288,郭为,
2289,郭南,
2290,郭可,
2291,郭可 傅楚楚,
2292,郭可心 译 刘玮 校,
2293,郭嘉 胡蓉 阿错,
2294,郭国良 徐建华,
2295,郭大力 王亚南,
2296,郭奕勤,
2297,郭子林,
2298,郭子龙,
2299,郭守田 等,
2300,郭宏安,
2301,郭家申,
2302,郭家麟,
2303,郭家麟 郑孝齐,
2304,郭小凌 郭子林,
2305,郭尔雅,
2306,郭庆全,
2307,郭建安,
2308,郭忠华,
2309,郭成 孙周兴,
2310,郭斌和 张竹明,
2311,郭斌和 等,
2312,郭晔,
2313,郭琳,
2314,郭英剑,
2315,郭连成,
2316,郭逸豪,
2317,郭逸豪 王泽荣 蒋毅 等,
2318,郭龙生,
2319,重武,
2320,金俊淑 郑鲜日,
2321,金凤君 王姣娥 等,
2322,金勇,
2323,金忠杰,
2324,金恒镳,
2325,金昕 王占仁,
2326,金晶,
2327,金泰峰,
2328,金海军,
2329,金海军 史兆欢 寇海侠,
2330,金海民,
2331,金琮轩,
2332,金经元,
2333,钟世文,
2334,钟娜,
2335,钟汉川,
2336,钟淦恩,
2337,钦文,
2338,钱一栋,
2339,钱杰,
2340,钱雪松,
2341,闫姗,
2342,闫怡恂 马雪静 历娜,
2343,闫怡恂 马雪静 王欢,
2344,闫素伟,
2345,闫肃伟,
2346,闵锐武 孙亚楠,
2347,闵雪飞,
2348,闻中,
2349,闻中 江小敏,
2350,阎嘉,
2351,阎嘉 毛娟 等,
2352,阎小妹,
2353,阎新蕾,
2354,阎素伟,
2355,阮汨君,
2356,阿黛,
2357,陆世澄 王昭仁,
2358,陆伊骊 等,
2359,陆卓元,
2360,陆平舟,
2361,陆春华 余忠稳,
2362,陆晚霞,
2363,陆月洪,
2364,陆求实,
2365,陆紫莹,
2366,陆艳艳,
2367,陈万煦,
2368,陈东威,
2369,陈中梅 译注,
2370,陈丹丹,
2371,陈丹阳 张佳静,
2372,陈云松 白中林 等,
2373,陈代云,
2374,陈伟功,
2375,陈俊霖 译注,
2376,陈修斋,
2377,陈修斋 曹棉之,
2378,陈修斋 译 段德智 修订,
2379,陈元飞,
2380,陈光金 沈杰,
2381,陈冬野 周锦如,
2382,陈冬野 马清槐,
2383,陈冬野 马清槐 周锦如,
2384,陈凤姣,
2385,陈刚,
2386,陈前瑞 等,
2387,陈力卫,
2388,陈博,
2389,陈卫卫,
2390,陈叔平,
2391,陈叔平 端木美,
2392,陈启伟,
2393,陈嘉映,
2394,陈嘉映 王庆节,
2395,陈嘉映 王庆节 译 熊伟校 陈嘉映 修订,
2396,陈国华,
2397,陈国庆,
2398,陈国樑,
2399,陈圣生,
2400,陈大维 黎思复 黎廷弼,
2401,陈天慈,
2402,陈太先,
2403,陈太先 眭茂,
2404,陈太先 马世元,
2405,陈宁,
2406,陈宁 何家炜,
2407,陈宇飞 吴倩,
2408,陈小文 孙周兴,
2409,陈尚霖,
2410,陈尚霖 王春育,
2411,陈尚霖 雷达,
2412,陈尧,
2413,陈巍 王宏健,
2414,陈常燊 孙逸凡,
2415,陈平,
2416,陈广辉,
2417,陈庆勋,
2418,陈康 译注,
2419,陈彪如,
2420,陈德中,
2421,陈德文,
2422,陈志华,
2423,陈志英 许定宝 樊淑敏 盛琳 肖忠意,
2424,陈思伟,
2425,陈恒,
2426,陈恒 洪庆明 屈伯文,
2427,陈敬思,
2428,陈文,
2429,陈文海 译注,
2430,陈新仁,
2431,陈昆仑 刘小琼 王旭,
2432,陈明瑶 程甜,
2433,陈明衡,
2434,陈春文,
2435,陈晓希,
2436,陈晓律 宋涛 等,
2437,陈晓曦 王欣欣 李奕斐 陈婕 马乐惠,
2438,陈晓琳,
2439,陈晨,
2440,陈曦,
2441,陈朕疆,
2442,陈杰,
2443,陈杰 刘晓力,
2444,陈林林,
2445,陈栋,
2446,陈森 张锦霞,
2447,陈正国,
2448,陈步,
2449,陈永国,
2450,陈永国 顾明栋,
2451,陈永生,
2452,陈江挺,
2453,陈江进 曾小倩 李秉格,
2454,陈波,
2455,陈浩,
2456,陈浩宇,
2457,陈浩莺,
2458,陈满华,
2459,陈爱娥,
2460,陈玮,
2461,陈琪,
2462,陈瑞铭,
2463,陈瑶,
2464,陈瑾羲 编,
2465,陈生梅,
2466,陈知纲,
2467,陈祉妍 沈东郁,
2468,陈祉妍 黄峥 沈东郁,
2469,陈福生 陈振骅,
2470,陈秀山,
2471,陈立,
2472,陈端,
2473,陈红 郑昭梅,
2474,陈维振 周清民,
2475,陈维杭,
2476,陈良璧,
2477,陈茗钰,
2478,陈莹,
2479,陈莹雪,
2480,陈莺 蔡涛,
2481,陈虹 刘吉颖 陈冉,
2482,陈虹燕,
2483,陈观烈 秦亚男,
2484,陈贤凯,
2485,陈越,
2486,陈路,
2487,陈钢华 翁时秀 梁增贤,
2488,陈阳 侯畅,
2489,陈雅云,
2490,陈颂,
2491,陈龙,
2492,陶红梅,
2493,隆云滔,
2494,雍寅,
2495,雷勇,
2496,雷宾南,
2497,雷磊,
2498,雷磊 姚远,
2499,雷磊 张翅翔 编,
2500,雷磊 等,
2501,雷磊 编,
2502,霍华德·雷斯尼克英文译注,
2503,霍斐,
2504,青山,
2505,靳园元,
2506,靳希平,
2507,鞠成伟,
2508,鞠熙,
2509,韦卓民,
2510,韦洪发,
2511,韦洪发 马华灵 顾霄容,
2512,韩光明等,
2513,韩华,
2514,韩华 张玉洁,
2515,韩子仲,
2516,韩宁 金箍儿,
2517,韩志斌 等,
2518,韩明月,
2519,韩晗,
2520,韩林合,
2521,韩林合 编,
2522,韩水法,
2523,韩水法 莫茜,
2524,韩潮 等,
2525,韩琦 等,
2526,韩瑞祥,
2527,顾嘉琛,
2528,顾寿观,
2529,顾寿观 贺麟,
2530,顾明华,
2531,顾朝林 李志刚 梁思思 顾江 高喆 苏鹤放 陈乐琳,
2532,顾朝林 等,
2533,顾杭 等,
2534,顾真,
2535,顾良,
2536,顾良 冯文光,
2537,顾良 孟湄 张慧君,
2538,顾良 张泽乾,
2539,顾良 施康强,
2540,颜巧容 陈胤合,
2541,颜海英 刘璠,
2542,风笑天 等,
2543,饶从满 等,
2544,马伟,
2545,马元德,
2546,马勇 编,
2547,马博森,
2548,马小虎 王宏健 等,
2549,马左书,
2550,马斌,
2551,马晨,
2552,马朝红,
2553,马楠,
2554,马永波 杨于军 选,
2555,马浩岚,
2556,马浩岚 等,
2557,马清槐,
2558,马清槐 吴忆萱 黄惟新,
2559,马爱农,
2560,马瑞芳 评注,
2561,马百亮,
2562,马秋武,
2563,马秋武 李继宏,
2564,马秋武 王平,
2565,马秋武 等,
2566,马秋武 翟红华,
2567,马腾,
2568,马莎莎,
2569,马萧 李丹丽,
2570,马越,
2571,马跃,
2572,马采,
2573,马雍 傅正元,
2574,马雍 厉以宁,
2575,马香雪 王阁森,
2576,马驰,
2577,马骧,
2578,马骧聪 任允正 韩延龙,
2579,骆美化,
2580,骆长捷,
2581,高一虹 等,
2582,高丙中 吴晓黎 李霞 等,
2583,高丙中 康敏,
2584,高丙中 王晓燕 欧阳敏 王玉珏,
2585,高中甫,
2586,高中甫 潘子立,
2587,高仰光,
2588,高伟,
2589,高兴,
2590,高兵 邓锋 程萍,
2591,高冀,
2592,高华军,
2593,高名凯,
2594,高师坤 范文臻,
2595,高年生,
2596,高年生 华明 等,
2597,高年生 高荣生,
2598,高建平,
2599,高志媛 蔡敬贤,
2600,高慧勤,
2601,高慧勤 罗嘉,
2602,高新民 徐梦蓓,
2603,高晓津,
2604,高松,
2605,高永伟 刘浩贤,
2606,高泳源 刘立华 蔡运龙,
2607,高渝 邹贵虎,
2608,高砚平,
2609,高祖贵,
2610,高觉敷,
2611,高语含,
2612,高隽,
2613,高雪莲,
2614,高鸿业,
2615,高鸿钧 等,
2616,高鸿钧 袁开宇 鲁楠 等,
2617,魏凤莲,
2618,魏华,
2619,魏庆征,
2620,魏怡,
2621,魏柯玲,
2622,魏立军 杨晓明,
2623,魏跃衡,
2624,鲁仁,
2625,鲁旭东,
2626,鲁旭东 康立传,
2627,鲁旭东 林聚任,
2628,鲁旭东 赵培杰,
2629,鲍静静,
2630,鹿士义 蒋思艺 主,
2631,麦客,
2632,麻国庆 张辉黎,
2633,黄亚平,
2634,黄作,
2635,黄其祥 纪坚博,
2636,黄剑波 柳博赟 卢忱,
2637,黄卉,
2638,黄启祥,
2639,黄嘉德 包玉珂,
2640,黄宗汉,
2641,黄宜思 黄雨石,
2642,黄宝生,
2643,黄屏,
2644,黄峥 张怡玲 沈东郁,
2645,黄希庭 等,
2646,黄建华,
2647,黄建华 姜亚洲,
2648,黄彦杰,
2649,黄必康,
2650,黄敏,
2651,黄新华 陈天慈,
2652,黄旺,
2653,黄春丽,
2654,黄杲炘,
2655,黄毓婷,
2656,黄洋,
2657,黄涛,
2658,黄燎宇,
2659,黄琪,
2660,黄瑞成,
2661,黄瑶,
2662,黄福武,
2663,黄福武 王丽丽,
2664,黄素封,
2665,黄翔,
2666,黄育馥,
2667,黄艳红,
2668,黄芳田,
2669,黄范章,
2670,黄茜,
2671,黄蓓,
2672,黄蕾 林立强,
2673,黄觉,
2674,黄远帆,
2675,黄钰洲,
2676,黄雨石,
2677,黄风,
2678,黎娟 许天问,
2679,黎思复 等,
2680,黎思复 黎廷弼,
2681,黎思复 黎廷弼 译 杨昌裕 校,
2682,黎樵,
2683,齐思和 等,
2684,龙秀清,
2685,龙迪,
2686,龚世琳,
2687,龚之允,
2688,龚卓军 高志仁 梁永安,
2689,龚双萍,
2690,龚奎洪,
2691,龚群,
2692,龚重林,
2693,龚钺,
